NUVA,label,comment,abstract,instanceOf
VAC0000,#Orphelins,Vaccin abstrait pour les vaccins orphelins,True,
VAC0001,ACT-HIB,Vaccin conjugué anti-Hemophilus influenzae de type b composé du PRP (polyribosylribitol phosphate) conjugué à l'anatoxine tétanique,False,VAC0345
VAC0002,AGRIPPAL,"Vaccin contre la grippe saisonnière inactivé trivalent, cultivé sur oeuf, à antigène de surface",False,VAC0925
VAC0003,AVAXIM 160 U,"Vaccin entier inactivé contre l'hépatite A, dose adulte",False,VAC0910
VAC0004,D.T. POLIO MERIEUX,"Vaccin pédiatrique diphtérique (anatoxine, dose standard), tétanique (anatoxine) et poliomyélitique (entier inactivé, trivalent)",False,VAC0088
VAC0005,DUKORAL,"Vaccin cholérique, par voie orale, contenant la sous-unité B de la toxine cholérique recombinante (rTCB) et des bactéries inactivées ayant un rôle adjuvant",False,VAC1213
VAC0006,FLUVIRINE,"Vaccin contre la grippe saisonnière inactivé trivalent, cultivé sur oeuf, à antigène de surface",False,VAC0925
VAC0007,GARDASIL,"Vaccin contre les papillomavirus humains à base de VLP (Virus Like Particles ou pseudo particules virales), quadrivalent (types 6, 11, 16 et 18), recombinant, adsorbé",False,VAC0859
VAC0008,GRIPGUARD,"Vaccin contre la grippe saisonnière inactivé trivalent, cultivé sur oeuf, à antigène de surface, avec adjuvant",False,VAC0925
VAC0009,HBVAXPRO 10 µg,"Vaccin recombinant contre l'hépatite B, dose adulte",False,VAC0914
VAC0010,HBVAXPRO 40 µg,"Vaccin recombinant contre l'hépatite B, dose pour patient dialysé",False,VAC0916
VAC0011,HBVAXPRO 5 µg,"Vaccin recombinant contre l'hépatite B, dose pédiatrique",False,VAC1227
VAC0012,IMMUGRIP,"Vaccin contre la grippe saisonnière inactivé trivalent, à virion fragmenté",False,VAC0925
VAC0013,IMOVAX POLIO,"Vaccin poliomyélitique (entier inactivé, trivalent)",False,VAC0270
VAC0014,INFANRIX HEXA,"Vaccin pédiatrique diphtérique (anatoxine, dose standard), tétanique (anatoxine), coquelucheux (acellulaire multicomposé, dose standard, 3 composants), anti-Haemophilus influenzae type b (conjugué à l'anatoxine tétanique), poliomyélitique (entier inactivé, trivalent) et de l’hépatite B (recombinant), adsorbé",False,VAC1121
VAC0015,INFANRIXQUINTA,"Vaccin pédiatrique diphtérique (anatoxine, dose standard), tétanique (anatoxine), coquelucheux (acellulaire multicomposé, dose standard, 3 composants), anti-Haemophilus influenzae type b (conjugué à l'anatoxine tétanique) et poliomyélitique (entier inactivé, trivalent), adsorbé",False,VAC1115
VAC0016,"INFLUVAC 0,5 mL","Vaccin contre la grippe saisonnière inactivé trivalent, à antigène de surface",False,VAC0925
VAC0017,M-M-RVAXPRO,"Vaccin vivant atténué contre la rougeole, les oreillons et la rubéole",False,VAC0130
VAC0018,MENCEVAX,"Vaccin polyosidique non conjugué contre les méningocoques des sérogroupes A, C, W et Y",False,VAC0152
VAC0019,MENINGITEC,Vaccin méningococcique polyosidique conjugué contre le sérogroupe C,False,VAC1211
VAC0020,MENJUGATEKIT 10 µg,Vaccin méningococcique polyosidique conjugué contre le sérogroupe C,False,VAC1211
VAC0021,MUTAGRIP,"Vaccin contre la grippe saisonnière inactivé trivalent, à virion fragmenté",False,VAC0925
VAC0022,NEISVAC,Vaccin méningococcique polyosidique conjugué à l'anatoxine tétanique contre le sérogroupe C,False,VAC1184
VAC0023,PENTAVAC,"Vaccin pédiatrique diphtérique (anatoxine, dose standard), tétanique (anatoxine), coquelucheux (acellulaire multicomposé, dose standard, 5 composants), anti-Haemophilus influenzae type b (conjugué à l'anatoxine tétanique) et poliomyélitique (entier inactivé, trivalent), adsorbé",False,VAC1115
VAC0024,PNEUMO 23,"Vaccin pneumococcique polyosidique non conjugué, 23-valent, sérotypes 1, 2, 3, 4, 5, 6B, 7F, 8, 9N, 9V, 10A, 11A, 12F, 14, 15B, 17F, 18C, 19A, 19F, 20, 22F, 23F et 33F",False,VAC0339
VAC0025,PREVENAR,"Vaccin pneumococcique polyosidique conjugué, 7-valent, adsorbé, sérotypes 4, 6B, 9V, 14, 18C, 19F et 23F",False,VAC0324
VAC0026,PREVIGRIP,"Vaccin contre la grippe saisonnière inactivé trivalent, à antigène de surface",False,VAC0925
VAC0027,R.O.R. VAX,"Vaccin vivant atténué contre la rougeole, les oreillons et la rubéole",False,VAC0130
VAC0028,RABIPUR,"Vaccin rabique entier inactivé, cultivé sur cellules d’embryon de poulet (PCEC), inactivation par la ß-propiolactone",False,VAC0942
VAC0029,REPEVAX,"Vaccin diphtérique (anatoxine, dose réduite), tétanique (anatoxine), coquelucheux (acellulaire multicomposé, 5 composants, dose réduite) et poliomyélitique (entier inactivé, trivalent), adsorbé",False,VAC0585
VAC0030,REVAXIS,"Vaccin diphtérique (anatoxine, dose réduite), tétanique (anatoxine) et  poliomyélitique (entier inactivé, trivalent), adsorbé",False,VAC0549
VAC0031,ROTATEQ,"Vaccin vivant atténué pentavalent contre les rotavirus, par voie orale",False,VAC0828
VAC0032,ROUVAX,Vaccin vivant atténué contre la rougeole,False,VAC0114
VAC0033,RUDIVAX,Vaccin vivant atténué contre la rubéole,False,VAC0113
VAC0034,SPIROLEPT,Vaccin entier inactivé contre la leptospirose,False,VAC0148
VAC0035,STAMARIL,Vaccin vivant atténué contre la fièvre jaune,False,VAC0111
VAC0036,TETAGRIP,"Vaccin contre la grippe saisonnière inactivé trivalent, à virion fragmenté et tétanique (anatoxine)",False,VAC1130
VAC0037,TETRAVAC-ACELLULAIRE,"Vaccin pédiatrique diphtérique (anatoxine, dose standard), tétanique (anatoxine), coquelucheux (acellulaire multicomposé, dose standard) et poliomyélitique (entier inactivé, trivalent)",False,VAC0551
VAC0038,"TICOVAC 0,5 mL","Vaccin entier inactivé contre l'encéphalite à tiques, souche Neudörfl, dose adulte",False,VAC1038
VAC0039,"TICOVAC 0,25 mL","Vaccin entier inactivé contre l'encéphalite à tiques, souche Neudörfl, dose pédiatrique",False,VAC1037
VAC0040,TYAVAX,"Vaccin typhoïdique (non conjugué, antigène polyosidique Vi purifié) combiné au vaccin contre l'hépatite A (entier inactivé, adsorbé)",False,VAC1114
VAC0041,TYPHIM VI,Vaccin typhoïdique polyosidique non conjugué (antigène capsulaire Vi),False,VAC0713
VAC0042,VACCIN BCG SSI,Vaccin contre la tuberculose (vivant atténué),False,VAC0134
VAC0043,BOOSTRIXTETRA,"Vaccin diphtérique (anatoxine, dose réduite), tétanique (anatoxine), coquelucheux (acellulaire multicomposé, 5 composants, dose réduite) et poliomyélitique (entier inactivé, trivalent), adsorbé",False,VAC0585
VAC0044,CERVARIX,"Vaccin contre les papillomavirus humains à base de VLP (Virus Like Particles ou pseudo particules virales), bivalent (types 16 et 18), recombinant, adsorbé",False,VAC0858
VAC0045,ENGERIX B 10 µg,"Vaccin recombinant contre l'hépatite B, dose pédiatrique",False,VAC0914
VAC0046,ENGERIX B 20 µg,"Vaccin recombinant contre l'hépatite B, dose adulte",False,VAC0915
VAC0047,FLUARIX,"Vaccin contre la grippe saisonnière inactivé trivalent, à virion fragmenté",False,VAC0925
VAC0048,GENHEVAC B PASTEUR,"Vaccin recombinant contre l'hépatite B, 20 µg d'antigène HBs, dose pédiatrique et adulte",False,VAC0915
VAC0049,HAVRIX 1440 U/1mL,"Vaccin entier inactivé contre l'hépatite A, dose adulte",False,VAC0910
VAC0050,"HAVRIX 720 U/0,5 mL","Vaccin entier inactivé contre l'hépatite A, dose pédiatrique",False,VAC0911
VAC0051,INFANRIXTETRA,"Vaccin pédiatrique diphtérique (anatoxine, dose standard), tétanique (anatoxine), coquelucheux (acellulaire multicomposé, dose standard) et poliomyélitique (entier inactivé, trivalent)",False,VAC0551
VAC0052,VACCIN MENINGOCOCCIQUE A+C,Vaccin polyosidique non conjugué contre les méningocoques des sérogroupes A et C,False,VAC0151
VAC0053,PRIORIX,"Vaccin vivant atténué contre la rougeole, les oreillons et la rubéole",False,VAC0130
VAC0054,VACCIN RABIQUE PASTEUR,"Vaccin rabique entier inactivé, souche WISTAR Rabies PM/WI38 1503-3M, cultivé sur cellules Vero, inactivé par la bêta-propiolactone",False,VAC1116
VAC0056,VACCIN TETANIQUE PASTEUR,Vaccin tétanique (anatoxine),False,VAC0132
VAC0057,TWINRIX 20 µg,"Vaccin combiné contre les hépatites A et B, dose adulte",False,VAC0654
VAC0058,TWINRIX 10 µg,"Vaccin combiné contre les hépatites A et B, dose pédiatrique",False,VAC0653
VAC0059,TYPHERIX,Vaccin typhoïdique polyosidique non conjugué (antigène capsulaire Vi),False,VAC0713
VAC0060,VARILRIX,Vaccin vivant atténué contre la varicelle,False,VAC0159
VAC0061,VARIVAX,Vaccin vivant atténué contre la varicelle,False,VAC0159
VAC0062,VAXIGRIP,"Vaccin contre la grippe saisonnière inactivé trivalent, à virion fragmenté",False,VAC0925
VAC0063,TETRACOQ,"Vaccin pédiatrique diphtérique (anatoxine, dose standard), tétanique (anatoxine), coquelucheux (entier inactivé) et poliomyélitique (entier inactivé, trivalent)",False,VAC1151
VAC0064,PENTACOQ,"Vaccin pédiatrique diphtérique (anatoxine, dose standard), tétanique (anatoxine), coquelucheux (entier inactivé), anti-Haemophilus influenzae type b (conjugué à l'anatoxine tétanique) et poliomyélitique (entier inactivé, trivalent), adsorbé",False,VAC1126
VAC0066,DTCP PASTEUR,"Vaccin pédiatrique diphtérique (anatoxine, dose standard), tétanique (anatoxine), coquelucheux (acellulaire multicomposé, dose standard) et poliomyélitique (entier inactivé, trivalent)",False,VAC0551
VAC0067,HAVRIX 360 U,"Vaccin entier inactivé contre l'hépatite A, dose pédiatrique",False,VAC0911
VAC0068,MONOVAX,Vaccin contre la tuberculose (vivant atténué),False,VAC0134
VAC0069,MENOMUNE,"Vaccin polyosidique non conjugué contre les méningocoques des sérogroupes A, C, W et Y",False,VAC0152
VAC0070,DT BIS,"Vaccin pédiatrique diphtérique (anatoxine, dose standard) et tétanique (anatoxine)",False,VAC0137
VAC0071,D.T. BIS - RUDIVAX,"Vaccin pédiatrique diphtérique (anatoxine, dose standard), tétanique (anatoxine) et contre la rubéole (vivant atténué)",False,VAC1221
VAC0072,JE-VAX,"Vaccin entier inactivé contre l'encéphalite japonaise, préparé sur tissu cérébral murin, souche Nakayama, voie injectable 
Autres noms : JEVAX, BIKEN",False,VAC1196
VAC0073,IXIARO,"Vaccin entier inactivé contre l'encéphalite japonaise, préparé sur cellules Vero, adsorbé",False,VAC1111
VAC0074,D.T. COQ MERIEUX,"Vaccin pédiatrique diphtérique (anatoxine, dose standard), tétanique (anatoxine) et coquelucheux (entier inactivé)",False,VAC0136
VAC0076,DTVax,"Vaccin pédiatrique diphtérique (anatoxine, dose standard) et tétanique (anatoxine)",False,VAC0137
VAC0077,IMOVAX Mumps,Vaccin vivant atténué contre les oreillons,False,VAC0153
VAC0078,RUDI-ROUVAX,Vaccin vivant atténué contre la rougeole et la rubéole,False,VAC0550
VAC0079,ENCEPUR,"Tick-borne encephalitis vaccine, whole-virus inactivated, K23 strain",False,VAC1533
VAC0080,BCG PASTEUR,Vaccin contre la tuberculose (vivant atténué),False,VAC0134
VAC0082,MenBvac,"Vaccin contre les méningocoques du sérogroupe B (à protéines de vésicules de membrane externe B:14:P1.7,16)",False,VAC0149
VAC0083,SYNFLORIX,"Vaccin pneumococcique polyosidique conjugué, 10-valent, séroptypes 1, 4, 5, 6B, 7F, 9V, 14, 18C, 19F et 23F",False,VAC1233
VAC0084,"Vaccin Grippe prépandémique H5N1, sans précision",Vaccin contre la grippe A(H5N1),True,
VAC0085,T POLIO MERIEUX,"Vaccin tétanique (anatoxine) et poliomyélitique (entier inactivé, trivalent)",False,VAC0380
VAC0086,TETAVAX,Vaccin tétanique (anatoxine),False,VAC0132
VAC0087,VAXICOQ,Vaccin coquelucheux (entier inactivé),False,VAC0163
VAC0088,"Vaccin DTP - Diphtérie-Tétanos-Polio, sans précision","Vaccin pédiatrique diphtérique (anatoxine, dose standard), tétanique (anatoxine) et poliomyélitique (entier inactivé, trivalent)",True,
VAC0090,VACCIN BRUCELLIQUE P.I. à usage humain,Vaccin protéique (antigène P.I.) contre la brucellose,False,VAC1203
VAC0091,VACCIN CCB PASTEUR,Association de bactéries inactivées visant à stimuler le système immunitaire. CCB = contre les complications bronchiques. Pas vraiment un vaccin...,False,VAC0157
VAC0092,VACCIN CHOLERIQUE PASTEUR,"Vaccin cholérique entier inactivé, injectable",False,VAC0805
VAC0093,VACCIN DT TAB PASTEUR,"Vaccin pédiatrique diphtérique (anatoxine, dose standard), tétanique (anatoxine), typhoïdique (entier inactivé) et paratyphoïdique A et B (entier inactivé)",False,VAC1225
VAC0094,VACCIN SABIN POLIO ORAL,"Vaccin poliomyélitique (vivant atténué, trivalent) contre les poliovirus 1, 2 et 3, par voie orale",False,VAC0320
VAC0095,VACCIN TAB PASTEUR,"Vaccin typhoïdique et paratyphoïdique A et B, entier inactivé",False,VAC0818
VAC0096,VACCIN GRIPPAL RONCHESE (VGR),"Vaccin contre la grippe saisonnière inactivé trivalent, à virion fragmenté",False,VAC0925
VAC0097,VACCIN LEPTOSPIRES ICTEROHEMORRAGIAE PASTEUR,Vaccin entier inactivé contre la leptospirose,False,VAC0148
VAC0098,HEXAVAC,"Vaccin pédiatrique diphtérique (anatoxine, dose standard), tétanique (anatoxine), coquelucheux (acellulaire multicomposé, dose standard), anti-Haemophilus influenzae type b (conjugué à l'anatoxine tétanique), poliomyélitique (entier inactivé, trivalent) et de l’hépatite B (recombinant), adsorbé",False,VAC1121
VAC0099,MENINVACT,Vaccin méningococcique polyosidique conjugué contre le sérogroupe C,False,VAC1211
VAC0101,"Vaccin Hépatite B, recombinant, sans précision","Vaccin recombinant contre le virus de l'hépatite B, dose non précisée",True,
VAC0102,"Vaccin Hépatite A inactivé, sans précision",Vaccin entier inactivé contre l'hépatite A,True,
VAC0103,MENACTRA,"Vaccin méningococcique polyosidique conjugué quadrivalent contre les sérogroupes A, C, W et Y (conjugué à l'anatoxine diphtérique)",False,VAC1153
VAC0104,HUMENZA,Vaccin contre la grippe pandémique à virus influenza A(H1N1)pdm09 inactivé,False,VAC0147
VAC0105,PANENZA,Vaccin contre la grippe pandémique à virus influenza A(H1N1)pdm09 inactivé,False,VAC0147
VAC0106,Q-Pan H1N1,Vaccin contre la grippe pandémique à virus influenza A(H1N1)pdm09 inactivé,False,VAC0147
VAC0107,CELVAPAN,"Vaccin contre la grippe pandémique à virus influenza A(H1N1)pdm09, à virion entier inactivé",False,VAC0147
VAC0108,PANDEMRIX,Vaccin contre la grippe pandémique à virus influenza A(H1N1)pdm09 inactivé,False,VAC0147
VAC0109,FOCETRIA (unidose),"Vaccin contre la grippe pandémique à virus influenza A(H1N1)pdm09 inactivé, cultivé sur oeuf, à antigènes de surface, avec adjuvant",False,VAC0147
VAC0110,"Vaccin Grippe, sans précision",Vaccin contre la grippe saisonnière,True,
VAC0111,"Vaccin Fièvre jaune, sans précision",Vaccin vivant atténué contre la fièvre jaune,True,
VAC0112,"Vaccin Typhoïde, sans précision","Typhoid vaccine, unspecified",True,
VAC0113,"Vaccin rubéole, vivant atténué, sans précision",Vaccin vivant atténué contre la rubéole,True,
VAC0114,"Vaccin Rougeole, vivant atténué, sans précision",Vaccin vivant atténué contre la rougeole,True,
VAC0115,AVAXIM 80 U,"Vaccin entier inactivé contre l'hépatite A, dose pédiatrique",False,VAC0911
VAC0116,R.O.R SANOFI PASTEUR,"Vaccin vivant atténué contre la rougeole, les oreillons et la rubéole",False,VAC0130
VAC0120,VACCIN VARICELLE MERIEUX,Vaccin vivant atténué contre la varicelle,False,VAC0159
VAC0121,PRIORIX-TETRA,"Vaccin vivant atténué contre la rougeole, la rubéole, les oreillons et la varicelle",False,VAC0827
VAC0123,PREVENAR 13,"Vaccin pneumococcique polyosidique conjugué, 13-valent, adsorbé, sérotypes 1, 3, 4 , 5, 6A, 6B, 7F, 9V, 14, 18C, 19A, 19F et 23F",False,VAC0997
VAC0124,FOCETRIA (multidose),"Vaccin contre la grippe pandémique à virus influenza A(H1N1)pdm09 inactivé, cultivé sur oeuf, à antigène de surface, avec adjuvant",False,VAC0147
VAC0125,AREPANRIX,"Vaccin contre la grippe pandémique à virus influenza A(H1N1)pdm09 inactivé, virion fragmenté",False,VAC0147
VAC0126,HEVAC B,Vaccin plasmatique contre l'hépatite B (premier vaccin français),False,VAC1125
VAC0127,HB VAX DNA 5 µg,"Vaccin recombinant contre l'hépatite B, dose pédiatrique",False,VAC1227
VAC0128,HB VAX DNA 10 µg,"Vaccin recombinant contre l'hépatite B, dosé à 10 microgrammes d'antigène HBs (bien que dosé à 10 µg, ce vaccin est indiqué à partir de l'âge de 16 ans)",False,VAC0914
VAC0129,HB VAX DNA 40 µg,"Vaccin recombinant contre l'hépatite B, dose pour patient dyalisé",False,VAC0916
VAC0130,"Vaccin ROR Rougeole-Oreillons-Rubéole, sans précision","Vaccin vivant atténué contre la rougeole, les oreillons et la rubéole",True,
VAC0131,"Vaccin Rage, sans précision",Vaccin rabique entier inactivé,True,
VAC0132,"Vaccin Tétanos, sans précision",Vaccin tétanique (anatoxine),True,
VAC0133,"Vaccin Variole, sans précision",Vaccin vivant atténué contre la variole,True,
VAC0134,"Vaccin BCG, sans précision",Vaccin contre la tuberculose (vivant atténué),True,
VAC0135,"Vaccin Poliomyélite, sans précision","Vaccin poliomyélitique, vivant ou inactivé (sans précision)",True,
VAC0136,"Vaccin DTCe - Diphtérie-Tétanos-Coqueluche, sans précision","Vaccin pédiatrique diphtérique (anatoxine, dose standard), tétanique (anatoxine) et coquelucheux (entier inactivé)",True,
VAC0137,"Vaccin Diphtérie et Tétanos, sans précision","Vaccin pédiatrique diphtérique (anatoxine, dose standard) et tétanique (anatoxine)",True,
VAC0138,"Vaccin DiphTPCoq - Diphtérie-Tétanos-Coqueluche-Polio, sans précision","Vaccin diphtérique (anatoxine, dose non précisée), tétanique (anatoxine), coquelucheux (acellulaire ou entier inactivé, dose non précisée) et poliomyélitique (entier inactivé, trivalent)",True,
VAC0139,PENT-HIBEST,"Vaccin pédiatrique diphtérique (anatoxine, dose standard), tétanique (anatoxine), coquelucheux (entier inactivé), anti-Haemophilus influenzae type b (conjugué à l'anatoxine tétanique) et poliomyélitique (entier inactivé, trivalent), adsorbé",False,VAC1126
VAC0140,INTANZA,"Vaccin contre la grippe saisonnière inactivé trivalent, à virion fragmenté, par voie intradermique",False,VAC0925
VAC0141,MENVEO,"Vaccin méningococcique polyosidique conjugué quadrivalent contre les sérogroupes A, C, W et Y (conjugué à la protéine CRM 197)",False,VAC1133
VAC0143,"Vaccin Haemophilus influenzae B, sans précision","Vaccin anti-Haemophilus influenzae type b (conjugué, sans précision)",True,
VAC0144,"Vaccin Choléra, sans précision","Cholera vaccine, unspecified",True,
VAC0145,"Vaccin Encéphalite à tiques, sans précision","Vaccin entier inactivé contre l'encéphalite à tiques, souche non précisée",True,
VAC0146,"Vaccin Encéphalite Japonaise vivant atténué 14-14-2, sans précision","Vaccin vivant atténué contre l'encéphalite japonaise, souche 14-14-2",True,
VAC0147,"Vaccin Grippe A(H1N1)2009, sans précision",Vaccin contre la grippe pandémique à virus influenza A(H1N1)pdm09 inactivé,True,
VAC0148,"Vaccin Leptospirose, sans précision",Vaccin entier inactivé contre la leptospirose,True,
VAC0149,"Vaccin Méningocoque B:14:P1.7,16, sans précision","Vaccin contre les méningocoques du sérogroupe B (à protéines de vésicules de membrane externe B:14:P1.7,16)",True,
VAC0150,"Vaccin Méningocoque C conjugué, sans précision",Vaccin polyosidique conjugué contre les méningocoques du sérogroupe C,True,
VAC0151,"Vaccin Méningocoques A + C, sans précision",Vaccin polyosidique non conjugué contre les méningocoques des sérogroupes A et C,True,
VAC0152,"Vaccin Méningocoques ACWY non conjugué, sans précision","Vaccin polyosidique non conjugué contre les méningocoques des sérogroupes A, C, W et Y",True,
VAC0153,"Vaccin Oreillons, sans précision",Vaccin vivant atténué contre les oreillons,True,
VAC0154,"Vaccin Paludisme, sans précision",Vaccin contre le paludisme (utilisé dans des essais cliniques),True,
VAC0155,"Vaccin Dengue, sans précision","Dengue vaccine, unspecified",True,
VAC0156,"Vaccin HPV, sans précision",Vaccin contre les papillomavirus humains,True,
VAC0157,"Vaccin Pneumocoque, sans précision","Vaccin pneumococcique, polyoside conjugué ou non, nombre de sérotypes non précisé",True,
VAC0158,"Vaccin Rotavirus, sans précision",Vaccin contre les rotavirus,True,
VAC0159,"Vaccin Varicelle, sans précision",Vaccin vivant atténué contre la varicelle,True,
VAC0160,"Vaccin Zona vivant atténué, sans précision",Vaccin vivant atténué contre le zona,True,
VAC0161,ZOSTAVAX,Vaccin vivant atténué contre le zona,False,VAC0160
VAC0162,"Vaccin Brucellose, sans précision","Brucellosis vaccine, unspecified",True,
VAC0163,"Vaccin Coqueluche entier inactivé, sans précision",Vaccin coquelucheux (entier inactivé),True,
VAC0164,INTANZA 9 µg,"Vaccin contre la grippe saisonnière inactivé trivalent, à virion fragmenté",False,VAC0925
VAC0165,"VAQTA 25 U/0,5 mL","Vaccin entier inactivé contre l'hépatite A, dose pédiatrique",False,VAC0911
VAC0166,VAQTA 50 U,"Vaccin entier inactivé contre l'hépatite A, dose adulte",False,VAC0910
VAC0168,AMBIRIX,"Vaccin combiné contre les hépatites A et B, dose pédiatrique",False,VAC1226
VAC0169,OPTAFLU,"Vaccin contre la grippe saisonnière inactivé trivalent, à antigène de surface, préparé sur culture cellulaire",False,VAC0925
VAC0170,AFLUNOV,"Vaccin contre la grippe A(H5N1) (antigène de surface, inactivé, avec adjuvant)",False,VAC0084
VAC0171,PREPANDEMIC INFLUENZA VACCINE (H5N1) NOVARTIS,Vaccin contre la grippe A(H5N1),False,VAC0084
VAC0172,DIFTAVAX,"Vaccin pédiatrique diphtérique (anatoxine, dose standard) et tétanique (anatoxine)",False,VAC0137
VAC0173,FLUENZ,"Vaccin contre la grippe saisonnière trivalent, vivant atténué, par voie nasale",False,VAC1123
VAC0174,PROQUAD,"Vaccin vivant atténué contre la rougeole, la rubéole, les oreillons et la varicelle",False,VAC0827
VAC0175,A.D.T. BOOSTER,"Vaccin diphtérique (anatoxine, dose réduite) et tétanique (anatoxine) (utilisé pour les rappels vaccinaux)",False,VAC0920
VAC0176,A.K.D.S.,"Vaccin pédiatrique diphtérique (anatoxine, dose standard), tétanique (anatoxine) et coquelucheux (entier inactivé)",False,VAC0136
VAC0177,AC VAX,Vaccin polyosidique non conjugué contre les méningocoques des sérogroupes A et C,False,VAC0151
VAC0178,ACEL-IMUNE,"Vaccin pédiatrique diphtérique (anatoxine, dose standard), tétanique (anatoxine) et coquelucheux (acellulaire multicomposé, dose standard)",False,VAC0602
VAC0179,ACELLULAR D.P.T. KOVAX,"Vaccin pédiatrique diphtérique (anatoxine, dose standard), tétanique (anatoxine) et poliomyélitique (entier inactivé, trivalent)",False,VAC0088
VAC0180,ACTACEL,"Vaccin pédiatrique diphtérique (anatoxine, dose standard), tétanique (anatoxine), coquelucheux (acellulaire multicomposé, dose standard, 5 composants) et anti-Haemophilus influenzae type b (conjugué à l'anatoxine tétanique)",False,VAC1164
VAC0182,ADACEL,"Vaccin diphtérique (anatoxine, dose réduite), tétanique (anatoxine) et coquelucheux (acellulaire multicomposé, dose réduite)",False,VAC0610
VAC0183,AIMMUGEN,Vaccin entier inactivé contre l'hépatite A,False,VAC0102
VAC0184,ALDIANA,"Vaccin pédiatrique diphtérique (anatoxine, dose standard)",False,VAC1165
VAC0185,ALDITEANA,"Vaccin pédiatrique diphtérique (anatoxine, dose standard) et tétanique (anatoxine)",False,VAC0137
VAC0186,ALDITERPERA,"Vaccin pédiatrique diphtérique (anatoxine, dose standard), tétanique (anatoxine) et coquelucheux (entier inactivé)",False,VAC0136
VAC0187,AMARIL,Vaccin vivant atténué contre la fièvre jaune,False,VAC0111
VAC0188,QUIMI-HIB,"Vaccin anti-Haemophilus influenzae type b, polyoside capsulaire (phosphate de polyribosylribitol, PRP) conjugué à l'anatoxine tétanique",False,VAC0345
VAC0189,ANADIFTERALL,"Vaccin pédiatrique diphtérique (anatoxine, dose standard)",False,VAC1165
VAC0190,ANATETALL,Vaccin tétanique (anatoxine),False,VAC0132
VAC0191,ARILVAX,Vaccin vivant atténué contre la fièvre jaune,False,VAC0111
VAC0192,ATTENUVAX,Vaccin vivant atténué contre la rougeole,False,VAC0114
VAC0193,"AVAC-1, AVA","Vaccin acellulaire contre le charbon absorbé, avec adjuvant",False,VAC1279
VAC0194,B-CAPSA,"Vaccin anti-Haemophilus influenzae type b, polyosidique non conjugué",False,VAC1148
VAC0195,BEGRIVAC,"Vaccin contre la grippe saisonnière inactivé trivalent, à virion fragmenté",False,VAC0925
VAC0196,BIAVAX,Vaccin vivant atténué contre la rubéole et les oreillons,False,VAC0829
VAC0197,BIAVAX II,Vaccin vivant atténué contre la rubéole et les oreillons,False,VAC0829
VAC0198,BIKEN-HB,Vaccin recombinant contre l'hépatite B,False,VAC1125
VAC0199,BIMMUGEN,"Vaccin recombinant contre l'hépatite B, dosé à 10 microgrammes d'antigène HBs pour 0,5 mL (il existe une formulation de 0,25 mL)",False,VAC0914
VAC0200,BIOTHRAX,"Vaccin acellulaire contre le charbon absorbé, avec adjuvant",False,VAC1279
VAC0201,BIVIRATEN BERNA,Vaccin vivant atténué contre la rougeole et les oreillons,False,VAC0623
VAC0202,BVAC,Antitoxine  contre le botulisme,False,VAC0909
VAC0203,C.D.T.,"Vaccin pédiatrique diphtérique (anatoxine, dose standard) et tétanique (anatoxine)",False,VAC0137
VAC0204,CAM-KOVAX,Vaccin vivant atténué contre la rougeole (souche Tanabe) 5000 - Labo KMLE Corée du Sud,False,VAC0114
VAC0205,CD.JEVAX,"Vaccin vivant atténué contre l'encéphalite japonaise, préparé sur culture primaire de cellules rénales de hamster (PHK) à partir de la souche SA 14-14-2",False,VAC0146
VAC0206,CELLUVAX,"Vaccin coquelucheux (acellulaire multicomposé, dose standard)",False,VAC1167
VAC0207,CENDEVAX,Vaccin vivant atténué contre la rubéole,False,VAC0113
VAC0208,CERTIVA,"Vaccin pédiatrique diphtérique (anatoxine, dose standard), tétanique (anatoxine) et coquelucheux (acellulaire multicomposé, dose standard)",False,VAC0602
VAC0209,COMVAX,"Vaccin contre l'hépatite B et anti-Haemophilus influenzae type b, polyoside capsulaire (phosphate de polyribosylribitol, PRP) conjugué à la protéine de membrane externe de Neisseria meningitidis sérogroupe B",False,VAC1217
VAC0210,D.S.D.P.T.,"Vaccin pédiatrique diphtérique (anatoxine, dose standard), tétanique (anatoxine) et coquelucheux (entier inactivé)",False,VAC0136
VAC0211,DAPTACEL,"Vaccin pédiatrique diphtérique (anatoxine, dose standard), tétanique (anatoxine) et coquelucheux (acellulaire multicomposé, dose standard)",False,VAC0602
VAC0212,DI TE PER POL IMPFSTOFF,"Vaccin pédiatrique diphtérique (anatoxine, dose standard), tétanique (anatoxine), coquelucheux (entier inactivé) et poliomyélitique (entier inactivé, trivalent)",False,VAC1151
VAC0213,DI-TE-POL,"Vaccin pédiatrique diphtérique (anatoxine, dose standard), tétanique (anatoxine) et poliomyélitique (entier inactivé, trivalent)",False,VAC0088
VAC0214,DIF-TET-ALL,"Vaccin pédiatrique diphtérique (anatoxine, dose standard) et tétanique (anatoxine)",False,VAC0137
VAC0216,ANATOXAL DI TE,"Vaccin pédiatrique diphtérique (anatoxine, dose standard) et tétanique (anatoxine)",False,VAC0137
VAC0217,DITOXIM,"Vaccin pédiatrique diphtérique (anatoxine, dose standard) et tétanique (anatoxine)",False,VAC0137
VAC0218,DOUBLE ANIGEN B.,"Vaccin pédiatrique diphtérique (anatoxine, dose standard) et tétanique (anatoxine)",False,VAC0137
VAC0219,DRYVAX,"Vaccin contre la variole de première génération, virus vivant de la vaccine",False,VAC1122
VAC0220,DT MERIEUX,"Vaccin pédiatrique diphtérique (anatoxine, dose standard) et tétanique (anatoxine)",False,VAC0137
VAC0222,"DTwP, unspecified","Vaccin pédiatrique diphtérique (anatoxine, dose standard), tétanique (anatoxine) et coquelucheux (entier inactivé)",False,VAC0136
VAC0223,DUAL ANTIGEN SII,"Vaccin pédiatrique diphtérique (anatoxine, dose standard) et tétanique (anatoxine)",False,VAC0137
VAC0224,ECOLARIX,Vaccin vivant atténué contre la rougeole et la rubéole,False,VAC0550
VAC0225,EIPV,"Vaccin poliomyélitique (entier inactivé, trivalent)",False,VAC0270
VAC0226,"Diptheria, Tetanus and Acellular Pertussis Combined Walvax vaccine","Vaccin pédiatrique diphtérique (anatoxine, dose standard), tétanique (anatoxine) et coquelucheux (acellulaire multicomposé, dose standard)",False,VAC0602
VAC0227,EPAXAL,"Vaccin entier inactivé contre l'hépatite A, virosomal, dose pédiatrique ou adulte",False,VAC0824
VAC0228,ERVEVAX RA 27/3,Vaccin vivant atténué contre la rubéole,False,VAC0113
VAC0229,FLU SHIELD,Vaccin contre la grippe saisonnière inactivé trivalent,False,VAC0925
VAC0230,FLUAD,"Vaccin contre la grippe saisonnière inactivé trivalent, à antigène de surface, avec adjuvant",False,VAC0925
VAC0231,FLUKOVAX,Vaccin contre la grippe saisonnière inactivé trivalent,False,VAC0925
VAC0232,FLULAVAL,Vaccin contre la grippe saisonnière inactivé trivalent,False,VAC0925
VAC0233,FLUMIST,"Vaccin contre la grippe saisonnière trivalent, vivant atténué, par voie nasale",False,VAC1123
VAC0234,FLUOGEN,Vaccin contre la grippe saisonnière à virus entier inactivé,False,VAC0820
VAC0235,FLUVIRIN,Vaccin contre la grippe saisonnière inactivé trivalent,False,VAC0925
VAC0236,Fluzone High-Dose,"Vaccin contre la grippe saisonnière inactivé trivalent, haute dose",False,VAC1171
VAC0238,FUNED-CEME,"Vaccin pédiatrique diphtérique (anatoxine, dose standard), tétanique (anatoxine) et coquelucheux (entier inactivé)",False,VAC0136
VAC0240,GUNEVAX,Vaccin vivant atténué contre la rubéole,False,VAC0113
VAC0241,HAEMOPHILUS INFLUENZAE B CONJUGATE VACCINE - SERUM INSTITUTE OF INDIA,"Vaccin anti-Haemophilus influenzae type b, polyoside capsulaire (phosphate de polyribosylribitol, PRP) conjugué à l'anatoxine tétanique",False,VAC0345
VAC0242,HBY,"Vaccin recombinant contre l'hépatite B, dose adulte",False,VAC0915
VAC0243,HEPA-B INJECTION,Vaccin contre l'hépatite B (Dosage pédiatrique à 10 µg/mL et dosage adulte à 20 µg/mL),False,VAC1125
VAC0244,HEPRECOMB,"Vaccin recombinant contre l'hépatite B, dosé à 10 microgrammes d'antigène HBs, utilisable dès l'âge de 11 ans",False,VAC0914
VAC0245,HEPTAVAX B,"Vaccin plasmatique contre l'hépatite B, utilisé aux Etats-Unis de 1981 à 1990",False,VAC1155
VAC0246,HIBERNA PRODUCTSIX,Vaccin tétanique (anatoxine) et contre la grippe saisonnière (trivalent),False,VAC1130
VAC0247,HIBTITER,"Vaccin anti-Haemophilus influenzae type b, oligosides capsulaires (phosphate de polyribosylribitol, PRP) conjugué à la toxine diphtérique mutante CRM197",False,VAC0919
VAC0248,HINKUYS KAROKOE,Vaccin coquelucheux (entier inactivé),False,VAC0163
VAC0249,RUBELLA VACCINE HPV-77,"Vaccin vivant atténué contre la rubéole, cultivé sur cellules embryonnaires de canard (souche HPV-77)",False,VAC0113
VAC0251,HUMOTET-ANTI TETANUS,Vaccin tétanique (anatoxine),False,VAC0132
VAC0252,VAXIGRIP ENFANTS,"Trivalent inactivated seasonal influenza vaccine, split virion, pediatric form",False,VAC1534
VAC0253,VAXIRAB N,"Vaccin rabique entier inactivé, cultivé sur cellules d’embryon de poulet (PCEC), inactivation par la ß-propiolactone",False,VAC0942
VAC0254,IMOVAX D.T.,"Vaccin pédiatrique diphtérique (anatoxine, dose standard) et tétanique (anatoxine)",False,VAC0137
VAC0255,IMOVAX GRIPPE,Vaccin contre la grippe saisonnière inactivé trivalent,False,VAC0925
VAC0256,IMOVAX MUMPS,Vaccin vivant atténué contre les oreillons,False,VAC0153
VAC0257,IMOVAX PAROTIDITIS,Vaccin vivant atténué contre les oreillons,False,VAC0153
VAC0258,IMOVAX R.O.R.,"Vaccin vivant atténué contre la rougeole, les oreillons et la rubéole",False,VAC0130
VAC0259,IMOVAX Rabies,"Vaccin rabique entier inactivé, préparé sur culture de cellules diploïdes humaines (HDCV) MRC-5, inactivation par la ß-propiolactone",False,VAC0943
VAC0260,IMOVAX Rabies I.D.,"Vaccin rabique entier inactivé, préparé sur culture de cellules diploïdes humaines (HDCV), par voie intradermique",False,VAC0943
VAC0261,IMOVAX Rabies I.M.,"Vaccin rabique entier inactivé, par voie intramusculaire",False,VAC0131
VAC0262,IMOVAX RUBEOLA,Vaccin vivant atténué contre la rubéole,False,VAC0113
VAC0263,IMOVAX SARAMPION,Vaccin vivant atténué contre la rougeole,False,VAC0114
VAC0264,INFANRIX,"Vaccin pédiatrique diphtérique (anatoxine, dose standard), tétanique (anatoxine) et coquelucheux (acellulaire multicomposé, dose standard)",False,VAC0602
VAC0265,INFLU-KOVAX,Vaccin contre la grippe saisonnière inactivé trivalent,False,VAC0925
VAC0266,INFLUENZA HA VACCINE KOVAX,Vaccin contre la grippe saisonnière inactivé trivalent,False,VAC0925
VAC0267,IPAD TP,"Vaccin tétanique (anatoxine) et poliomyélitique (entier inactivé, trivalent)",False,VAC0380
VAC0268,IPOL,"Vaccin poliomyélitique (entier inactivé, trivalent)",False,VAC0270
VAC0270,"Vaccin Poliomyélite inactivé, sans précision","Vaccin poliomyélitique (entier inactivé, trivalent)",True,
VAC0271,ISTIVAC,Vaccin contre la grippe saisonnière inactivé trivalent,False,VAC0925
VAC0272,KAKSOISROKOTE DUBBELVACCIN,"Vaccin pédiatrique diphtérique (anatoxine, dose standard) et tétanique (anatoxine)",False,VAC0137
VAC0273,KIKHOSTE-VAKSINE,Vaccin coquelucheux (entier inactivé),False,VAC0163
VAC0274,LANCY VAXINA,"Vaccin contre la variole de première génération, virus vivant de la vaccine",False,VAC1122
VAC0275,LAVANTUU TIROKOTE,"Typhoid vaccine, unspecified",False,VAC0112
VAC0276,LIOVAX,"Vaccin contre la variole de première génération, virus vivant de la vaccine",False,VAC1122
VAC0277,LIRUBEL,Vaccin vivant atténué contre la rougeole et la rubéole,False,VAC0550
VAC0278,LIRUGEN,Vaccin vivant atténué contre la rougeole,False,VAC0114
VAC0280,MUMPS-MEASLES VACCINE MICROGEN,Vaccin vivant atténué contre la rougeole et les oreillons,False,VAC0623
VAC0281,LM - 3 RIT,"Vaccin vivant atténué contre la rougeole, les oreillons et la rubéole",False,VAC0130
VAC0282,LTEANAS IMUNA,Vaccin tétanique (anatoxine),False,VAC0132
VAC0283,LYMERIX,Vaccin recombinant contre la maladie de Lyme dirigé contre la protéine de surface externe A (OspA),False,VAC1180
VAC0284,LYOVAC ATTENUVAX,Vaccin vivant atténué contre la rougeole,False,VAC0114
VAC0285,LYOVAC MERUVAX,Vaccin vivant atténué contre la rubéole,False,VAC0113
VAC0286,M-M-R II,"Vaccin vivant atténué contre la rougeole, les oreillons et la rubéole",False,VAC0130
VAC0287,M-R VAX,Vaccin vivant atténué contre la rougeole et la rubéole,False,VAC0550
VAC0288,M-R VAX II,Vaccin vivant atténué contre la rougeole et la rubéole,False,VAC0550
VAC0289,M-VAX,Vaccin vivant atténué contre la rougeole,False,VAC0114
VAC0290,MASERN-IMPFSTOFF SSW,Vaccin vivant atténué contre la rougeole,False,VAC0114
VAC0291,MEASLES VACCINE AIK-C STRAIN POLYVAC,Vaccin vivant atténué contre la rougeole,False,VAC0114
VAC0292,MEASLES VACCINE DK3,Vaccin vivant atténué contre la rougeole,False,VAC0114
VAC0293,MENAFRIVAC,Vaccin polyosidique conjugué contre les méningocoques du sérogroupe A (conjugué à l'anatoxine tétanique),False,VAC1218
VAC0294,MENCEVAX A,Vaccin polyosidique non conjugué contre les méningocoques du sérogroupe A,False,VAC0865
VAC0295,MENOMUNE-A/C/Y/W-135,"Vaccin polyosidique non conjugué contre les méningocoques des sérogroupes A, C, W et Y",False,VAC0152
VAC0296,MENPOVAX 4 A+C+Y+W135,"Vaccin polyosidique non conjugué contre les méningocoques des sérogroupes A, C, W et Y",False,VAC0152
VAC0297,MENPOVAX A+C,Vaccin polyosidique non conjugué contre les méningocoques des sérogroupes A et C,False,VAC0151
VAC0298,MERUVAX,Vaccin vivant atténué contre la rubéole,False,VAC0113
VAC0299,MERUVAX II,Vaccin vivant atténué contre la rubéole,False,VAC0113
VAC0300,MEVILIN-L,Vaccin vivant atténué contre la rougeole,False,VAC0114
VAC0301,MMR,"Vaccin vivant atténué contre la rougeole, les oreillons et la rubéole",False,VAC0130
VAC0303,MONIARIX,"Vaccin pneumococcique polyosidique non conjugué, 17-valent, sérotypes 1, 2, 3, 4, 6A, 7F, 8, 9N, 11A, 12F, 14, 15F, 17F, 18C, 19F, 23F et 25",False,VAC1131
VAC0304,MOPAVAC SEVAC,Vaccin vivant atténué contre la rougeole et les oreillons,False,VAC0623
VAC0305,MOPV,"Vaccin poliomyélitique (vivant atténué, trivalent) contre les poliovirus 1, 2 et 3, par voie orale",False,VAC0320
VAC0306,MORBILVAX,Vaccin vivant atténué contre la rougeole,False,VAC0114
VAC0307,MORUBEL,Vaccin vivant atténué contre la rougeole et la rubéole,False,VAC0550
VAC0308,MORUMAN BERNA PRODUCTS,Immunoglobuline contre la rougeole,False,VAC0862
VAC0309,MORUPAR,"Vaccin vivant atténué contre la rougeole, les oreillons et la rubéole",False,VAC0130
VAC0310,MOVIVAC,Vaccin vivant atténué contre la rougeole,False,VAC0114
VAC0311,MUMATEN BERNA PRODUCTSNA,Vaccin vivant atténué contre les oreillons,False,VAC0153
VAC0312,MUMPS LIVE,Vaccin vivant atténué contre les oreillons,False,VAC0153
VAC0313,MUMPS inactivated,Vaccin entier inactivé contre les oreillons,False,VAC1154
VAC0315,MUMPSVAX,Vaccin vivant atténué contre les oreillons,False,VAC0153
VAC0317,NABI-HB,Immunoglobuline contre l'hépatite B,False,VAC0863
VAC0318,NOTHAV,Vaccin entier inactivé contre l'hépatite A,False,VAC0102
VAC0319,OMNIHIB,"Vaccin anti-Haemophilus influenzae type b, polyoside capsulaire (phosphate de polyribosylribitol, PRP) conjugué à l'anatoxine tétanique",False,VAC0345
VAC0320,"Vaccin Poliomyélite oral trivalent, sans précision","Vaccin poliomyélitique (vivant atténué, trivalent) contre les poliovirus 1, 2 et 3, par voie orale",True,
VAC0321,ORIMUNE,"Vaccin poliomyélitique (vivant atténué, trivalent) contre les poliovirus 1, 2 et 3, par voie orale",False,VAC0320
VAC0322,PARIORIX,Vaccin vivant atténué contre les oreillons,False,VAC0153
VAC0323,PAVIVAC-SEVAC,Vaccin vivant atténué contre la rougeole,False,VAC0114
VAC0324,"Vaccin Pneumocoque conjugué 7-valent, sans précision","Vaccin pneumococcique polyosidique conjugué, 7-valent, sérotypes 4, 6B, 9V, 14, 18C, 19F et 23F",True,
VAC0325,PEDIARIX,"Vaccin pédiatrique diphtérique (anatoxine, dose standard), tétanique (anatoxine), coquelucheux (acellulaire multicomposé, dose standard), poliomyélitique (entier inactivé, trivalent) et de l’hépatite B (recombinant)",False,VAC1174
VAC0326,PEDVAXHIB,"Vaccin anti-Haemophilus influenzae type b, polyoside capsulaire (phosphate de polyribosylribitol, PRP) conjugué à la protéine de membrane externe de Neisseria meningitidis sérogroupe B",False,VAC0344
VAC0327,PENTA,"Vaccin pédiatrique diphtérique (anatoxine, dose standard), tétanique (anatoxine), coquelucheux (acellulaire multicomposé, dose standard, 5 composants), anti-Haemophilus influenzae type b (conjugué à l'anatoxine tétanique) et poliomyélitique (entier inactivé, trivalent), adsorbé",False,VAC1115
VAC0328,PENTACEL,"Vaccin pédiatrique diphtérique (anatoxine, dose standard), tétanique (anatoxine), coquelucheux (acellulaire multicomposé, dose standard, 5 composants), anti-Haemophilus influenzae type b (conjugué à l'anatoxine tétanique) et poliomyélitique (entier inactivé, trivalent), adsorbé",False,VAC1115
VAC0330,PENTACT-HIB,"Vaccin pédiatrique diphtérique (anatoxine, dose standard), tétanique (anatoxine), coquelucheux (entier inactivé), anti-Haemophilus influenzae  type b (conjugué à l'anatoxine tétanique) et poliomyélitique (entier inactivé, trivalent), adsorbé",False,VAC1126
VAC0332,PENTAVALENTE,"Vaccin pédiatrique diphtérique (anatoxine, dose standard), tétanique (anatoxine), coquelucheux (entier inactivé), anti-Haemophilus influenzae type b (conjugué à l'anatoxine tétanique) et de l’hépatite B (recombinant)",False,VAC1181
VAC0333,PFIZER VAX-MEASLES K,Vaccin entier inactivé contre la rougeole (historique),False,VAC1209
VAC0334,PFIZER-VAX MEASLES-L,Vaccin vivant atténué contre la rougeole,False,VAC0114
VAC0335,PLUSERIX,"Vaccin vivant atténué contre la rougeole, les oreillons et la rubéole",False,VAC0130
VAC0336,PNEUMOVAX,"Vaccin pneumococcique polyosidique non conjugué, 23-valent, sérotypes 1, 2, 3, 4, 5, 6B, 7F, 8, 9N, 9V, 10A, 11A, 12F, 14, 15B, 17F, 18C, 19A, 19F, 20, 22F, 23F et 33F",False,VAC0339
VAC0337,PNU-IMUNE 23,"Vaccin pneumococcique polyosidique non conjugué, 23-valent, sérotypes 1, 2, 3, 4, 5, 6B, 7F, 8, 9N, 9V, 10A, 11A, 12F, 14, 15B, 17F, 18C, 19A, 19F, 20, 22F, 23F et 33F",False,VAC0339
VAC0338,POLIACEL,"Vaccin pédiatrique diphtérique (anatoxine, dose standard), tétanique (anatoxine), coquelucheux (acellulaire multicomposé, dose standard, 5 composants), anti-Haemophilus influenzae type b (conjugué à l'anatoxine tétanique) et poliomyélitique (entier inactivé, trivalent), adsorbé",False,VAC1115
VAC0339,"Vaccin Pneumocoque non conjugué 23-valent, sans précision","Vaccin pneumococcique polyosidique non conjugué, 23-valent, sérotypes 1, 2, 3, 4, 5, 6B, 7F, 8, 9N, 9V, 10A, 11A, 12F, 14, 15B, 17F, 18C, 19F, 19A, 20, 22F, 23F et 33F",True,
VAC0341,PREVNAR,"Vaccin pneumococcique polyosidique conjugué, 7-valent, adsorbé, sérotypes 4, 6B, 9V, 14, 18C, 19F et 23F",False,VAC0324
VAC0343,PROHIBIT,Vaccin conjugué anti-Hemophilus influenzae de type b composé du PRP (polyribosylribitol phosphate) conjugué à l'anatoxine diphtérique,False,VAC0918
VAC0344,"Vaccin Haemophilus influenzae b PRP-OMP, sans précision","Vaccin anti-Haemophilus influenzae type b, polyoside capsulaire (phosphate de polyribosylribitol, PRP) conjugué à la protéine de membrane externe de Neisseria meningitidis sérogroupe B",True,
VAC0345,"Vaccin Haemophilus influenzae b PRP-T, sans précision",Vaccin conjugué anti-Hemophilus influenzae de type b composé du PRP (polyribosylribitol phosphate) conjugué à l'anatoxine tétanique,True,
VAC0346,PURIVAX,"Vaccin poliomyélitique (entier inactivé, trivalent)",False,VAC0270
VAC0347,QUADRACEL,"Vaccin pédiatrique diphtérique (anatoxine, dose standard), tétanique (anatoxine), coquelucheux (acellulaire multicomposé, dose standard) et poliomyélitique (entier inactivé, trivalent)",False,VAC0551
VAC0348,QUADRACEL/HIBEST,"Vaccin pédiatrique diphtérique (anatoxine, dose standard), tétanique (anatoxine), coquelucheux (acellulaire multicomposé, dose standard, 5 composants), anti-Haemophilus influenzae type b (conjugué à l'anatoxine tétanique) et poliomyélitique (entier inactivé, trivalent), adsorbé",False,VAC1115
VAC0349,QUADRIGEN,"Vaccin pédiatrique diphtérique (anatoxine, dose standard), tétanique (anatoxine), coquelucheux (entier inactivé) et poliomyélitique (entier inactivé, trivalent)",False,VAC1151
VAC0350,QUATRO-VIRELON,"Vaccin pédiatrique diphtérique (anatoxine, dose standard), tétanique (anatoxine), coquelucheux (acellulaire multicomposé, dose standard) et poliomyélitique (entier inactivé, trivalent)",False,VAC0551
VAC0351,QUINTUPLE,"Vaccin pédiatrique diphtérique (anatoxine, dose standard), tétanique (anatoxine), coquelucheux (acellulaire multicomposé, dose standard), anti-Haemophilus influenzae type b (conjugué à l'anatoxine tétanique) et de l’hépatite B (recombinant)",False,VAC1231
VAC0352,R-HB VACCINE,"Vaccin recombinant contre l'hépatite B, dose adulte",False,VAC0915
VAC0353,R-VAC,Vaccin vivant atténué contre la rubéole,False,VAC0113
VAC0354,RA27/3,Vaccin vivant atténué contre la rubéole,False,VAC0113
VAC0355,RABAVERT,"Vaccin rabique entier inactivé, cultivé sur cellules d’embryon de poulet (PCEC), inactivation par la ß-propiolactone",False,VAC0942
VAC0356,RECOMBIVAX HB,"Vaccin contre l'hépatite B , dosage pédiatrique à 10 µg",False,VAC1125
VAC0357,"RESPIGAM, RSV-IVIG",Immunoglobuline contre le virus respiratoire syncytial (VRS),False,VAC1223
VAC0358,"Immunoglobuline Rage origine humaine, sans précision","Immunoglobuline anti-rabique, origine humaine",True,
VAC0359,RIMEVAX,Vaccin vivant atténué contre la rougeole,False,VAC0114
VAC0360,RIMPARIX,Vaccin vivant atténué contre la rougeole et les oreillons,False,VAC0623
VAC0361,RIT - LM-2,Vaccin vivant atténué contre la rougeole et les oreillons,False,VAC0623
VAC0362,RIT - LM-3,"Vaccin vivant atténué contre la rougeole, les oreillons et la rubéole",False,VAC0130
VAC0363,ROTASHIELD,Vaccin contre les rotavirus (historique),False,VAC0158
VAC0364,RUBEATEN BERNA PRODUCTS,Vaccin vivant atténué contre la rubéole,False,VAC0113
VAC0365,RUBELLA VACCINE MICROGEN,Vaccin vivant atténué contre la rubéole,False,VAC0113
VAC0366,RUBELLA-KOVAX,Vaccin vivant atténué contre la rubéole,False,VAC0113
VAC0367,RUBELLOVAC,Vaccin vivant atténué contre la rubéole,False,VAC0113
VAC0368,RUBELOGEN,Vaccin vivant atténué contre la rubéole,False,VAC0113
VAC0369,RUBEOVAX,Vaccin vivant atténué contre la rougeole,False,VAC0114
VAC0370,RVA RABIES VACCINE ABSORBED BIOPORT,"Vaccin rabique entier inactivé, adsorbé sur phosphate d'aluminium du laboratoire BioPort",False,VAC0131
VAC0371,SABIN,"Vaccin poliomyélitique (vivant atténué, trivalent) contre les poliovirus 1, 2 et 3, par voie orale",False,VAC0320
VAC0372,SAHIA,"Vaccin poliomyélitique (vivant atténué, trivalent) contre les poliovirus 1, 2 et 3, par voie orale",False,VAC0320
VAC0373,SALK,"Vaccin poliomyélitique (entier inactivé, trivalent)",False,VAC0270
VAC0374,SANDOVAC,Vaccin contre la grippe saisonnière inactivé trivalent,False,VAC0925
VAC0375,SEROBACTERIN,"Vaccin cholérique (entier inactivé) et typhoïdique (non conjugué, antigène polyosidique Vi purifié), injectable",False,VAC1179
VAC0376,SHANCOL,"Vaccin cholérique entier inactivé, par voie orale",False,VAC1257
VAC0377,TRIPLE ANTIGEN SII,"Vaccin pédiatrique diphtérique (anatoxine, dose standard), tétanique (anatoxine) et coquelucheux (entier inactivé)",False,VAC0136
VAC0378,SYNAGIS 100 mg (PALIZIVUMAB),Anticorps monoclonal contre le virus respiratoire syncytial (VRS),False,VAC1222
VAC0379,T-IMMUN,Vaccin tétanique (anatoxine),False,VAC0132
VAC0380,"Vaccin TP - Tétanos-Poliomyélite, sans précision","Vaccin tétanique (anatoxine) et poliomyélitique (entier inactivé, trivalent)",True,
VAC0382,"Vaccin Diph-T - Diphtérie-Tétanos, sans précision","Vaccin diphtérique (anatoxine, dose non précisée) et tétanique (anatoxine)",True,
VAC0383,ANATOXAL TE,Vaccin tétanique (anatoxine),False,VAC0132
VAC0384,TE/VAC/PTAP,Vaccin tétanique (anatoxine) (Yougoslavie),False,VAC0132
VAC0385,TELVACLPTAP,Vaccin tétanique (anatoxine),False,VAC0132
VAC0386,TETAMYN,Vaccin tétanique (anatoxine),False,VAC0132
VAC0387,TETANOL,Vaccin tétanique (anatoxine),False,VAC0132
VAC0388,TETASORBAT SSW,Vaccin tétanique (anatoxine),False,VAC0132
VAC0389,TETAMUN SSW,Vaccin tétanique (anatoxine),False,VAC0132
VAC0390,TETRACT-HIB,"Vaccin pédiatrique diphtérique (anatoxine, dose standard), tétanique (anatoxine), coquelucheux (entier inactivé) et anti-Haemophilus influenzae type b (conjugué à l'anatoxine tétanique)",False,VAC1161
VAC0391,TETRAMUNE,"Vaccin pédiatrique diphtérique (anatoxine, dose standard), tétanique (anatoxine), coquelucheux (entier inactivé) et anti-Haemophilus influenzae type b (conjugué à l'anatoxine diphtérique)",False,VAC1168
VAC0392,TETRAVAX,"Vaccin pédiatrique diphtérique (anatoxine, dose standard), tétanique (anatoxine), coquelucheux (entier inactivé) et poliomyélitique (entier inactivé, trivalent)",False,VAC1151
VAC0393,TICE BCG,Vaccin contre la tuberculose (vivant atténué),False,VAC0134
VAC0394,TIG,Immunoglobuline anti-tétanique,False,VAC0497
VAC0395,TITIFICA,"Vaccin typhoïdique et paratyphoïdique A et B, entier inactivé",False,VAC0818
VAC0396,BIOPOLIO,"Vaccin poliomyélitique (vivant atténué, trivalent) contre les poliovirus 1, 2 et 3, par voie orale",False,VAC0320
VAC0397,TRESIVAC LYOPHOLIZED,"Vaccin vivant atténué contre la rougeole, les oreillons et la rubéole",False,VAC0130
VAC0398,TRI-IMMUNOL,"Vaccin pédiatrique diphtérique (anatoxine, dose standard), tétanique (anatoxine) et coquelucheux (entier inactivé)",False,VAC0136
VAC0399,TRIACEL,"Vaccin pédiatrique diphtérique (anatoxine, dose standard), tétanique (anatoxine) et poliomyélitique (entier inactivé, trivalent)",False,VAC0088
VAC0400,TRIACELLUVAX,"Vaccin pédiatrique diphtérique (anatoxine, dose standard), tétanique (anatoxine) et coquelucheux (acellulaire multicomposé, dose standard)",False,VAC0602
VAC0401,TRIHIBIT,"Vaccin pédiatrique diphtérique (anatoxine, dose standard), tétanique (anatoxine), coquelucheux (acellulaire multicomposé, dose standard) et anti-Haemophilus influenzae type b (conjugué à l'anatoxine tétanique)",False,VAC1164
VAC0403,TRINIVAC,"Vaccin pédiatrique diphtérique (anatoxine, dose standard), tétanique (anatoxine) et coquelucheux (entier inactivé)",False,VAC0136
VAC0404,TRIPACEL,"Vaccin pédiatrique diphtérique (anatoxine, dose standard), tétanique (anatoxine) et coquelucheux (acellulaire multicomposé, dose standard)",False,VAC0602
VAC0405,TRIPEDIA,"Vaccin pédiatrique diphtérique (anatoxine, dose standard), tétanique (anatoxine) et coquelucheux (acellulaire multicomposé, dose standard)",False,VAC0602
VAC0407,TRIPLE,"Vaccin pédiatrique diphtérique (anatoxine, dose standard), tétanique (anatoxine) et coquelucheux (entier inactivé)",False,VAC0136
VAC0408,TRIPLE ANTIGEN,"Vaccin pédiatrique diphtérique (anatoxine, dose standard), tétanique (anatoxine) et coquelucheux (entier inactivé)",False,VAC0136
VAC0409,TRIPLE SABIN,"Vaccin poliomyélitique (vivant atténué, trivalent) contre les poliovirus 1, 2 et 3, par voie orale",False,VAC0320
VAC0410,TRIPLE VIRAL,"Vaccin vivant atténué contre la rougeole, les oreillons et la rubéole",False,VAC0130
VAC0411,TRIVACUNA LETI,"Vaccin pédiatrique diphtérique (anatoxine, dose standard), tétanique (anatoxine) et coquelucheux (entier inactivé)",False,VAC0136
VAC0412,TRIVAX,"Vaccin pédiatrique diphtérique (anatoxine, dose standard), tétanique (anatoxine) et coquelucheux (acellulaire multicomposé, dose standard)",False,VAC0602
VAC0413,TRIVAX-AD,"Vaccin pédiatrique diphtérique (anatoxine, dose standard), tétanique (anatoxine) et coquelucheux (acellulaire multicomposé, dose standard)",False,VAC0602
VAC0414,TRIVAX-HIB,"Vaccin pédiatrique diphtérique (anatoxine, dose standard), tétanique (anatoxine), coquelucheux (acellulaire multicomposé, dose standard) et anti-Haemophilus influenzae type b (conjugué à l'anatoxine tétanique)",False,VAC1164
VAC0415,TRIVB,"Vaccin pédiatrique diphtérique (anatoxine, dose standard), tétanique (anatoxine) et poliomyélitique (entier inactivé, trivalent)",False,VAC0088
VAC0416,Triviraten,"Vaccin vivant atténué contre la rougeole, les oreillons et la rubéole",False,VAC0130
VAC0417,TRIVIVAC SEVAC,"Vaccin vivant atténué contre la rougeole, les oreillons et la rubéole",False,VAC0130
VAC0418,TRIVIVAC Y,"Vaccin vivant atténué contre la rougeole, les oreillons et la rubéole",False,VAC0130
VAC0419,SHANTT,Vaccin tétanique (anatoxine),False,VAC0132
VAC0420,BIO-TT Vaccine,Vaccin tétanique (anatoxine),False,VAC0132
VAC0421,TUSSITRUPIN FORTE,Vaccin coquelucheux (entier inactivé),False,VAC0163
VAC0423,TWINRIX JUNIOR,"Vaccin combiné contre les hépatites A et B, dose pédiatrique",False,VAC0653
VAC0424,"Vaccin Typhoïde oral vivant atténué, sans précision","Vaccin typhoïdique vivant atténué, souche de Salmonella Typhi Ty21a, voie orale",True,
VAC0425,TYNE,Vaccin contre la tuberculose (vivant atténué),False,VAC0134
VAC0426,TYPHOID VACCINE WYETH,Vaccin typhoïdique entier inactivé,False,VAC0817
VAC0427,TYPHOID-KOVAX,Vaccin typhoïdique polyosidique non conjugué (antigène capsulaire Vi),False,VAC0713
VAC0428,VA-MENGOC-BC,"Vaccin contre les méningocoques des sérogroupes B (à protéines de vésicules de membrane externe B:14:P1.7,16) et C",False,VAC1229
VAC0429,VACCIN COMBINAT DIFTERO-TETANIC,"Vaccin pédiatrique diphtérique (anatoxine, dose standard) et tétanique (anatoxine)",False,VAC0137
VAC0430,VACCIN DIFTERIC ADSORBIT,"Vaccin diphtérique (anatoxine, dose non précisée)",False,VAC0655
VAC0431,VACCINUM MORBILLORUM VIVUM,Vaccin vivant atténué contre la rougeole,False,VAC0114
VAC0432,VACINA DUPLA,"Vaccin pédiatrique diphtérique (anatoxine, dose standard) et tétanique (anatoxine)",False,VAC0137
VAC0433,VACINA TRIPLICE,"Vaccin pédiatrique diphtérique (anatoxine, dose standard), tétanique (anatoxine) et coquelucheux (acellulaire ou entier inactivé, dose non précisée)",False,VAC0601
VAC0434,VACINA TRIPLICE VIRAL,"Vaccin vivant atténué contre la rougeole, les oreillons et la rubéole",False,VAC0130
VAC0435,VAKSIN CACAR,"Vaccin contre la variole de première génération, virus vivant de la vaccine",False,VAC1122
VAC0436,VAKSIN CAMPAK KERING,Vaccin vivant atténué contre la rougeole,False,VAC0114
VAC0437,VAKSIN KOTIPA,"Vaccin cholérique (entier inactivé) et typhoïdique (entier inactivé), injectable",False,VAC0807
VAC0438,VAKSIN SERAP,"Vaccin pédiatrique diphtérique (anatoxine, dose standard), tétanique (anatoxine) et coquelucheux (acellulaire ou entier inactivé, dose non précisée)",False,VAC0601
VAC0439,VAMOAVAX,Vaccin vivant atténué contre la rougeole et les oreillons,False,VAC0623
VAC0441,SKY Varicella Inj,Vaccin vivant atténué contre la varicelle (laboratoire SK Bioscience),False,VAC0159
VAC0442,VARICELLON,Immunoglobuline contre le virus de la varicelle,False,VAC0864
VAC0443,VARIE,"Vaccin contre la variole de première génération, virus vivant de la vaccine",False,VAC1122
VAC0444,VAXEM-HIB,"Vaccin anti-Haemophilus influenzae type b, oligosides capsulaires (phosphate de polyribosylribitol, PRP) conjugué à la toxine diphtérique mutante CRM197",False,VAC0919
VAC0445,VAXIPAR,Vaccin vivant atténué contre les oreillons,False,VAC0153
VAC0446,VCDT,"Vaccin pédiatrique diphtérique (anatoxine, dose standard) et tétanique (anatoxine)",False,VAC0137
VAC0447,VDA VACCIN DIFTERIC ADSORBIT,"Vaccin pédiatrique diphtérique (anatoxine, dose standard)",False,VAC1165
VAC0448,VICPS (TYPHIM VI),Vaccin typhoïdique polyosidique non conjugué (antigène capsulaire Vi),False,VAC0713
VAC0449,VIRELON T 20,"Vaccin poliomyélitique (vivant atténué, trivalent) contre les poliovirus 1, 2 et 3, par voie orale",False,VAC0320
VAC0450,"VIROVAC MASSLING, PEROTID, RUBELLA","Vaccin vivant atténué contre la rougeole, les oreillons et la rubéole",False,VAC0130
VAC0451,VIVOTIF,"Vaccin typhoïdique vivant atténué, souche de Salmonella Typhi Ty21a, par voie orale",False,VAC0424
VAC0452,VT (VACINA TRIPLICE),"Vaccin pédiatrique diphtérique (anatoxine, dose standard), tétanique (anatoxine) et coquelucheux (acellulaire ou entier inactivé, dose non précisée)",False,VAC0601
VAC0453,VTV (VACINA TRIPLICE VIRAL),"Vaccin vivant atténué contre la rougeole, les oreillons et la rubéole",False,VAC0130
VAC0454,VVR,Vaccin vivant atténué contre la rougeole,False,VAC0114
VAC0456,WELLTRIVAX TRIVALENTE,"Vaccin pédiatrique diphtérique (anatoxine, dose standard), tétanique (anatoxine) et coquelucheux (acellulaire ou entier inactivé, dose non précisée)",False,VAC0601
VAC0457,YF-VAX,Vaccin vivant atténué contre la fièvre jaune,False,VAC0111
VAC0458,ZAANTIDE antitoxin,Immunoglobuline anti-toxine diphtérique,False,VAC0867
VAC0459,ZAANTITE,Vaccin tétanique (anatoxine),False,VAC0132
VAC0460,ZADITEADVAX,"Vaccin pédiatrique diphtérique (anatoxine, dose standard) et tétanique (anatoxine)",False,VAC0137
VAC0461,ZADITEVAX,"Vaccin pédiatrique diphtérique (anatoxine, dose standard) et tétanique (anatoxine)",False,VAC0137
VAC0462,ZAMEVAX A+C,Vaccin polyosidique non conjugué contre les méningocoques des sérogroupes A et C,False,VAC0151
VAC0463,ZAMOVAX,Vaccin vivant atténué contre la rougeole,False,VAC0114
VAC0464,ZAMRUVAX,Vaccin vivant atténué contre la rougeole et la rubéole,False,VAC0550
VAC0465,ZARUVAX,Vaccin vivant atténué contre la rubéole,False,VAC0113
VAC0466,ZATETRAVAX,"Vaccin pédiatrique diphtérique (anatoxine, dose standard), tétanique (anatoxine) et coquelucheux (acellulaire ou entier inactivé, dose non précisée)",False,VAC0601
VAC0467,ZATEVAX,Vaccin tétanique (anatoxine),False,VAC0132
VAC0468,ZATRIBAVAX,"Vaccin pédiatrique diphtérique (anatoxine, dose standard), tétanique (anatoxine) et coquelucheux (entier inactivé)",False,VAC0136
VAC0469,ZATRIVAX,"Vaccin vivant atténué contre la rougeole, les oreillons et la rubéole",False,VAC0130
VAC0470,QUINVAXEM,"Vaccin pédiatrique diphtérique (anatoxine, dose standard), tétanique (anatoxine), coquelucheux (entier inactivé), anti-Haemophilus influenzae  type b (conjugué à l'anatoxine diphtérique) et de l’hépatite B (recombinant)",False,VAC1192
VAC0471,HEPAVAX-GENE B 20 µg,"Vaccin recombinant contre l'hépatite B, dose adulte",False,VAC0915
VAC0472,PREPANDRIX,Vaccin contre la grippe A(H5N1),False,VAC0084
VAC0473,PRE-PANDEMIC INFLUENZA VACCINE H5N1,"Vaccin contre la grippe A(H5N1) (fractionné, avec adjuvant)",False,VAC0084
VAC0474,DARONRIX,Vaccin contre la grippe A(H5N1),False,VAC0084
VAC0475,FOCLIVIA,Vaccin contre la grippe A(H5N1),False,VAC0084
VAC0476,Pandemic Influenza Vaccine H5N1 Baxter,"Vaccin contre la grippe A(H5N1) (virion entier, cultivé sur cellule Vero, inactivé) multidose",False,VAC0084
VAC0477,PUMARIX,Vaccin contre la grippe A(H5N1),False,VAC0084
VAC0478,COVAXIS,"Vaccin diphtérique (anatoxine, dose réduite), tétanique (anatoxine) et coquelucheux (acellulaire multicomposé, dose réduite)",False,VAC0610
VAC0479,TRIAXIS,"Vaccin diphtérique (anatoxine, dose réduite), tétanique (anatoxine) et coquelucheux (acellulaire multicomposé, dose réduite)",False,VAC0610
VAC0480,FENDRIX,"Vaccin recombinant contre l'hépatite B, dose pour patient dyalisé",False,VAC0916
VAC0481,TRIVIVAX,"Vaccin vivant atténué contre la rougeole, les oreillons et la rubéole",False,VAC0130
VAC0482,VEPACEL,"Vaccin contre la grippe A(H5N1) (virion entier, cultivé sur cellule Vero, inactivé)",False,VAC0084
VAC0483,FLUAD PAEDIATRICS,Vaccin contre la grippe saisonnière inactivé trivalent,False,VAC0925
VAC0484,RABIVAX-S,Vaccin rabique entier inactivé,False,VAC0131
VAC0485,TETAGAM P (immunoglobuline),Immunoglobuline anti-tétanique,False,VAC0497
VAC0486,NIMENRIX,"Vaccin polyosidique conjugué quadrivalent contre les méningocoques des sérogroupes A, C, W et Y (conjugué à l'anatoxine tétanique)",False,VAC1182
VAC0487,MENHIBRIX,Vaccin conjugué anti-Haemophilus influenzae type b (conjugué à l'anatoxine tétanique) et contre les méningocoques des sérogroupes C et Y (conjugué à l'anatoxine tétanique),False,VAC1220
VAC0488,PENTAXIM,"Vaccin pédiatrique diphtérique (anatoxine, dose standard), tétanique (anatoxine), coquelucheux (acellulaire multicomposé, dose standard, 5 composants), anti-Haemophilus influenzae type b (conjugué à l'anatoxine tétanique) et poliomyélitique (entier inactivé, trivalent), adsorbé",False,VAC1115
VAC0489,TRIMOVAX,"Vaccin vivant atténué contre la rougeole, les oreillons et la rubéole",False,VAC0130
VAC0490,KINRIX,"Vaccin pédiatrique diphtérique (anatoxine, dose standard), tétanique (anatoxine), coquelucheux (acellulaire multicomposé, dose standard) et poliomyélitique (entier inactivé, trivalent)",False,VAC0551
VAC0491,TENIVAC,"Vaccin diphtérique (anatoxine, dose réduite) et tétanique (anatoxine)",False,VAC0920
VAC0492,AFLURIA,"Vaccin contre la grippe saisonnière inactivé trivalent, à virion fragmenté",False,VAC0925
VAC0494,TRITANRIX HepB,"Vaccin pédiatrique diphtérique (anatoxine, dose standard), tétanique (anatoxine), coquelucheux (entier inactivé) et de l’hépatite B (recombinant), adsorbé",False,VAC1208
VAC0495,BEXSERO,Vaccin contre les méningococciques du sérogroupe B à 4 composants,False,VAC1240
VAC0496,GAMMATETANOS (immunoglobulines),Immunoglobuline anti-tétanique,False,VAC0497
VAC0497,"Immunoglobuline Tétanos, sans précision",Immunoglobuline anti-tétanique,True,
VAC0498,IMOGAM RAGE,"Immunoglobuline anti-rabique, origine humaine",False,VAC0358
VAC0499,BERIRAB,"Immunoglobuline anti-rabique, origine humaine",False,VAC0358
VAC0500,FAVIRAB,"Immunoglobuline anti-rabique, origine équine",False,VAC0503
VAC0501,EQUIRAB (immunoglobuline),"Immunoglobuline anti-rabique, origine équine",False,VAC0503
VAC0502,"Immunoglobuline Rage, sans précision","Immunoglobuline anti-rabique, origine humaine ou équine",True,
VAC0503,"Immunoglobuline Rage origine équine, sans précision","Immunoglobuline anti-rabique, origine équine",True,
VAC0504,INFANRIX Polio HIB Nourrissons,"Vaccin pédiatrique diphtérique (anatoxine, dose standard), tétanique (anatoxine), coquelucheux (acellulaire multicomposé, dose standard), anti-Haemophilus influenzae type b (conjugué à l'anatoxine tétanique) et poliomyélitique (entier inactivé, trivalent), adsorbé",False,VAC1115
VAC0505,HIBEST,Vaccin conjugué anti-Hemophilus influenzae de type b composé du PRP (polyribosylribitol phosphate) conjugué à l'anatoxine tétanique,False,VAC0345
VAC0506,"Vaccin pentavalent DTCaHibP - Diphtérie-Tétanos-Coqueluche-Hib-Polio, sans précision","Vaccin pédiatrique diphtérique (anatoxine, dose standard), tétanique (anatoxine), coquelucheux (acellulaire multicomposé, dose standard), poliomyélitique (entier inactivé, trivalent) et anti-Haemophilus influenzae type b (conjugué, sans précision)",True,
VAC0507,HEXACIMA,"Vaccin pédiatrique diphtérique (anatoxine, dose standard), tétanique (anatoxine), coquelucheux (acellulaire multicomposé, dose standard), anti-Haemophilus influenzae type b (conjugué à l'anatoxine tétanique), poliomyélitique (entier inactivé, trivalent) et de l’hépatite B (recombinant), adsorbé",False,VAC1121
VAC0508,JEEV 3 µg,"Vaccin entier inactivé contre l'encéphalite japonaise, préparé sur cellules Vero, 3 microgrammes",False,VAC1111
VAC0509,BIKEN,"Vaccin entier inactivé contre l'encéphalite japonaise, préparé sur tissu cérébral murin, souche Nakayama, voie injectable 
Autre nom : JEVAX",False,VAC1196
VAC0510,HEXYON,"Vaccin pédiatrique diphtérique (anatoxine, dose standard), tétanique (anatoxine), coquelucheux (acellulaire multicomposé, dose standard, 2 composants), anti-Haemophilus influenzae type b (conjugué à l'anatoxine tétanique), poliomyélitique (entier inactivé, trivalent) et de l’hépatite B (recombinant), adsorbé",False,VAC1121
VAC0511,SILGARD,"Vaccin contre les papillomavirus humains à base de VLP (Virus Like Particles ou pseudo particules virales), quadrivalent (types 6, 11, 16 et 18), recombinant, adsorbé",False,VAC0859
VAC0512,"Vaccin Typhus, sans précision",Vaccin contre le typhus exanthématique (typhus épidémique à poux),True,
VAC0513,HEPATYRIX,"Vaccin typhoïdique (non conjugué, antigène polyosidique Vi purifié) combiné au vaccin contre l'hépatite A (entier inactivé)",False,VAC1114
VAC0514,ROTARIX,"Vaccin monovalent contre les rotavirus, par voie orale",False,VAC1235
VAC0515,INFANRIX POLIO,"Vaccin pédiatrique diphtérique (anatoxine, dose standard), tétanique (anatoxine), coquelucheux (acellulaire multicomposé, dose standard) et poliomyélitique (entier inactivé, trivalent), dose pédiatrique",False,VAC0551
VAC0516,ABHAYRAB,Vaccin rabique entier inactivé,False,VAC0131
VAC0517,FLUARIXTETRA,"Vaccin contre la grippe saisonnière inactivé quadrivalent, à virion fragmenté",False,VAC0938
VAC0518,STAMARIL (multidose),Vaccin vivant atténué contre la fièvre jaune,False,VAC0111
VAC0520,IMVANEX,"Vaccin contre la variole de troisième génération, virus modifié de la vaccine d'Ankara, non réplicatif",False,VAC1157
VAC0521,FLUENZ TETRA,"Vaccin contre la grippe saisonnière vivant atténué quadrivalent, par voie nasale",False,VAC1112
VAC0523,GARDASIL 9,"Vaccin contre les papillomavirus humains à base de VLP (Virus Like Particles ou pseudo particules virales), nonavalent (types 6, 11, 16, 18, 31, 33, 45, 52 et 58), recombinant, adsorbé",False,VAC0860
VAC0524,TEVAX,Vaccin tétanique (anatoxine),False,VAC0132
VAC0525,INFANRIX PENTA,"Vaccin pédiatrique diphtérique (anatoxine, dose standard), tétanique (anatoxine), coquelucheux (acellulaire multicomposé, dose standard), poliomyélitique (entier inactivé, trivalent) et de l’hépatite B (recombinant), adsorbé",False,VAC1174
VAC0526,HECOLIN,Vaccin recombinant peptidique contre l'hépatite E,False,VAC0917
VAC0527,VACCIN DIPHTERIQUE ET TETANIQUE ADSORBE,"Vaccin pédiatrique diphtérique (anatoxine, dose standard) et tétanique (anatoxine)",False,VAC0137
VAC0528,MOSQUIRIX,Vaccin contre l'hépatite B et le paludisme,False,VAC1238
VAC0529,IMOVAX TETANO,Vaccin tétanique (anatoxine),False,VAC0132
VAC0530,TETANOL PUR,Vaccin tétanique (anatoxine),False,VAC0132
VAC0531,TETANOS ADSORBE MERIEUX,Vaccin tétanique (anatoxine),False,VAC0132
VAC0532,TETANUS VACCIN,"Vaccin tétanique (anatoxine), commercialisé en Hollande par Bilthoven Biologicals",False,VAC0132
VAC0534,MENJUGATE 10 µg,Vaccin méningococcique polyosidique conjugué contre le sérogroupe C,False,VAC1211
VAC0535,VAXELIS,"Vaccin pédiatrique diphtérique (anatoxine, dose standard), tétanique (anatoxine), coquelucheux (acellulaire multicomposé, dose standard, 5 composants), anti-Haemophilus influenzae type b (conjugué à la protéine de membrane externe de Neisseria meningitidis sérogroupe B), poliomyélitique (entier inactivé, trivalent) et de l’hépatite B (recombinant), adsorbé",False,VAC1215
VAC0538,VACCIN BCG BIOMED-LUBLIN,Vaccin contre la tuberculose (vivant atténué),False,VAC0134
VAC0539,DENGVAXIA,"Vaccin vivant atténué, chimérique recombinant, quadrivalent [sérotypes 1, 2, 3 et 4] du virus de la dengue (basé sur le vaccin fièvre jaune 17D)",False,VAC1201
VAC0540,IPAD T,Vaccin tétanique (anatoxine),False,VAC0132
VAC0541,BOOSTRIX,"Vaccin diphtérique (anatoxine, dose réduite), tétanique (anatoxine) et coquelucheux (acellulaire multicomposé, dose réduite)",False,VAC0610
VAC0542,Vaccin D.T.P. Pasteur,"Vaccin pédiatrique diphtérique (anatoxine, dose standard), tétanique (anatoxine) et poliomyélitique (entier inactivé, trivalent)",False,VAC0088
VAC0543,HEXAXIM,"Vaccin pédiatrique diphtérique (anatoxine, dose standard), tétanique (anatoxine), coquelucheux (acellulaire multicomposé, dose standard), anti-Haemophilus influenzae type b (conjugué à l'anatoxine tétanique), poliomyélitique (entier inactivé, trivalent) et de l’hépatite B (recombinant), adsorbé",False,VAC1121
VAC0544,TETRAXIM,"Vaccin pédiatrique diphtérique (anatoxine, dose standard), tétanique (anatoxine), coquelucheux (acellulaire multicomposé, dose standard) et poliomyélitique (entier inactivé, trivalent)",False,VAC0551
VAC0545,EUVAX B 20 µg,"Vaccin recombinant contre l'hépatite B, dose adulte",False,VAC0915
VAC0546,DULTAVAX,"Vaccin diphtérique (anatoxine, dose réduite), tétanique (anatoxine) et poliomyélitique (entier inactivé, trivalent), adsorbé",False,VAC0549
VAC0549,"Vaccin dTP - Diphtérie-Tétanos-Polio, dose réduite, sans précision","Vaccin diphtérique (anatoxine, dose réduite), tétanique (anatoxine) et poliomyélitique (entier inactivé, trivalent)",True,
VAC0550,"Vaccin RR - Rougeole-Rubéole, sans précision",Vaccin vivant atténué contre la rougeole et la rubéole,True,
VAC0551,"Vaccin DTCaP - Diphtérie-Tétanos-Coqueluche-Polio, sans précision","Vaccin pédiatrique diphtérique (anatoxine, dose standard), tétanique (anatoxine), coquelucheux (acellulaire multicomposé, dose standard) et poliomyélitique (entier inactivé, trivalent)",True,
VAC0552,"Vaccin hexavalent DTPCaHibHepB - Diphtérie-Tétanos-Polio-Coqueluche acellulaire -Hib-Hépatite B, sans précision","Vaccin pédiatrique diphtérique (anatoxine, dose standard), tétanique (anatoxine), coquelucheux (acellulaire multicomposé, dose standard), poliomyélitique (entier inactivé, trivalent), anti-Haemophilus influenzae type b (conjugué, sans précision) et de l'hépatite B (recombinant)",True,
VAC0553,"Vaccin pentavalent DTCeHibP - Diphtérie-Tétanos-Coqueluche-Hib-Polio, sans précision","Vaccin pédiatrique diphtérique (anatoxine, dose standard), tétanique (anatoxine), coquelucheux (entier inactivé), anti-Haemophilus influenzae type b (conjugué, sans précision) et poliomyélitique (entier inactivé, trivalent)",True,
VAC0554,PEDIACEL,"Vaccin pédiatrique diphtérique (anatoxine, dose standard), tétanique (anatoxine), coquelucheux (acellulaire multicomposé, dose standard, 5 composants), anti-Haemophilus influenzae type b (conjugué à l'anatoxine tétanique) et poliomyélitique (entier inactivé, trivalent), adsorbé",False,VAC1115
VAC0555,CombAct-HIB,"Vaccin pédiatrique diphtérique (anatoxine, dose standard), tétanique (anatoxine), coquelucheux (entier inactivé), anti-Haemophilus influenzae type b (conjugué à l'anatoxine tétanique) et poliomyélitique (entier inactivé, trivalent), adsorbé",False,VAC1126
VAC0556,MENITORIX,Vaccin conjugué anti-Haemophilus influenzae type b (conjugué à l'anatoxine tétanique) et contre les méningocoques du sérogroupe C (conjugué à l'anatoxine tétanique),False,VAC1230
VAC0560,VAXIGRIPTETRA,"Vaccin contre la grippe saisonnière inactivé quadrivalent, à virion fragmenté",False,VAC1200
VAC0561,IMOJEV,"Vaccin vivant atténué contre l'encéphalite japonaise, recombinant chimérique",False,VAC1193
VAC0562,INFLUVAC TETRA,"Vaccin contre la grippe saisonnière inactivé quadrivalent, à antigène de surface",False,VAC0938
VAC0563,ALPHA-RIX-TETRA,"Vaccin contre la grippe saisonnière inactivé quadrivalent, à virion fragmenté",False,VAC0938
VAC0566,PNEUMOCOCCAL POLYSACCHARIDE VACCINE MSD,"Vaccin pneumococcique polyosidique non conjugué, 23-valent, sérotypes 1, 2, 3, 4, 5, 6B, 7F, 8, 9N, 9V, 10A, 11A, 12F, 14, 15B, 17F, 18C, 19A, 19F, 20, 22F, 23F et 33F",False,VAC0339
VAC0567,SHINGRIX,"Vaccin contre le zona (recombinant, avec adjuvant)",False,VAC1241
VAC0568,BOOSTRIX-POLIO,"Vaccin diphtérique (anatoxine, dose réduite), tétanique (anatoxine), coquelucheux (acellulaire multicomposé, 5 composants, dose réduite) et poliomyélitique (entier inactivé, trivalent), adsorbé",False,VAC0585
VAC0569,INFANRIX-IPV,"Vaccin pédiatrique diphtérique (anatoxine, dose standard), tétanique (anatoxine), coquelucheux (acellulaire multicomposé, dose standard) et poliomyélitique (entier inactivé, trivalent)",False,VAC0551
VAC0570,HIBERIX,Vaccin conjugué anti-Hemophilus influenzae de type b composé du PRP (polyribosylribitol phosphate) conjugué à l'anatoxine tétanique,False,VAC0345
VAC0573,AGRIFLU,"Vaccin contre la grippe saisonnière inactivé trivalent, à antigène de surface",False,VAC0925
VAC0574,Td POLIO ADSORBED,"Vaccin diphtérique (anatoxine, dose réduite), tétanique (anatoxine) et poliomyélitique (entier inactivé, trivalent), adsorbé",False,VAC0549
VAC0575,FSME-IMMUN,"Vaccin entier inactivé contre l'encéphalite à tiques, souche Neudörfl, dose adulte",False,VAC1038
VAC0576,FLUVIRAL,Vaccin contre la grippe saisonnière inactivé trivalent,False,VAC0925
VAC0577,TRIPACEL HYBRID,"Vaccin pédiatrique diphtérique (anatoxine, dose standard), tétanique (anatoxine) et coquelucheux (acellulaire multicomposé, dose standard)",False,VAC0602
VAC0578,INFANRIX-HIB,"Vaccin pédiatrique diphtérique (anatoxine, dose standard), tétanique (anatoxine), coquelucheux (acellulaire multicomposé, dose standard) et anti-Haemophilus influenzae type b (conjugué à l'anatoxine tétanique)",False,VAC1164
VAC0579,CLAIRYG 50 mg/mL,"Immunoglobuline contre la rougeole, origine humaine",False,VAC0862
VAC0580,CLAIRYG,"Immunoglobuline contre la rougeole, origine humaine",False,VAC0862
VAC0582,TRUMENBA,"Vaccin contre les méningocoques du sérogroupe B (recombinant, adsorbé)",False,VAC1152
VAC0585,"Vaccin dTcaP - Diphtérie-Tétanos-Coqueluche-Polio, dose réduite, sans précision","Vaccin diphtérique (anatoxine, dose réduite), tétanique (anatoxine), coquelucheux (acellulaire multicomposé, 5 composants, dose réduite) et poliomyélitique (entier inactivé, trivalent), adsorbé",True,
VAC0586,Ervebo,"Vaccin contre le virus Ebola Zaïre (rVSVΔG-ZEBOV-GP, vivant)",False,VAC1199
VAC0590,VACCIN BCG AJVACCINES,Vaccin contre la tuberculose (vivant atténué),False,VAC0134
VAC0591,VIVAXIM,"Vaccin typhoïdique (non conjugué, antigène polyosidique Vi purifié) combiné au vaccin contre l'hépatite A (entier inactivé), présenté en seringue à deux compartiments",False,VAC1114
VAC0592,SPEEDA,"Vaccin rabique entier inactivé, cultivé sur cellules Vero, inactivé par la bêta-propiolactone",False,VAC1116
VAC0593,VERORAB,"Vaccin rabique entier inactivé, souche WISTAR PM/WI 38-1503-3M, cultivé sur cellules Vero, inactivé par la bêta-propiolactone",False,VAC1116
VAC0594,MenQuadfi,"Vaccin polyosidique conjugué quadrivalent contre les méningocoques des sérogroupes A, C, W et Y (conjugué à l'anatoxine tétanique)",False,VAC1182
VAC0595,FLUCELVAX TETRA,"Vaccin contre la grippe saisonnière inactivé quadrivalent, produit sur culture cellulaire",False,VAC1200
VAC0596,"Vaccin pentavalent DTCaHibHepB - Diphtérie-Tétanos-Coqueluche-Hib-Hépatite B, sans précision","Vaccin pédiatrique diphtérique (anatoxine, dose standard), tétanique (anatoxine), coquelucheux (acellulaire multicomposé, dose standard), anti-Haemophilus influenzae type b (conjugué, sans précision) et de l'hépatite B (recombinant)",True,
VAC0598,"Vaccin pentavalent DTCeHibHepB - Diphtérie-Tétanos-Coqueluche-Hib-Hépatite B, sans précision","Vaccin pédiatrique diphtérique (anatoxine, dose standard), tétanique (anatoxine), coquelucheux (entier inactivé), anti-Haemophilus influenzae type b (conjugué, sans précision) et de l'hépatite B (recombinant)",True,
VAC0599,"Vaccin pentavalent DTCoqHibHepB - Diphtérie-Tétanos-Coqueluche-Hib-Hépatite B, sans précision","Vaccin pédiatrique diphtérique (anatoxine, dose standard), tétanique (anatoxine), coquelucheux (acellulaire ou entier inactivé, dose non précisée), anti-Haemophilus influenzae type b (conjugué, sans précision) et de l'hépatite B (recombinant)",True,
VAC0600,"Vaccin Poliomyélite bivalent OPV 1-3, sans précision","Vaccin poliomyélitique (vivant atténué, bivalent) contre les poliovirus 1 et 3, par voie orale",True,
VAC0601,"Vaccin DTC - Diphtérie-Tétanos-Coqueluche, sans précision","Vaccin pédiatrique diphtérique (anatoxine, dose standard), tétanique (anatoxine) et coquelucheux (acellulaire ou entier inactivé, dose non précisée)",True,
VAC0602,"Vaccin DTCa - Diphtérie-Tétanos-Coqueluche, dose standard, sans précision","Vaccin pédiatrique diphtérique (anatoxine, dose standard), tétanique (anatoxine) et coquelucheux (acellulaire multicomposé, dose standard)",True,
VAC0603,ComVac3,"Vaccin pédiatrique diphtérique (anatoxine, dose standard), tétanique (anatoxine) et coquelucheux (entier inactivé)",False,VAC0136
VAC0610,"Vaccin dTca - Diphtérie-Tétanos-Coqueluche, dose réduite, sans précision","Vaccin diphtérique (anatoxine, dose réduite), tétanique (anatoxine) et coquelucheux (acellulaire multicomposé, dose réduite)",True,
VAC0611,SHAN-5,"Vaccin pédiatrique diphtérique (anatoxine, dose standard), tétanique (anatoxine), coquelucheux (entier inactivé), anti-Haemophilus influenzae type b (conjugué à l'anatoxine tétanique) et de l’hépatite B (recombinant) - Autre nom : Vaccin liquide DTCe-Hep B-Hib",False,VAC1181
VAC0612,DTP-vax FINLAY,"Vaccin pédiatrique diphtérique (anatoxine, dose standard), tétanique (anatoxine) et coquelucheux (entier inactivé)",False,VAC0136
VAC0613,BORYUNG DTap VACCINE,"Vaccin pédiatrique diphtérique (anatoxine, dose standard), tétanique (anatoxine) et coquelucheux (acellulaire multicomposé, dose standard)",False,VAC0602
VAC0614,TDAPBOOSTER AJ VACCINES,"Vaccin diphtérique (anatoxine, dose réduite), tétanique (anatoxine) et coquelucheux (acellulaire multicomposé, dose réduite)",False,VAC0610
VAC0615,VACCIN T.P. PASTEUR,"Vaccin tétanique (anatoxine) et poliomyélitique (entier inactivé, trivalent)",False,VAC0380
VAC0620,IXCHIQ,Vaccin vivant atténué contre le chikungunya. Autre nom : VLA1553.,False,VAC1198
VAC0621,"MenC, unspecified","Vaccin méningococcique polyosidique conjugué à l'anatoxine tétanique contre le sérogroupe C (Produit par la ""Ezequiel Dias Foundation"")",False,VAC1184
VAC0622,EOLARIX,Vaccin vivant atténué contre la rougeole et la rubéole,False,VAC0550
VAC0623,"Vaccin Rougeole et Oreillons, sans précision",Vaccin vivant atténué contre la rougeole et les oreillons,True,
VAC0624,M-M-Vax,Vaccin vivant atténué contre la rougeole et les oreillons,False,VAC0623
VAC0625,MORATEN,Vaccin vivant atténué contre la rougeole,False,VAC0114
VAC0626,MoRu Viraten,Vaccin vivant atténué contre la rougeole et la rubéole,False,VAC0550
VAC0627,MORUMAN,Vaccin vivant atténué contre la rougeole,False,VAC0114
VAC0628,Immravax,"Vaccin vivant atténué contre la rougeole, les oreillons et la rubéole",False,VAC0130
VAC0631,MENINVACTKIT,Vaccin méningococcique polyosidique conjugué contre le sérogroupe C,False,VAC1211
VAC0632,OPVERO,"Vaccin poliomyélitique (vivant atténué, trivalent) contre les poliovirus 1, 2 et 3, par voie orale",False,VAC0320
VAC0633,ZABDENO,Vaccin contre le virus Ebola à vecteur viral vivant non réplicatif recombinant,False,VAC1205
VAC0634,MVABEA,Vaccin contre le virus Ebola à vecteur viral non réplicatif,False,VAC1183
VAC0635,PREFLUCEL,"Vaccin contre la grippe saisonnière inactivé trivalent, à antigènes purifiés",False,VAC0925
VAC0636,FluMist Quadrivalent,"Vaccin contre la grippe saisonnière vivant atténué quadrivalent, par voie nasale",False,VAC1112
VAC0637,IPAD DT,"Vaccin pédiatrique diphtérique (anatoxine, dose standard) et tétanique (anatoxine)",False,VAC0137
VAC0638,IPAD POLIO,"Vaccin poliomyélitique (entier inactivé, trivalent)",False,VAC0270
VAC0639,ADACEL POLIO,"Vaccin diphtérique (anatoxine, dose réduite), tétanique (anatoxine), coquelucheux (acellulaire multicomposé, 5 composants, dose réduite) et poliomyélitique (entier inactivé, trivalent), adsorbé",False,VAC0585
VAC0640,TRITANRIX HepB+Hib,"Vaccin pédiatrique diphtérique (anatoxine, dose standard), tétanique (anatoxine), coquelucheux (entier inactivé), anti-Haemophilus influenzae type b (conjugué à l'anatoxine tétanique) et de l’hépatite B (recombinant)",False,VAC1181
VAC0641,GLOBORIX,"Vaccin pédiatrique diphtérique (anatoxine, dose standard), tétanique (anatoxine), coquelucheux (entier inactivé), anti-Haemophilus influenzae type b (conjugué à l'anatoxine tétanique) et contre les méningocoques des sérogroupes A et C (conjugué à l'anatoxine tétanique)",False,VAC1219
VAC0642,Fluzone High-Dose Quadrivalent,"Vaccin contre la grippe saisonnière inactivé quadrivalent, à virion fragmenté, haute dose",False,VAC1146
VAC0643,"Vaccin Méningocoques ACWY conjugué, sans précision","Vaccin méningococcique polyosidique conjugué quadrivalent contre les sérogroupes A, C, W et Y",True,
VAC0644,QDENGA,"Vaccin vivant atténué, chimérique recombinant, quadrivalent contre les quatre sérotypes (1, 2, 3 et 4) du virus de la dengue 
Autres noms : TAK-003 ; DENVAX ; DENGUE TETRAVALENT VACCINE (LIVE, ATTENUATED) TAKEDA",False,VAC1178
VAC0645,IMMU ORR,"Vaccin vivant atténué contre la rougeole, les oreillons et la rubéole",False,VAC0130
VAC0646,CECOLIN,"Vaccin contre les papillomavirus humains à base de VLP (Virus Like Particles ou pseudo particules virales ), bivalent (types 16 et 18), recombinant (exprimé par Escherichia coli)",False,VAC0858
VAC0647,ROTASIIL,Vaccin contre les rotavirus,False,VAC0158
VAC0648,"Vaccin Covid 19, sans précision",Vaccin anti-covid 19,True,
VAC0649,EFLUELDA TETRA,"Vaccin contre la grippe saisonnière inactivé quadrivalent, à virion fragmenté, haute dose",False,VAC1146
VAC0650,VAXZEVRIA ASTRAZENECA,"Vaccin anti-covid 19 à vecteur viral non réplicatif, adénovirus de chimpanzé ChadOx1 codant la protéine de pointe du SARS-CoV-2",False,VAC1170
VAC0651,CORONAVAC SINOVAC COVID-19 VACCINE,"Vaccin anti-covid 19 à virus entier inactivé, adjuvé (adjuvant : hydroxyde d'aluminium)",False,VAC1119
VAC0652,CONVIDECIA,"Vaccin anti-covid 19 à vecteur viral non réplicatif, adénovirus 5 codant la protéine de pointe du SARS-CoV-2",False,VAC1176
VAC0653,"Vaccin Hépatite A et B enfant, sans précision","Vaccin combiné contre les hépatites A et B, dose pédiatrique",True,
VAC0654,"Vaccin Hépatite A et B adulte, sans précision","Vaccin combiné contre les hépatites A et B, dose adulte",True,
VAC0655,"Vaccin Diphtérie, sans précision","Vaccin diphtérique (anatoxine, dose non précisée)",True,
VAC0656,"SPIKEVAX 0,2 mg/mL MODERNA","Vaccin anti-covid 19 à ARNm, dosé à 100 microgrammes",False,VAC1210
VAC0657,Chinese-WIBP-Vero-Inactivated-Covid,Vaccin anti-covid 19 à virus entier inactivé (culture sur cellules Vero),False,VAC1124
VAC0658,COMIRNATY 30 µg BIONTECH-PFIZER,"Vaccin à ARNm contre la covid 19, à partir de l'âge de 12 ans, 30 microgrammes",False,VAC1150
VAC0659,ZIFIVAX ANHUI COVID-19 VACCINE,Vaccin anti-covid 19 à sous-unité protéique,False,VAC1138
VAC0660,Chinese-IMB-Inactivated-Covid,Vaccin anti-covid 19 à virus entier inactivé (culture sur cellules Vero),False,VAC1124
VAC0661,Inovio-DNA-Covid,Vaccin anti-covid 19 à ADN plasmidique,False,VAC1128
VAC0662,Osaka-DNA-covid / AG0301-COVID19,Vaccin anti-covid 19 à ADN plasmidique,False,VAC1128
VAC0663,Cadila-DNA-covid,Vaccin anti-covid 19 à ADN plasmidique,False,VAC1128
VAC0664,GX-19-DNA-Covid,Vaccin anti-covid 19 à ADN plasmidique,False,VAC1128
VAC0665,COVAXIN BHARAT BIOTECH COVID-19 VACCINE,"Vaccin anti-covid 19 à virus entier inactivé, adjuvé (adjuvant : molécule de la classe des imidazoquinoléines agoniste des TLR 7 et 8 adsorbée sur hydroxyde d’aluminium). Autres noms : BBV152, Bharat Inactivated Covid Vaccine",False,VAC1119
VAC0666,JCOVDEN (former name: JANSSEN COVID-19 VACCINE),Vaccin anti-covid 19 à vecteur viral non réplicatif (adénovirus),False,VAC1185
VAC0667,NUVAXOVID,"Vaccin anti-covid 19 à sous-unité protéique, protéine de pointe recombinante dans des nanoparticules, avec adjuvant (Matrix M). Autre nom : NOVAVAX NVX-CoV2373 COVID-19 Vaccine",False,VAC1129
VAC0668,Kentucky-RBD-Covid,Vaccin anti-covid 19 à sous-unité protéique,False,VAC1138
VAC0669,Arcturus-RNA-Covid,"Vaccin anti-covid 19 à ARNm codant la protéine de pointe du SARS-CoV-2, en cours d'essai clinique",False,VAC1166
VAC0670,SPOUTNIK V,"Vaccin anti-covid 19 à vecteur viral non réplicatif, adénovirus codant la protéine de pointe du SARS-CoV-2",False,VAC1143
VAC0671,Clover-Spike-SCB-2019-Covid,"Vaccin anti-covid 19 à sous-unité protéique, protéine de pointe recombinante, avec adjuvant sans précision",False,VAC1113
VAC0672,Vaxine-Spike-Covid,"Vaccin anti-covid 19 à sous-unité protéique, protéine de pointe recombinante, avec adjuvant (Advax)",False,VAC1113
VAC0673,Queensland-Spike-MF59-Covid,"Vaccin anti-covid 19 à sous-unité protéique, protéine de pointe recombinante, avec adjuvant (MF59)",False,VAC1113
VAC0674,Pasteur-MSD Measles vector Covid,"Vaccin anti-covid 19 à vecteur viral réplicatif, virus de la rougeole codant la protéine de pointe du SARS-CoV-2",False,VAC1187
VAC0675,Imperial-College-RNA-Covid,"Vaccin anti-covid 19 à ARNm codant la protéine de pointe du SARS-CoV-2, en cours d'essai clinique",False,VAC1166
VAC0676,Curevac-RNA-Covid,"Vaccin anti-covid 19 à ARNm codant la protéine de pointe du SARS-CoV-2, en cours d'essai clinique",False,VAC1166
VAC0677,Chinese-PLA-ARN-Covid,"Vaccin anti-covid 19 à ARNm codant la protéine de pointe du SARS-CoV-2, en cours d'essai clinique",False,VAC1166
VAC0678,Medicago-VLP-Covid,"Vaccin anti-covid 19 à VLP, protéine de pointe recombinante, avec adjuvant",False,VAC1106
VAC0679,MEDIGEN-S-2P-CpH1018-COVID,"Vaccin anti-covid 19 à sous-unité protéique, protéine de pointe du SARS-CoV-2 recombinante, S-2P et CpG1018",False,VAC1144
VAC0680,COVILO SINOPHARM COVID-19 VACCINE,"Vaccin anti-covid 19 à virus entier inactivé, cultivé sur cellules Vero - Autres noms : SINOPHARM BBIBP-CorV COVID-19 ; COVID-19 Vaccine BIBP ; Hayat-vax",False,VAC1119
VAC0681,GRAd-COV2 COVID-19 Vaccine ReiThera,"Vaccin anti-covid 19 à vecteur viral non réplicatif, adénovirus codant la protéine de pointe du SARS-CoV-2",False,VAC1143
VAC0682,FLUQUADRI,"Vaccin contre la grippe saisonnière inactivé quadrivalent, à antigène de surface",False,VAC0938
VAC0683,EPIVACCORONA,"Vaccin anti-covid 19 à sous-unité protéique, protéine de pointe du SARS-CoV-2 recombinante",False,VAC1043
VAC0684,QazVac,"Vaccin anti-covid 19 à virus entier inactivé, adjuvé (adjuvant: hydroxyde d’aluminium)",False,VAC1124
VAC0685,VIDPREVTYN BETA,"Vaccin anti-covid 19 à sous-unité protéique, protéine de pointe du SARS-CoV-2 recombinante, avec adjuvant ASO3. Autre nom : Sanofi-GSK Recombinant COVID-19 Vaccine.",False,VAC1043
VAC0686,MULTI-PEPTIDE-pVAC-COVID,"Vaccin anti-covid 19 à sous-unité protéique, protéine de pointe du SARS-CoV-2 recombinante, adaptés aux molécules du complexe majeur d'histocompatibilité II humain",False,VAC1043
VAC0687,UB-612 COVID-19 Vaccine,"Vaccin anti-covid 19 à sous-unité protéique, protéine de pointe du SARS-CoV-2 recombinante (S1 et S2 de la protéine Spike et protéines M et N du SARS-CoV-2)",False,VAC1043
VAC0688,Chinese-Influenza-intranasal-covid,"Vaccin anti-covid 19 à vecteur viral réplicatif (virus influenza), protéine recombinante RBD, par spray intranasal",False,VAC1173
VAC0689,CHINESE-RECOMBINANT-Sf9-COVID,"Vaccin anti-covid 19 à sous-unité protéique, protéine de pointe du SARS-CoV-2 recombinante, exprimées par Baculovirus cultivés sur cellules Sf9",False,VAC1043
VAC0690,Chinese-Ad5-nCoV-covid,"Vaccin anti-covid 19 à vecteur viral non réplicatif, adénovirus 5 codant la protéine de pointe du SARS-CoV-2",False,VAC1176
VAC0691,FINLAY-FR-1,"Vaccin anti-covid 19 à sous-unité protéique, protéine de pointe du SARS-CoV-2 recombinante",False,VAC1043
VAC0692,COVAXX,Vaccin anti-covid 19 à sous-unité protéique,False,VAC1138
VAC0693,VXA-CoV2-1-Covid,"Vaccin anti-covid 19 à vecteur viral non réplicatif, adénovirus 5 codant la protéine de pointe du SARS-CoV-2), avec adjuvants, en comprimé",False,VAC1176
VAC0694,LMU-MVA-SARS-2-S-Covid,"Vaccin anti-covid 19 à vecteur non réplicatif, vaccine Ankara modifiée codant la protéine de pointe du SARS-CoV-2",False,VAC1189
VAC0695,RBD-HBsAg-VLPs-Covid,"Vaccin anti-covid 19 à VLP, protéine de pointe recombinante. L'antigène RBD du SARS-Cov-2 est conjugué à l'antigène HBs du virus de l'hépatite B",False,VAC1106
VAC0696,KCONVAC MINHAI COVID-19 VACCINE,Vaccin anti-covid 19 à virus entier inactivé (culture sur cellules Vero),False,VAC1124
VAC0697,V590 (COVID-19 Vaccine),"Vaccin anti-covid 19 à vecteur viral réplicatif, virus de la stomatite vésiculaire codant la protéine de pointe du SARS-CoV-2",False,VAC1190
VAC0698,hAd5-COVID-19,"Vaccin anti-covid 19 à vecteur viral non réplicatif, adénovirus 5 codant les protéines S et N du SARS-CoV-2",False,VAC1176
VAC0699,IIBR's RECOMBINANT VSV-DeltaG-spike VACCINE,"Vaccin anti-covid 19 à vecteur viral réplicatif, virus de la stomatite vésiculaire codant la protéine de pointe du SARS-CoV-2",False,VAC1190
VAC0701,bacTRL-Spike,"Vaccin anti-covid 19 à ADN plasmidique, codant la protéine de pointe du SARS-CoV-2 véhiculée par Bifidobacterium longum, par voie orale",False,VAC1128
VAC0702,rRBD produced in CHO-cell chemically conjugate to tetanus toxoid,"Vaccin anti-covid 19 à sous-unité protéique, conjuguée à l'anatoxine tétanique",False,VAC1138
VAC0703,Adjuvanted protein subunit (RBD),"Vaccin anti-covid 19 à sous-unité protéique, avec adjuvant",False,VAC1138
VAC0705,INFLUSPLIT TETRA,"Vaccin contre la grippe saisonnière inactivé quadrivalent, à antigène de surface",False,VAC0938
VAC0706,FLUZONE QUADRIVALENT,"Vaccin contre la grippe saisonnière inactivé quadrivalent, à antigène de surface",False,VAC0938
VAC0707,Coronavirus SARS-CoV-2 inactivé,Vaccin anti-covid 19 à virus entier inactivé (culture sur cellules Vero),False,VAC1124
VAC0708,CORVax12,"Vaccin anti-covid 19 à ADN plasmidique, à protéine S avec ou sans la combinaison du plasmide IL-12p70",False,VAC1128
VAC0709,COVI-VAC,Vaccin anti-covid 19 vivant atténué,False,VAC1202
VAC0710,COVID-19 mRNA Vaccine BNT162b2,"Vaccin anti-covid 19 à ARNm, nom commercial initial, dosage adulte 30 microgrammes",False,VAC1150
VAC0711,"Vaccin Typhoïde conjugué, sans précision","Vaccin typhoïdique, antigène Vi conjugué à l'anatoxine tétanique",True,
VAC0712,"Vaccin Typhoïde et Hépatite A, sans précision",Vaccin typhoïdique combiné au vaccin contre l'hépatite A (entier inactivé),True,
VAC0713,"Vaccin Typhoïde polyosidique, sans précision",Vaccin typhoïdique polyosidique non conjugué (antigène capsulaire Vi),True,
VAC0714,"COVID-19 VACCINE (INACTIVATED, ADJUVANTED) VALNEVA","Vaccin entier inactivé cultivé sur cellules Vero, adjuvé avec CpG 1018 (cytosine phospho-guanine) en combinaison avec de l'hydroxyde d'aluminium - Autre nom : Valneva VLA2001",False,VAC1119
VAC0715,ERUCOV-VAC,Vaccin anti-covid 19 à virus entier inactivé,False,VAC1124
VAC0716,SARS-CoV-2-RBD-Fc fusion protein,Vaccin anti-covid 19 à sous-unité protéique,False,VAC1138
VAC0717,CIGB-669,Vaccin anti-covid 19 à sous-unité protéique (RBD + antigène de nucléocapside du virus de l'hépatite B),False,VAC1138
VAC0718,CIGB-66,Vaccin anti-covid 19 à sous-unité protéique (RBD + antigène de nucléocapside du virus de l'hépatite B),False,VAC1138
VAC0719,NANOCOVAX,"Vaccin anti-covid 19 à sous-unité protéique, protéine de pointe recombinante, avec adjuvant sans précision",False,VAC1113
VAC0720,S-268019,"Vaccin anti-covid 19 à sous-unité protéique, protéine de pointe recombinante, exprimée par baculovirus",False,VAC1113
VAC0721,AdimrSC-2f,"Vaccin anti-covid 19 à sous-unité protéique, adjuvé ou non par aluminium",False,VAC1138
VAC0722,Covigenix VAX-001,"Vaccin anti-covid 19 à ADN plasmidique, codant la protéine de la nucléocapside",False,VAC1128
VAC0723,GLS-5310,Vaccin anti-covid 19 à ADN plasmidique,False,VAC1128
VAC0724,ChulaCov19,"Vaccin anti-covid 19 à ARNm codant la protéine de pointe du SARS-CoV-2, en cours d'essai clinique (encapsulé dans une nanoparticule lipidique)",False,VAC1166
VAC0725,COH04S1,"Vaccin anti-covid 19 à vecteur non réplicatif, vaccine Ankara modifiée codant la protéine de pointe du SARS-CoV-2, contenant des fragments d'ADN codant pour la protéine spike et la nucleocapsid du SARS-CoV-2",False,VAC1189
VAC0726,AdCOVID,"Vaccin anti-covid 19 à vecteur viral non réplicatif, adénovirus codant la protéine de pointe du SARS-CoV-2",False,VAC1143
VAC0727,AdCLD-CoV19,"Vaccin anti-covid 19 à vecteur viral non réplicatif, adénovirus 5/35 codant la protéine de pointe du SARS-CoV-2",False,VAC1176
VAC0728,Covid-19/aAPC,Vaccin anti-covid-19 préparé en appliquant une modification du lentivirus avec des gènes d'immunomodulation et les minigènes viraux aux cellules présentatrices d'antigènes artificielles (aAPCs),False,VAC1186
VAC0729,LV-SMENP-DC vaccine,Vaccin anti-covid 19 à vecteur viral non replicatif avec cellules présentant l'antigène. Cellules dendritiques modifiées par un lentivirus exprimant un minigène synthétique basé sur des extraits de protéines virales du SARS-CoV-2. Ce vaccin est aussi administré avec des lymphocytes T recombinants spécifiques aux antigènes du SARS-CoV-2,False,VAC1142
VAC0730,Dendritic cell AV-COVID-19,Cellules dendritiques autologues incubées en présence de protéine S(spike) du SARS-CoV-2 avec ou sans GM-CSF,False,VAC1186
VAC0731,DITANRIX,"Vaccin diphtérique (anatoxine, dose réduite) et tétanique (anatoxine), dose adulte",False,VAC0920
VAC0732,COVAC-1 - COVAC-2,"Vaccin anti-covid 19 à sous-unité protéique, protéine de pointe recombinante, avec adjuvant (squalène)",False,VAC1113
VAC0733,HEPLISAV-B,"Vaccin recombinant contre l'hépatite B, dose adulte",False,VAC0915
VAC0734,POLIO BOOSTRIX,"Vaccin diphtérique (anatoxine, dose réduite), tétanique (anatoxine), coquelucheux (acellulaire multicomposé, 5 composants, dose réduite) et poliomyélitique (entier inactivé, trivalent), adsorbé",False,VAC0585
VAC0735,POLIOINFANRIX,"Vaccin pédiatrique diphtérique (anatoxine, dose standard), tétanique (anatoxine), coquelucheux (acellulaire multicomposé, dose standard) et poliomyélitique (entier inactivé, trivalent)",False,VAC0551
VAC0736,TRIAXIS POLIO,"Vaccin diphtérique (anatoxine, dose réduite), tétanique (anatoxine), coquelucheux (acellulaire multicomposé, 5 composants, dose réduite) et poliomyélitique (entier inactivé, trivalent), adsorbé",False,VAC0585
VAC0737,GBP510,"Vaccin anti-covid 19 à sous-unité protéique, protéine de pointe recombinante, avec adjuvant (AS03)",False,VAC1113
VAC0739,RAZI Cov Pars,"Vaccin anti-covid 19 à sous-unité protéique, protéine de pointe recombinante, avec adjuvant sans précision",False,VAC1113
VAC0740,PTX-COVID19-B,"Vaccin anti-covid 19 à ARNm codant la protéine de pointe du SARS-CoV-2, en cours d'essai clinique",False,VAC1166
VAC0741,COVID-eVax,"Vaccin anti-covid 19 à ADN plasmidique, codant la protéine de pointe du SARS-CoV-2",False,VAC1128
VAC0742,COVIGEN,Vaccin anti-covid 19 à ADN plasmidique,False,VAC1128
VAC0743,BBV154,"Vaccin anti-covid 19 à vecteur viral non réplicatif, adénovirus codant la protéine de pointe du SARS-CoV-2",False,VAC1143
VAC0744,COVID-19 inactivated vaccine,Vaccin anti-covid 19 à virus entier inactivé (culture sur cellules Vero),False,VAC1124
VAC0745,MF59 adjuvanted SARS-CoV-2 Sclamp vaccine,"Vaccin anti-covid 19 à sous-unité protéique, protéine de pointe recombinante, avec adjuvant (squalène)",False,VAC1113
VAC0752,COVISHIELD,"Vaccin anti-covid 19 à vecteur viral non réplicatif, adénovirus de chimpanzé ChadOx1 codant la protéine de pointe du SARS-CoV-2",False,VAC1170
VAC0753,Inactivated SARS-CoV-2 vaccine FAKHRAVAC (MIVAC),Vaccin anti-covid 19 à virus entier inactivé,False,VAC1124
VAC0754,Inactivated Koçak-19 Inaktif Adjuvant COVID-19 Vaccine,"Vaccin anti-covid 19 à virus entier inactivé, adjuvé (adjuvant non précisé)",False,VAC1124
VAC0755,Adjuvanted inactivated vaccine against SARS-CoV-2,"Vaccin anti-covid 19 à virus entier inactivé, adjuvé (adjuvant : hydroxyde d'aluminium + agoniste du TLR9 (CpG ODN)",False,VAC1124
VAC0756,MV-014-212,"Vaccin anti-covid 19 vivant atténué, exprimant la protéine de pointe du SARS-CoV-2",False,VAC1202
VAC0757,NBP 2001,"Vaccin anti-covid 19 à sous-unité protéique, protéine de pointe recombinante, avec adjuvant (hydroxyde d'aluminium)",False,VAC1113
VAC0758,SpFN COVID 19 vaccine + AFLQ,"Vaccin anti-covid 19 à sous-unité protéique, protéine de pointe recombinante, avec adjuvant (AFKQ : liposomal contenant de la saponine QS21)",False,VAC1113
VAC0759,EuCorVac-19,"Vaccin anti-covid 19 à sous-unité protéique, protéine de pointe recombinante, avec adjuvant sans précision",False,VAC1113
VAC0760,ReCOV,"COVID-19 vaccine, protein subunit, recombinant spike protein, with adjuvant unspecified",False,VAC1535
VAC0761,V-01,"Vaccin anti-covid 19 à sous-unité protéique, protéine de pointe recombinante, protéine de fusion",False,VAC1113
VAC0762,CoV2 SAM (LNP) vaccine,"Vaccin anti-covid 19 à ARNm auto-amplifiant (AAM) encapsulé dans une nanoparticule lipidique (NPL) et codant la protéine de pointe du SARS-CoV-2, en cours d'essai clinique",False,VAC1206
VAC0763,mRNA-1273.351,"Vaccin anti-covid 19 à ARNm codant la protéine de pointe du SARS-CoV-2 variant B.1.351, en cours d'essai clinique (encapsulé dans une nanoparticule lipidique)",False,VAC1166
VAC0764,MRT5500,"Vaccin anti-covid 19 à ARNm codant la protéine de pointe du SARS-CoV-2, en cours d'essai clinique",False,VAC1166
VAC0765,DS-5670a,"Vaccin anti-covid 19 à ARNm codant la protéine de pointe du SARS-CoV-2, en cours d'essai clinique",False,VAC1166
VAC0766,HDT-301,"Vaccin anti-covid 19 à ARNm codant la protéine de pointe du SARS-CoV-2, en cours d'essai clinique (encapsulé dans une nanoparticule lipidique)",False,VAC1166
VAC0767,ChAdV68 SAM-LNP rS-TCE GRITSTONE ONCOLOGY COVID-19 VACCINE,"Vaccins anti-covid 19 à adénovirus de chimpanzé et à ARNm auto-amplifiant : 
1. A vecteur viral non réplicatif, adénovirus de chimpanzé, sérotype 68 (ChAdV68), codant la protéine de pointe du SARS-CoV-2 (ChAdV68-S) et/ou la protéine de pointe plus des épitopes supplémentaires du SARS-CoV-2 reconnus par les cellules T (ChAdV68-S-TCE) et 2. A ARNm auto-amplifiant (SAM) dans des nanoparticules lipidiques (SAM-LNP) codant la protéine de pointe du SARS-CoV-2 (SAM-S) et/ou la protéine de pointe plus des épitopes supplémentaires du SARS-CoV-2 reconnus par les cellules T (SAM-S-TCE), vecteur SAM basé sur le virus de l'encéphalite équine du Venezuela (VEEV)",False,VAC1197
VAC0768,COVIVAC,"Vaccin anti-covid 19 à vecteur non réplicatif, virus de la maladie de Newcastle codant la protéine de pointe du SARS-CoV-2, avec ou sans adjuvant CpG 1018",False,VAC1139
VAC0769,SC-Ad6-1,"Vaccin anti-covid 19 à vecteur viral non réplicatif, adénovirus 6 codant la protéine de pointe du SARS-CoV-2",False,VAC1143
VAC0770,NDV-HXP-S,"Vaccin anti-covid 19 à vecteur viral réplicatif, virus de la maladie de Newcastle codant la protéine de pointe du SARS-CoV-2, avec ou sans adjuvant CpG 1018",False,VAC1207
VAC0771,VBI-2902a,"Vaccin anti-covid 19 à VLP, protéine de pointe recombinante, avec adjuvant (phosphate d'aluminium)",False,VAC1106
VAC0772,SARS-CoV-2 VLP Vaccine,"Vaccin anti-covid 19 à VLP, protéine de pointe recombinante, sans précision sur la protéine exprimée du SARS-CoV-2, avec adjuvants (aluminium de type non précisé + CpGODN-K3, un agoniste des récepteurs de type TLR9)",False,VAC1106
VAC0773,ABNCoV2,"Vaccin anti-covid 19 à VLP, protéine de pointe recombinante, avec ou sans adjuvant MF56 (squalène)",False,VAC1106
VAC0774,"FSME-IMMUN 0,25 mL","Vaccin entier inactivé contre l'encéphalite à tiques, souche Neudörfl, dose pédiatrique",False,VAC1037
VAC0775,"Vaccin DTCeHib - Diphtérie-Tétanos-Coqueluche-Hib, sans précision","Vaccin pédiatrique diphtérique (anatoxine, dose standard), tétanique (anatoxine), coquelucheux (entier inactivé) et anti-Haemophilus influenzae type b (conjugué, sans précision)",True,
VAC0776,TETRABIK,"Vaccin pédiatrique diphtérique (anatoxine, dose standard), tétanique (anatoxine), coquelucheux (acellulaire multicomposé, dose standard) et poliomyélitique (entier inactivé, trivalent)",False,VAC0551
VAC0777,ADJUPANRIX,"Vaccin contre la grippe A(H5N1) (virion fragmenté, inactivé, avec adjuvant)",False,VAC0084
VAC0778,VAXCHORA,Vaccin cholérique vivant atténué (souche atténuée CVD 103-HgR de V. cholerae produite par une technologie d’ADN recombiné),False,VAC0806
VAC0779,BATREVAC,"Vaccin contre la grippe saisonnière inactivé trivalent, à antigène de surface",False,VAC0925
VAC0780,VAXNEUVANCE,"Vaccin pneumococcique polyosidique conjugué, 15-valent, adsorbé, sérotypes 1, 3, 4, 5, 6A, 6B, 7F, 9V, 14, 18C, 19A, 19F, 22F, 23F et 33F",False,VAC1239
VAC0781,RABIVAC,"Vaccin rabique entier inactivé, cultivé sur cellules d’embryon de poulet (PCEC), inactivation par la ß-propiolactone",False,VAC0942
VAC0782,RASILVAX,"Vaccin rabique entier inactivé, cultivé sur cellules d’embryon de poulet (PCEC), inactivation par la ß-propiolactone",False,VAC0942
VAC0783,R-COVI,"Vaccin anti-covid 19 à vecteur viral non réplicatif, adénovirus de chimpanzé ChadOx1 codant la protéine de pointe du SARS-CoV-2",False,VAC1170
VAC0784,PERTAGEN,"Vaccin coquelucheux (acellulaire multicomposé, dose réduite)",False,VAC1232
VAC0785,BOOSTAGEN,"Vaccin diphtérique (anatoxine, dose réduite), tétanique (anatoxine) et coquelucheux (acellulaire multicomposé, dose réduite)",False,VAC0610
VAC0786,PREVNAR 20,"Vaccin pneumococcique polyosidique conjugué, 20-valent, adsorbé, sérotypes 1, 3, 4, 5, 6A, 6B, 7F, 8, 9V, 10A, 11A, 12F, 14, 15B, 18C, 19A, 19F, 22F, 23F et 33F",False,VAC1163
VAC0787,"Vaccin Diphtérie (dose non précisée), Tétanos, Rubéole, sans précision","Vaccin diphtérique (anatoxine, dose non précisée), tétanique (anatoxine) et contre la rubéole (vivant atténué)",True,
VAC0788,"Vaccin Haemophilus influenzae b et Poliomyélite, sans précision","Vaccin anti-Haemophilus influenzae de type b (conjugué, sans précision) et poliomyélitique (entier inactivé, trivalent)",True,
VAC0789,COMVAC4,"Vaccin pédiatrique diphtérique (anatoxine, dose standard), tétanique (anatoxine), coquelucheux (entier inactivé) et de l’hépatite B (recombinant), adsorbé",False,VAC1208
VAC0790,"Vaccin DTHepB - Diphtérie-Tétanos-Hépatite B, sans précision","Vaccin diphtérique (anatoxine, dose non précisée), tétanique (anatoxine) et de l'hépatite B (recombinant)",True,
VAC0791,"Vaccin hexavalent DTPCoqHibHepB - Diphtérie-Tétanos-Coqueluche-Polio-Hib-Hépatite B, sans précision","Vaccin pédiatrique diphtérique (anatoxine, dose standard), tétanique (anatoxine), coquelucheux (acellulaire ou entier inactivé, dose non précisée), poliomyélitique (entier inactivé, trivalent), anti-Haemophilus influenzae type b (conjugué, sans précision) et de l'hépatite B (recombinant)",True,
VAC0792,"Vaccin pentavalent DTCoqPHepB - Diphtérie-Tétanos-Coqueluche-Polio-Hépatite B, sans précision","Vaccin diphtérique (anatoxine, dose standard), tétanique (anatoxine), coquelucheux (acellulaire ou entier inactivé, dose non précisée), poliomyélitique (entier inactivé, trivalent) et de l'hépatite B (recombinant)",True,
VAC0793,"Diph-T, unspecified","Vaccin diphtérique (anatoxine, dose réduite) et tétanique (anatoxine)",False,VAC0920
VAC0794,"Vaccin Tétanos avec Ig T, sans précision",Vaccin tétanique (anatoxine) associé aux immunoglobulines anti-tétaniques,True,
VAC0795,"Vaccin Coqueluche acellulaire, sans précision","Vaccin coquelucheux (acellulaire, dose non précisée)",True,
VAC0796,"Vaccin Coqueluche, sans précision","Vaccin coquelucheux (acellulaire ou entier inactivé, dose non précisée)",True,
VAC0797,"Vaccin Diphtérie, Tétanos et Coqueluche, sans précision","Vaccin diphtérique (anatoxine, dose non précisée), tétanique (anatoxine) et coquelucheux (acellulaire, dose non précisée)",True,
VAC0798,"Vaccin Haemophilus influenzae b et Méningocoque C, sans précision","Vaccin anti-Haemophilus influenzae type b (conjugué, sans précision) et contre les méningocoques du sérogroupe C",True,
VAC0799,"Vaccin DTHib - Diphtérie-Tétanos-Hib, sans précision","Vaccin pédiatrique diphtérique (anatoxine, dose standard), tétanique (anatoxine) et anti-Haemophilus influenzae type b (conjugué, sans précision)",True,
VAC0800,"Vaccin DTCoqHib - Diphtérie-Tétanos-Coqueluche-Hib, sans précision","Vaccin pédiatrique diphtérique (anatoxine, dose standard), tétanique (anatoxine), coquelucheux (acellulaire ou entier inactivé, dose non précisée) et  anti-Haemophilus influenzae type b (conjugué, sans précision)",True,
VAC0801,"Vaccin Hépatite B et Haemophilus influenzae b, sans précision","Vaccin anti-Haemophilus influenzae type b (conjugué, sans précision) et contre l'hépatite B",True,
VAC0802,"Vaccin Poliomyélite monovalent oral - type non connu, sans précision","Vaccin poliomyélitique (vivant atténué, monovalent), voie orale",True,
VAC0803,Polio Sabin One and Three GSK,"Vaccin poliomyélitique (vivant atténué, bivalent) contre les poliovirus 1 et 3, par voie orale",False,VAC0600
VAC0804,"Vaccin Charbon, sans précision","Vaccin contre le charbon, sans précision",True,
VAC0805,"Vaccin Choléra, entier inactivé, injectable, sans précision","Vaccin cholérique entier inactivé, injectable",True,
VAC0806,"Vaccin Choléra, vivant atténué, sans précision",Vaccin cholérique vivant atténué (souche atténuée CVD 103-HgR de V. cholerae produite par une technologie d’ADN recombiné),True,
VAC0807,"Vaccin Choléra et Typhoïde inactivé, sans précision","Vaccin cholérique (entier inactivé) et typhoïdique (entier inactivé), injectable",True,
VAC0808,"Vaccin Haemophilus influenzae b et Ménigocoque CY, sans précision","Vaccin anti-Haemophilus influenzae type b (conjugué, sans précision) et contre les méningocoques des sérogroupes C et Y",True,
VAC0809,"Vaccin Méningocoque polyosidique monovalent, sans précision","Vaccin monovalent contre les méningocoques, polyosidique conjugué ou non conjugué",True,
VAC0810,"Vaccin Méningocoque polyosidique polyvalent, sans précision",Vaccin polyvalent polyosidique non conjugué contre les méningocoques,True,
VAC0811,"Vaccin Méningocoque B, sans précision","Vaccin contre les méningocoques du sérogroupe B, type de vaccin non précisé",True,
VAC0812,"Vaccin Peste entier inactivé, sans précision",Vaccin contre la peste (entier inactivé),True,
VAC0813,"Vaccin Pneumocoque non conjugué, sans précision","Vaccin pneumococcique polyosidique non conjugué, sérotypes non précisés",True,
VAC0814,"Vaccin Pneumocoque conjugué, sans précision","Vaccin pneumococcique polyosidique conjugué, sérotypes non précisés",True,
VAC0815,"Vaccin Pneumocoque et Haemophilus influenzae b, sans précision","Vaccin anti-Haemophilus influenzae type b (conjugué, sans précision) et pneumococcique (conjugué, sans précision)",True,
VAC0816,PEDATYPH,"Vaccin typhoïdique, antigène Vi conjugué à l'anatoxine tétanique",False,VAC0711
VAC0817,"Vaccin Typhoïde entier inactivé, sans précision",Vaccin typhoïdique entier inactivé,True,
VAC0818,"Vaccin Typhoïde et Paratyphoïde, sans précision","Vaccin typhoïdique et paratyphoïdique A et B, entier inactivé",True,
VAC0819,"Vaccin Encéphalite Japonaise entier inactivé, sans précision",Vaccin entier inactivé contre l'encéphalite japonaise,True,
VAC0820,"Vaccin Grippe entier inactivé, sans précision",Vaccin contre la grippe saisonnière à virus entier inactivé,True,
VAC0821,"Vaccin Grippe inactivé, fractionné ou sous-unité, sans précision",Vaccin contre la grippe saisonnière inactivé,True,
VAC0822,"Vaccin Grippe vivant atténué, sans précision","Vaccin contre la grippe saisonnière, à virus vivant atténué, par voie nasale",True,
VAC0823,"Vaccin Grippe VLP, sans précision","Vaccin contre la grippe saisonnière à pseudo-particules virales (VLP : ""Virus-Like Particle"")",True,
VAC0824,"Vaccin Hépatite A virosomal, sans précision","Vaccin entier inactivé contre l'hépatite A, virosomal, dose pédiatrique ou adulte",True,
VAC0825,"Vaccin Hépatites A et B combiné, sans précision",Vaccin combiné contre l'hépatite A (entier inactivé) et l'hépatite B,True,
VAC0826,MEASLES AND RUBELLA VACCINE SII,Vaccin vivant atténué contre la rougeole et la rubéole,False,VAC0550
VAC0827,"Vaccin ROR-V - Rougeole-Oreillons-Rubéole-Varicelle, sans précision","Vaccin vivant atténué contre la rougeole, la rubéole, les oreillons et la varicelle",True,
VAC0828,"Vaccin Rotavirus pentavalent, sans précision","Vaccin vivant atténué pentavalent contre les rotavirus, par voie orale",True,
VAC0829,"Vaccin Rubéole et Oreillons, sans précision",Vaccin vivant atténué contre la rubéole et les oreillons,True,
VAC0830,"Vaccin Zona sous-unitaire, sans précision","Vaccin contre le zona, sous-unitaire (correspond actuellement à la glycoprotéine E)",True,
VAC0831,"Vaccin Ebola, sans précision",Vaccin contre le virus Ebola,True,
VAC0832,"Vaccin Herpes Simplex, sans précision",Vaccin contre l'herpès simplex à virus inactivé,True,
VAC0833,COMIRNATY 10 µg  BIONTECH-PFIZER,"Vaccin à ARNm contre la covid 19, 10 microgrammes, dose pédiatrique 5-11 ans",False,VAC0927
VAC0835,FIOCRUZ COVID-19 VACCINE,"Vaccin anti-covid 19 à vecteur viral non réplicatif, adénovirus de chimpanzé ChadOx1 codant la protéine de pointe du SARS-CoV-2",False,VAC1170
VAC0836,FLUAD TETRA,"Vaccin contre la grippe saisonnière inactivé quadrivalent, à antigène de surface",False,VAC0938
VAC0837,COVOVAX SII,"Vaccin anti-covid 19 à sous-unité protéique, protéine de pointe recombinante dans des nanoparticules, avec adjuvant (Matrix M). Autre nom : NOVAVAX NVX-CoV2373 COVID-19 Vaccine",False,VAC1129
VAC0838,COVOVAX NOVAVAX,"Vaccin anti-covid 19 à sous-unité protéique, protéine de pointe recombinante dans des nanoparticules, avec adjuvant (Matrix M). Autre nom : NOVAVAX NVX-CoV2373 COVID-19 Vaccine",False,VAC1129
VAC0839,"Vaccin Brucellose entier inactivé, sans précision",Vaccin entier inactivé contre la brucellose,True,
VAC0840,ADDIGRIP,"Vaccin contre la grippe saisonnière inactivé trivalent, à antigène de surface",False,VAC0925
VAC0841,"INFLUVAC 0,25 mL","Vaccin contre la grippe saisonnière inactivé trivalent, à antigène de surface, dose pédiatrique",False,VAC0925
VAC0842,NEORABIS,"Vaccin rabique entier inactivé, souche virale Wistar PM1503-3M, cultivé sur cellules Vero, inactivé par la bêta-propiolactone",False,VAC1116
VAC0843,NOVIRAB,"Vaccin rabique entier inactivé, souche WISTAR PM/WI 38-1503-3M, cultivé sur cellules Vero, inactivé par la bêta-propiolactone",False,VAC1116
VAC0844,VERORABVAX,"Vaccin rabique entier inactivé, souche WISTAR PM/WI 38-1503-3M, cultivé sur cellules Vero, inactivé par la bêta-propiolactone",False,VAC1116
VAC0845,ORAL POLIO VACCINE PRODUCED ON VERO MERIEUX CELLS,"Vaccin poliomyélitique (entier inactivé, trivalent), par voie orale",False,VAC1212
VAC0846,VACCIN POLIOMYELITIQUE ORAL BIVALENT TYPES 1 et 3,"Vaccin poliomyélitique (vivant atténué, bivalent) contre les poliovirus 1 et 3, par voie orale",False,VAC0600
VAC0847,VACCIN PNEUMOCOCCIQUE SARBACH,"Vaccin pneumococcique polyosidique non conjugué, 15-valent, sérotypes 1, 2, 3, 4, 6B, 7F, 8, 9N, 11A, 12F, 14, 15F, 18C, 19F et 23F",False,VAC1234
VAC0848,VACCIN BCG INSTITUT MERIEUX,Vaccin contre la tuberculose (vivant atténué),False,VAC0134
VAC0849,"Vaccin Tularémie, sans précision",Vaccin contre la tularémie,True,
VAC0850,NEISVAC-C,Vaccin méningococcique polyosidique conjugué à l'anatoxine tétanique contre le sérogroupe C,False,VAC1184
VAC0851,POLIO SABIN MONO TWO (ORAL) GSK,"Vaccin poliomyélitique (vivant atténué, monovalent) contre les poliovirus 2, par voie orale",False,VAC0852
VAC0852,"Vaccin Poliomyélite oral monovalent type 2 - mOPV2, sans précision","Vaccin poliomyélitique (vivant atténué, monovalent) contre les poliovirus 2, par voie orale",True,
VAC0853,"Vaccin Poliomyélite oral monovalent type 1 - mOPV1, sans précision","Vaccin poliomyélitique (vivant atténué, monovalent) contre les poliovirus 1, par voie orale",True,
VAC0854,"Vaccin Poliomyélite oral monovalent type 3 - mOPV3, sans précision","Vaccin poliomyélitique (vivant atténué, monovalent) contre les poliovirus 3, par voie orale",True,
VAC0855,"Vaccin DiphTP - Diphtérie-Tétanos-Polio, sans précision","Vaccin diphtérique (anatoxine, dose non précisée), tétanique (anatoxine) et poliomyélitique (entier inactivé, trivalent)",True,
VAC0856,"Vaccin DTCaHib - Diphtérie-Tétanos-Coqueluche-Hib, sans précision","Vaccin pédiatrique diphtérique (anatoxine, dose standard), tétanique (anatoxine), coquelucheux (acellulaire multicomposé, dose standard) et anti-Haemophilus influenzae de type b (conjugué, sans précision)",True,
VAC0857,"Vaccin DTCoqHepB - Diphtérie-Tétanos-Coqueluche-Hépatite B, sans précision","Vaccin pédiatrique diphtérique (anatoxine, dose standard), tétanique (anatoxine), coquelucheux (acellulaire ou entier inactivé, dose non précisée) et de l’hépatite B (recombinant)",True,
VAC0858,"Vaccin HPV bivalent, sans précision","Vaccin contre les papillomavirus humains à base de VLP (Virus Like Particles ou pseudo particules virales), bivalent (types 16 et 18), recombinant",True,
VAC0859,"Vaccin HPV quadrivalent, sans précision","Vaccin contre les papillomavirus humains à base de VLP (Virus Like Particles ou pseudo particules virales), quadrivalent (types 6, 11, 16 et 18), recombinant, adsorbé",True,
VAC0860,"Vaccin HPV nonavalent, sans précision","Vaccin contre les papillomavirus humains à base de VLP (Virus Like Particles ou pseudo particules virales), nonavalent (types 6, 11, 16, 18, 31, 33, 45, 52 et 58), recombinant, adsorbé",True,
VAC0861,"Vaccin Méningocoque B multicomposé, sans précision",Vaccin contre les méningocoques du sérogroupe B (multicomposé - plusieurs protéines),True,
VAC0862,"Immunoglobuline Rougeole, sans précision",Immunoglobuline contre la rougeole,True,
VAC0863,"Immunoglobuline Hépatite B, sans précision",Immunoglobuline contre l'hépatite B,True,
VAC0864,"Immunoglobuline Varicelle, sans précision",Immunoglobuline contre le virus de la varicelle,True,
VAC0865,"Vaccin Méningocoque A non conjugué, sans précision",Vaccin polyosidique non conjugué contre les méningocoques du sérogroupe A,True,
VAC0866,"Vaccin Méningocoque A conjugué, sans précision",Vaccin polyosidique conjugué contre les méningocoques du sérogroupe A,True,
VAC0867,"Antitoxine Diphtérie, sans précision",Immunoglobuline anti-toxine diphtérique,True,
VAC0868,MENPOVAX A,Vaccin polyosidique non conjugué contre les méningocoques du sérogroupe A,False,VAC0865
VAC0869,MENPOVAX C,Vaccin polyosidique non conjugué contre les méningocoques du sérogroupe C,False,VAC1110
VAC0870,TYPBAR,"Vaccin typhoïdique, antigène Vi conjugué à l'anatoxine tétanique",False,VAC0711
VAC0871,SUPEMTEK TETRA,"Vaccin contre la grippe saisonnière inactivé quadrivalent, produit sur culture cellulaire",False,VAC1200
VAC0872,INFLUPOZZI SUBUNITA,"Vaccin contre la grippe saisonnière inactivé trivalent, cultivé sur oeuf, à antigène de surface",False,VAC0925
VAC0873,INFLUPOZZI ADIUVATO,"Vaccin contre la grippe saisonnière inactivé trivalent, cultivé sur oeuf, à antigène de surface, avec adjuvant MF59C.1",False,VAC0925
VAC0874,INNOFLU,"Vaccin contre la grippe saisonnière inactivé trivalent, cultivé sur oeuf, à antigène de surface, avec adjuvant MF59C.2",False,VAC0925
VAC0875,PANDEMIC INFLUENZA VACCINE H5N1 ASTRAZENECA,"Vaccin pré-pandémique contre la grippe A(H5N1) (vivant atténué), par voie nasale",False,VAC0084
VAC0876,CINQUERIX,"Vaccin pédiatrique diphtérique (anatoxine, dose standard), tétanique (anatoxine), coquelucheux (acellulaire multicomposé, dose standard), anti-Haemophilus influenzae type b (conjugué à l'anatoxine tétanique) et poliomyélitique (entier inactivé, trivalent), adsorbé",False,VAC1115
VAC0877,INFANRIX HEPB,"Vaccin pédiatrique diphtérique (anatoxine, dose standard), tétanique (anatoxine), coquelucheux (acellulaire multicomposé, dose standard) et de l’hépatite B (recombinant)",False,VAC1216
VAC0878,TRITANRIX,"Vaccin pédiatrique diphtérique (anatoxine, dose standard), tétanique (anatoxine) et coquelucheux (entier inactivé)",False,VAC0136
VAC0879,ACELLUVAX,"Vaccin coquelucheux (acellulaire multicomposé, 3 composants, dose standard)",False,VAC1167
VAC0880,"Vaccin pentavalent DTCoqHibP - Diphtérie-Tétanos-Coqueluche-Hib-Polio, sans précision","Vaccin pédiatrique diphtérique (anatoxine, dose standard), tétanique (anatoxine), coquelucheux (acellulaire ou entier inactivé, dose non précisée), anti-Haemophilus influenzae type b (conjugué, sans précision) et poliomyélitique (entier inactivé, trivalent)",True,
VAC0881,"Vaccin Encéphalite Japonaise vivant atténué, sans précision","Vaccin vivant atténué contre l'encéphalite japonaise, souche et plate-forme de production non précisées",True,
VAC0882,CANDID 1,"Vaccin vivant atténué contre la fièvre hémorragique d'Argentine, virus Junin",False,VAC1134
VAC0883,ENTEROVACCINO TIFICO SCLAVO,"Vaccin typhoïdique entier inactivé, par voie orale",False,VAC0817
VAC0884,DIF-PER-TET-ALL CHIRON,"Vaccin pédiatrique diphtérique (anatoxine, dose standard), tétanique (anatoxine), coquelucheux (acellulaire multicomposé, 3 composants, dose standard)",False,VAC0602
VAC0885,INFLUPOZZI ZONALE,"Vaccin contre la grippe saisonnière inactivé trivalent, cultivé sur oeuf, à antigène de surface",False,VAC0925
VAC0886,MONO OPV1,"Vaccin poliomyélitique (vivant atténué, monovalent) contre les poliovirus 1, par voie orale",False,VAC0853
VAC0887,POLIORAL,"Vaccin poliomyélitique (vivant atténué, trivalent) contre les poliovirus 1, 2 et 3, par voie orale",False,VAC0320
VAC0888,QUATTVAXEM,"Vaccin pédiatrique diphtérique (anatoxine, dose standard), tétanique (anatoxine), coquelucheux (entier inactivé), anti-Haemophilus influenzae type b (conjugué à l'anatoxine diphtérique) et de l’hépatite B (recombinant)",False,VAC1192
VAC0889,MONO OPV3,"Vaccin poliomyélitique (vivant atténué, monovalent) contre les poliovirus 3, par voie orale",False,VAC0854
VAC0890,NEOTYF,"Vaccin typhoïdique vivant atténué, souche de Salmonella Typhi Ty21a, par voie orale",False,VAC0424
VAC0891,PNEUMOPUR,"Vaccin pneumococcique polyosidique non conjugué, 23-valent, sérotypes 1, 2, 3, 4, 5, 6B, 7F, 8, 9N, 9V, 10A, 11A, 12F, 14, 15B, 17F, 18C, 19F, 19A, 20, 22F, 23F et 33F",False,VAC0339
VAC0892,POLIOVAX-IN,"Vaccin poliomyélitique (entier inactivé, trivalent)",False,VAC0270
VAC0893,VACCINO ANTICOLERICO SCLAVO,"Cholera vaccine, unspecified",False,VAC0144
VAC0894,"Vaccin Adénovirus, sans précision","Vaccin contre les adénovirus, sans précision de type",True,
VAC0895,"Vaccin Encéphalite équine vénézuélienne, sans précision",Vaccin vivant atténué à ARN contre le virus de l'encéphalite équine vénézuélienne,True,
VAC0896,"Vaccin Fièvre Q, sans précision",Vaccin inactivé contre la fièvre Q,True,
VAC0897,"Vaccin Hantavirus, sans précision","Vaccin entier inactivé contre les fièvres hémorragiques avec syndrome rénal (FHSR) causées par un hantavirus, sans précision",True,
VAC0898,"Vaccin Leishmaniose, sans précision",Vaccin contre la leishmaniose,True,
VAC0899,"Vaccin Virus Parainfluenza humains, sans précision",Vaccin contre les virus Parainfluenza humains,True,
VAC0900,PREVENAR 20 (previously APEXXNAR),"Vaccin pneumococcique polyosidique conjugué, 20-valent, adsorbé, sérotypes 1, 3, 4, 5, 6A, 6B, 7F, 8, 9V, 10A, 11A, 12F, 14, 15B, 18C, 19A, 19F, 22F, 23F et 33F - Nouveau nom depuis le 12/03/2024 (auparavant : APEXXNAR)",False,VAC1163
VAC0901,MENCEVAX ACW,"Vaccin polyosidique non conjugué contre les méningocoques des sérogroupes A, C et W",False,VAC1109
VAC0902,"Vaccin Rage type Semple, sans précision","Vaccin rabique entier inactivé, préparé sur tissu cérébral de chèvre ou de mouton infecté par le virus de la rage, inactivé par du phénol ou de la ß-propiolactone, contient de la myéline",True,
VAC0903,"Vaccin Rage type Fuenzalida, sans précision","Vaccin rabique entier inactivé, préparé sur tissu cérébral de souriceau à la mamelle infecté par le virus de la rage, teneur réduite en myéline",True,
VAC0904,"Vaccin Rage préparé sur embryon de canard, sans précision","Vaccin rabique entier inactivé, préparé sur cellules d’embryon de canard, inactivation par la ß-propiolactone",True,
VAC0905,"Vaccin Rage PHKCV, sans précision","Vaccin rabique entier inactivé, préparé en culture primaire de cellules rénales de hamster (PHKCV), souche Beijing, inactivaté par le formol",True,
VAC0906,"Vaccin Zona, sans précision",Vaccin contre le zona,True,
VAC0907,"Vaccin Adénovirus de type 4, sans précision",Vaccin contre les adénovirus de type 4,True,
VAC0908,"Vaccin Adénovirus de type 7, sans précision",Vaccin contre les adénovirus de type 7,True,
VAC0909,"Antitoxine Botulisme, sans précision",Antitoxine  contre le botulisme,True,
VAC0910,"Vaccin Hépatite A, entier inactivé, dose adulte, sans précision","Vaccin entier inactivé contre l'hépatite A, dose adulte",True,
VAC0911,"Vaccin Hépatite A, monovalent, dose pédiatrique, sans précision","Vaccin entier inactivé contre l'hépatite A, dose pédiatrique",True,
VAC0912,"Vaccin Hépatite A, dose pédiatrique, sans précision","Vaccin entier inactivé contre l'hépatite A, dose pédiatrique, formulation non précisée (monovalente ou bivalente avec l'hépatite B)",True,
VAC0913,BIMERVAX,"Vaccin anti-covid 19 à sous-unité protéique, protéine de pointe recombinante, hétérodimère de fusion RBD, avec adjuvant",False,VAC1138
VAC0914,"Vaccin Hépatite B, monovalent, dose pédiatrique, sans précision","Vaccin recombinant contre l'hépatite B, monovalent, dose pédiatrique",True,
VAC0915,"Vaccin Hépatite B, monovalent, dose adulte, sans précision","Vaccin recombinant contre l'hépatite B, monovalent, dose adulte",True,
VAC0916,"Vaccin Hépatite B, monovalent pour les patients dialysés, sans précision","Vaccin recombinant contre l'hépatite B, dose pour patient dialysé",True,
VAC0917,"Vaccin Hépatite E, sans précision",Vaccin recombinant peptidique contre l'hépatite E,True,
VAC0918,"Vaccin Haemophilus influenzae b, PRP-D, sans précision",Vaccin conjugué anti-Hemophilus influenzae de type b composé du PRP (polyribosylribitol phosphate) conjugué à l'anatoxine diphtérique,True,
VAC0919,"Vaccin Haemophilus influenzae b, hbOC, sans précision","Vaccin anti-Haemophilus influenzae type b, oligosides capsulaires (phosphate de polyribosylribitol, PRP) conjugué à la toxine diphtérique mutante CRM197",True,
VAC0920,"Vaccin dT - Diphtérie-Tétanos, sans précision","Vaccin diphtérique (anatoxine, dose réduite) et tétanique (anatoxine)",True,
VAC0921,"Vaccin Encéphalite Japonaise, sans précision",Vaccin contre l'encéphalite japonaise,True,
VAC0922,"Vaccin Adénovirus, type 4 et type 7, vivant atténué, voie orale, sans précision",Vaccin contre les adénovirus de type 7 et 4,True,
VAC0923,"Anticorps monoclonal VRS, sans précision",Anticorps monoclonal contre le virus respiratoire syncytial (VRS),True,
VAC0924,FLUZONE INTRADERMAL,"Vaccin contre la grippe saisonnière inactivé trivalent, haute dose, intradermal",False,VAC1249
VAC0925,"Vaccin Grippe trivalent inactivé, sans précision","Vaccin contre la grippe saisonnière trivalent inactivé, fractionné ou sous-unité, dose normale",True,
VAC0926,FLUCELVAX,"Vaccin contre la grippe saisonnière inactivé trivalent, produit sur culture cellulaire",False,VAC1175
VAC0927,"Vaccin Covid 19 à ARNm, dose pédiatrique, sans précision","Vaccin anti-covid 19 à ARNm, dose pédiatrique",True,
VAC0928,"Vaccin Hépatite A vivant atténué, sans précision",Vaccin vivant atténué contre l'hépatite A,True,
VAC0929,"Vaccin Grippe quadrivalent inactivé, dose pédiatrique, sans précision","Vaccin contre la grippe saisonnière inactivé, quadrivalent, dose pédiatrique",True,
VAC0930,Ad5-nCoV COVID-19 INHALATION VACCINE,"Vaccin anti-covid 19 à vecteur viral non réplicatif, adénovirus de type 5, pour inhalation",False,VAC1135
VAC0931,FLUBLOK QUADRIVALENT,Vaccin contre la grippe saisonnière recombinant quadrivalent,False,VAC0932
VAC0932,"Vaccin Grippe quadrivalent recombinant, sans précision",Vaccin contre la grippe saisonnière recombinant quadrivalent,True,
VAC0933,"TICOVAC 2,7µg","Vaccin entier inactivé contre l'encéphalite à tiques, souche Neudörfl, dose adulte",False,VAC1038
VAC0934,VACCIN OREILLONS AVENTIS PASTEUR MSD,Vaccin vivant atténué contre les oreillons,False,VAC0153
VAC0935,VACCIN RABIQUE INACTIVE MERIEUX,"Vaccin rabique entier inactivé, souche WISTAR PM/WI 38-1503-3M, cultivé sur cellules Vero, inactivé par la bêta-propiolactone",False,VAC1116
VAC0936,VACCIN PNEUMOCOCCIQUE POLYOSIDIQUE AVENTIS PASTEUR MSD,"Vaccin pneumococcique polyosidique non conjugué, 23-valent, sérotypes 1, 2, 3, 4, 5, 6B, 7F, 8, 9N, 9V, 10A, 11A, 12F, 14, 15B, 17F, 18C, 19A, 19F, 20, 22F, 23F et 33F",False,VAC0339
VAC0937,"Vaccin Botulisme, sans précision",Vaccin contre le botulisme,True,
VAC0938,"Vaccin Grippe quadrivalent, sans précision","Vaccin contre la grippe saisonnière inactivé quadrivalent, à virion fractionné ou à antigène de surface",True,
VAC0939,PREHEVBRIO,"Vaccin recombinant contre l'hépatite B, trois antigènes (HbS, pré-S1 et pré-S2)",False,VAC1145
VAC0940,SPUTNIK-LIGHT,"Vaccin anti-covid 19 à vecteur viral non réplicatif, adénovirus codant la protéine de pointe du SARS-CoV-2",False,VAC1195
VAC0941,"Immunoglobuline Charbon, sans précision",Immunoglobuline contre le charbon,True,
VAC0942,"Vaccin Rage embryon de poulet, sans précision","Vaccin rabique entier inactivé, cultivé sur cellules d’embryon de poulet (PCEC), inactivation par la ß-propiolactone",True,
VAC0943,"Vaccin Rage cellules diploïdes, sans précision","Vaccin rabique entier inactivé, préparé sur culture de cellules diploïdes humaines (HDCV) MRC-5, inactivation par la ß-propiolactone",True,
VAC0944,"Vaccin Choléra entier inactivé, voie orale, sans précision","Vaccin cholérique entier inactivé, par voie orale",True,
VAC0945,"Vaccin Méningocoque sérogroupe inconnu, sans précision",Vaccin Méningocoque avec sérogroupe non précisé,True,
VAC0946,TYPHIDRALL,"Vaccin typhoïdique et paratyphoïdique A et B, entier inactivé",False,VAC0818
VAC0947,IMMU-PHILUS,"Vaccin anti-Haemophilus influenzae type b, polyoside capsulaire (phosphate de polyribosylribitol, PRP) conjugué à la protéine de membrane externe de Neisseria meningitidis sérogroupe B",False,VAC0344
VAC0948,BACITHRAX,"Vaccin acellulaire contre le charbon, 50 microgrammes par dose de 0,5 mL, avec adjuvant",False,VAC1279
VAC0949,IMOVAX BCG,Vaccin contre la tuberculose (vivant atténué),False,VAC0134
VAC0950,IMOVAX DTP,"Vaccin pédiatrique diphtérique (anatoxine, dose standard), tétanique (anatoxine) et poliomyélitique (entier inactivé, trivalent)",False,VAC0088
VAC0951,IMOVAX POLIO ORALE,"Vaccin poliomyélitique (vivant atténué, trivalent) contre les poliovirus 1, 2 et 3, voie orale",False,VAC0320
VAC0952,IMOVAX COLERA,"Vaccin cholérique entier inactivé, injectable",False,VAC0805
VAC0953,PROCOMVAX,"Vaccin contre l'hépatite B et anti-Haemophilus influenzae type b, polyoside capsulaire (phosphate de polyribosylribitol, PRP) conjugué à la protéine de membrane externe de Neisseria meningitidis sérogroupe B",False,VAC1217
VAC0954,JAPANESE ENCEPHALITIS VACCINE,"Vaccin entier inactivé contre l'encéphalite japonaise, préparé sur tissu cérébral murin, souche Nakayama, voie injectable, vaccin de la Korean Green Cross Corporation",False,VAC1196
VAC0955,PULMOVAX,"Vaccin pneumococcique polyosidique non conjugué, 23-valent, sérotypes 1, 2, 3, 4, 5, 6B, 7F, 8, 9N, 9V, 10A, 11A, 12F, 14, 15B, 17F, 18C, 19A, 19F, 20, 22F, 23F et 33F",False,VAC0339
VAC0956,VACCINO COLERICO BERNA,"Vaccin cholérique entier inactivé, injectable",False,VAC0805
VAC0957,VACCINO BCG BERNA,Vaccin contre la tuberculose (vivant atténué),False,VAC0134
VAC0958,ADIUGRIP,"Vaccin contre la grippe saisonnière inactivé trivalent, cultivé sur oeuf, à antigène de surface",False,VAC0925
VAC0959,STREPTOPUR,"Vaccin pneumococcique polyosidique non conjugué, 23-valent, sérotypes 1, 2, 3, 4, 5, 6B, 7F, 8, 9N, 9V, 10A, 11A, 12F, 14, 15B, 17F, 18C, 19F, 19A, 20, 22F, 23F et 33F",False,VAC0339
VAC0960,VIATIM,"Vaccin typhoïdique (non conjugué, antigène polyosidique Vi purifié) combiné au vaccin contre l'hépatite A (entier inactivé)",False,VAC1114
VAC0961,ANATOXAL TE N,Vaccin tétanique (anatoxine),False,VAC0132
VAC0962,ANATOXAL DI TE N ADULT,"Vaccin diphtérique (anatoxine, dose réduite) et tétanique (anatoxine)",False,VAC0920
VAC0963,ANATOXAL DI TE PER,"Vaccin pédiatrique diphtérique (anatoxine, dose standard), tétanique (anatoxine) et coquelucheux (entier inactivé)",False,VAC0136
VAC0964,ANATOXAL DI,"Vaccin diphtérique (anatoxine, dose réduite)",False,VAC1172
VAC0965,ANATOXAL TE TAB,"Vaccin tétanique (anatoxine), typhoïdique (entier inactivé) et paratyphoïdique A et B (entier inactivé)",False,VAC1194
VAC0966,JYNNEOS,"Vaccin contre la variole de troisième génération, virus modifié de la vaccine d'Ankara, non réplicatif",False,VAC1157
VAC0967,HEPASOMA,"Vaccin entier inactivé contre l'hépatite A, virosomal, dose pédiatrique ou adulte",False,VAC0824
VAC0968,INFLEXAL V,"Vaccin contre la grippe saisonnière inactivé trivalent, à virosome",False,VAC0925
VAC0969,LYSSAVAC N BERNA,"Vaccin rabique entier inactivé, préparé sur culture de cellules Vero,  inactivé par la bêta-propiolactone",False,VAC1116
VAC0970,TETATOX,Vaccin tétanique (anatoxine),False,VAC0132
VAC0971,VACCINO ANTIVAIOLOSO LANCY,"Vaccin contre la variole de première génération, virus vivant de la vaccine",False,VAC1122
VAC0972,VIROFLUSOMA,"Vaccin contre la grippe saisonnière inactivé trivalent, à antigène de surface",False,VAC0925
VAC0973,VIROFLU,"Vaccin contre la grippe saisonnière inactivé trivalent, à virosome",False,VAC0925
VAC0974,MENCEVAX AC,Vaccin polyosidique non conjugué contre les méningocoques des sérogroupes A et C,False,VAC0151
VAC0975,PERTURIX,"Vaccin coquelucheux (acellulaire multicomposé, dose standard, 3 composants)",False,VAC1167
VAC0976,VACCINO ANTICOLERICO ISI,"Cholera vaccine, unspecified",False,VAC0144
VAC0977,ENTEROVACCINO ISI,"Vaccin typhoïdique entier inactivé, voie orale",False,VAC0817
VAC0978,VAC.DIFTO TETANO ISI,"Vaccin diphtérique (anatoxine, dose non précisée) et tétanique (anatoxine)",False,VAC0382
VAC0979,VACCINO ANTITETANICO ISI,Vaccin tétanique (anatoxine),False,VAC0132
VAC0980,VAC.DPT ISI,"Vaccin diphtérique (anatoxine, dose non précisée), tétanique (anatoxine) et coquelucheux (acellulaire, dose non précisée)",False,VAC0797
VAC0981,VACCINO PERTOSSE ISI,"Pertussis vaccine, unspecified",False,VAC0796
VAC0982,VACCINO TIFICO ISI,"Typhoid vaccine, unspecified",False,VAC0112
VAC0983,VACCINO ANTIPOL ISI,"Vaccin poliomyélitique (entier inactivé, trivalent)",False,VAC0270
VAC0984,VACCINO ANTIVAIOLOSO ISI,"Vaccin contre la variole de première génération, virus vivant de la vaccine",False,VAC1122
VAC0985,VACCINO TAB TE ISI,"Vaccin tétanique (anatoxine), typhoïdique (entier inactivé) et paratyphoïdique A et B (entier inactivé)",False,VAC1194
VAC0986,H ATETAL ISI,Vaccin tétanique (anatoxine),False,VAC0132
VAC0987,TANRIX,Vaccin tétanique (anatoxine),False,VAC0132
VAC0988,VACCINO MENINGOCOCCICO POLISACCARIDICO TETRAVALENTE GSK,"Vaccin polyosidique non conjugué contre les méningocoques des sérogroupes A, C, W et Y",False,VAC0152
VAC0989,HANTAVAX,"Vaccin entier inactivé contre les fièvres hémorragiques avec syndrome rénal (FHSR) causées par un hantavirus, sans précision",False,VAC0897
VAC0990,ALPHARIX,"Vaccin contre la grippe saisonnière inactivé trivalent, à antigènes purifiés",False,VAC0925
VAC0991,FLULAVAL QUADRIVALENT,"Vaccin contre la grippe saisonnière inactivé quadrivalent, à antigène de surface",False,VAC0938
VAC0992,AFLURIA QUADRIVALENT,"Vaccin contre la grippe saisonnière inactivé quadrivalent, à antigène de surface",False,VAC0938
VAC0993,TD ADSORBED,"Vaccin diphtérique (anatoxine, dose réduite) et tétanique (anatoxine)",False,VAC0920
VAC0994,VARIVAX II,Vaccin vivant atténué contre la varicelle,False,VAC0159
VAC0995,IMVAMUNE,"Vaccin contre la variole de troisième génération, virus modifié de la vaccine d'Ankara, non réplicatif",False,VAC1157
VAC0996,ACAM2000,"Vaccin contre la variole de seconde génération, virus de la vaccine obtenu par culture cellulaire",False,VAC1160
VAC0997,"Vaccin Pneumocoque conjugué 13-valent, sans précision","Vaccin pneumococcique polyosidique conjugué, 13-valent, adsorbé, sérotypes 1, 3, 4 , 5, 6A, 6B, 7F, 9V, 14, 18C, 19A, 19F et 23F",True,
VAC0998,LC16,"Vaccin contre la variole de troisième génération, obtenu sur culture cellulaire, virus de la vaccine vivant à réplication minimale",False,VAC1177
VAC0999,WETVAX APSV,"Vaccin contre la variole de première génération, virus vivant de la vaccine",False,VAC1122
VAC1000,VACV VACCINIA VIRUS LISTER ELSTREE,"Vaccin contre la variole de première génération, virus vivant de la vaccine",False,VAC1122
VAC1001,V4020 VEEV VACCINE,Vaccin vivant atténué à ADN contre le virus de l'encéphalite équine vénézuélienne,False,VAC0895
VAC1002,Q-VAX,Vaccin inactivé contre la fièvre Q,False,VAC0896
VAC1003,TEDIVAX PRO ADULTO,"Vaccin diphtérique (anatoxine, dose réduite) et tétanique (anatoxine)",False,VAC0920
VAC1004,TEDIVAX,"Vaccin pédiatrique diphtérique (anatoxine, dose standard) et tétanique (anatoxine), dose pédiatrique",False,VAC0137
VAC1005,REVAC-B PLUS ADULT VACCINE,"Vaccin recombinant contre l'hépatite B, dose adulte",False,VAC0915
VAC1006,SHANVAC B,"Vaccin recombinant contre l'hépatite B, 20 µg d'antigène HBs, dose pédiatrique et adulte",False,VAC0915
VAC1007,ISTIVAC4,"Vaccin contre la grippe saisonnière inactivé quadrivalent, à virion fragmenté",False,VAC0938
VAC1008,DITEMER,"Vaccin pédiatrique diphtérique (anatoxine, dose standard) et tétanique (anatoxine)",False,VAC0137
VAC1009,TETAMER,Vaccin tétanique (anatoxine),False,VAC0132
VAC1010,TRIAMER,"Vaccin pédiatrique diphtérique (anatoxine, dose standard), tétanique (anatoxine) et coquelucheux (entier inactivé)",False,VAC0136
VAC1011,DITEKIBOOSTER,"Vaccin diphtérique (anatoxine, dose réduite), tétanique (anatoxine) et coquelucheux (acellulaire, toxine pertussique, dose réduite)",False,VAC0610
VAC1012,PICOVAX,"Vaccin poliomyélitique (entier inactivé, trivalent)",False,VAC0270
VAC1013,FLUBLOK TRIVALENT,Vaccin contre la grippe saisonnière recombinant trivalent,False,VAC1159
VAC1014,PROVARIVAX,Vaccin vivant atténué contre la varicelle,False,VAC0159
VAC1015,COMBIVAX,"Vaccin pédiatrique diphtérique (anatoxine, dose standard), tétanique (anatoxine) et coquelucheux (entier inactivé)",False,VAC0136
VAC1016,IDFLU,"Vaccin contre la grippe saisonnière inactivé trivalent, à antigènes de surface",False,VAC0925
VAC1017,SPIKEVAX BIVALENT ORIGINAL/OMICRON BA.1 (50 µg/50 µg)/mL MODERNA,"COVID-19 mRNA vaccine, bivalent, original virus + Omicron variant, 50 micrograms each",False,VAC1536
VAC1018,NOORA VACCINE,Vaccin recombinant à protéine RBD contre le SARS-CoV-2 (vaccin Noora),False,VAC1138
VAC1019,"SPIKEVAX 0,1 mg/mL MODERNA","Vaccin anti-covid 19 à ARNm, virus originel, dosage à 50 microgrammes",False,VAC1039
VAC1020,Hepatitis A vaccine aventis pasteur MSD,"Vaccin entier inactivé contre l'hépatite A, dose adulte",False,VAC0910
VAC1021,COMIRNATY ORIGINAL/OMICRON BA.1 (15/15 µg) BIONTECH-PFIZER,"Vaccin à ARNm bivalent contre la covid 19, virus originel + variant Omicron BA.1, 15 microgrammes chacun",False,VAC1162
VAC1022,COMIRNATY 3 µg INFANTS AND CHILDREN BIONTECH-PFIZER,"Vaccin à ARNm contre la covid 19, usage pédiatrique (6 mois à 4 ans), 3 microgrammes",False,VAC1188
VAC1023,COMIRNATY ORIGINAL/OMICRON BA.4-5 (15/15 µg) BIONTECH-PFIZER,"Vaccin à ARNm bivalent contre la covid 19, virus originel + variant Omicron BA.4/5, 15 microgrammes chacun",False,VAC1169
VAC1024,SPIKEVAX BIVALENT ORIGINAL/OMICRON BA.4-5 (50 µg/50 µg)/mL MODERNA,"Vaccin à ARNm bivalent contre la covid 19, virus originel + variant Omicron BA.4/5, 50 microgrammes chacun",False,VAC1430
VAC1025,CORBEVAX,Vaccin protéique sous-unitaire contre la covid 19 ; autre nom : BECOV2A,False,VAC1113
VAC1026,SOBERANA 02 FINLAY-FR-2 COVID-19 VACCINE,Vaccin sous-unitaire à protéine recombinante (domaine RBD conjugué à l'anatoxine tétanique + adjuvant),False,VAC1138
VAC1027,COVIVAC CHUMAKOV COVID-19 VACCINE,Vaccin entier inactivé contre la covid 19 ; autre nom : Kovivac,False,VAC1044
VAC1028,RECOMBIVAX HB DIALYSIS,"Vaccin recombinant contre l'hépatite B, dose pour patient dialysé",False,VAC0916
VAC1029,QUINTANRIX,"Vaccin pédiatrique diphtérique (anatoxine, dose standard), tétanique (anatoxine), coquelucheux (entier intactivé), anti-Haemophilus influenzae type b (conjugué à l'anatoxine tétanique) et de l'hépatite B (recombinant)",False,VAC1181
VAC1030,GEMCOVAC-19,"Vaccin anti-covid 19 à ARNm codant la protéine de pointe du SARS-CoV-2, en cours d'essai clinique",False,VAC1166
VAC1031,SPIKEVAX 50 µg MONODOSE MODERNA,"Vaccin anti-covid 19 à ARNm, virus originel, dosage à 50 microgrammes, seringue pré-remplie",False,VAC1039
VAC1032,SPIKEVAX BIVALENT ORIGINAL/OMICRON BA.1 (25 µg/25 µg) MODERNA,"COVID-19 bivalent mRNA vaccine, original virus + Omicron BA.1 variant, 25 micrograms each",False,VAC1538
VAC1033,COMIRNATY ORIGINAL/OMICRON BA.4-5 (5/5 µg) BIONTECH-PFIZER,"Vaccin à ARNm bivalent contre la covid 19, virus originel + variant Omicron BA.4/5, 5 microgrammes chacun, dose pédiatrique 5-11 ans",False,VAC1117
VAC1034,HEBERBIOVAC B 10 µg,"Vaccin recombinant contre l'hépatite B, dose pédiatrique",False,VAC0914
VAC1035,HEBERBIOVAC HB 20 µg,"Vaccin recombinant contre l'hépatite B, dose adulte",False,VAC0915
VAC1036,SPIKEVAX BIVALENT ORIGINAL/OMICRON BA.4-5 25 µg/25 µg MODERNA,"Vaccin à ARNm bivalent contre la covid 19, virus originel + variant Omicron BA.4/5, 25 microgrammes chacun",False,VAC1140
VAC1037,"Vaccin Encéphalite à tiques, souche Neudörfl, dose pédiatrique, sans précision","Vaccin entier inactivé contre l'encéphalite à tiques, souche Neudörfl, dose pédiatrique",True,
VAC1038,"Vaccin Encéphalite à tiques, souche Neudörfl, dose adulte, sans précision","Vaccin entier inactivé contre l'encéphalite à tiques, souche Neudörfl, dose adulte",True,
VAC1039,"Vaccin Covid 19 à ARNm, virus originel, 50 µg, sans précision","Vaccin anti-covid 19 à ARNm codant la protéine de pointe du SARS-CoV-2, virus originel, 50 microgrammes par dose",True,
VAC1040,AREXVY,"Vaccin contre le virus respiratoire syncytial (VRS), recombinant, antigène RSVPreF3 dérivé de la protéine F, avec adjuvant",False,VAC1228
VAC1041,"Vaccin Covid 19 à ARN, sans précision",Vaccin anti-covid 19 à ARN,True,
VAC1042,"Vaccin Covid 19 à vecteur viral non réplicatif, sans précision",Vaccin anti-covid 19 à vecteur viral non réplicatif,True,
VAC1043,"Vaccin Covid 19 à sous-unité protéique, sans précision",Vaccin anti-covid 19 à sous-unité protéique,True,
VAC1044,"Vaccin Covid 19 à virus entier inactivé, sans précision",Vaccin anti-covid 19 à virus entier inactivé,True,
VAC1045,INFANRIX-IPV/Hib,"Vaccin pédiatrique diphtérique (anatoxine, dose standard), tétanique (anatoxine), coquelucheux (acellulaire multicomposé, 3 composants, dose standard), anti-Haemophilus influenzae type b (conjugué à l'anatoxine tétanique) et poliomyélitique (entier inactivé, trivalent), adsorbé",False,VAC1115
VAC1046,BEYFORTUS 50 mg (nirsevimab),Anticorps monoclonal humain contre le virus respiratoire syncytial (VRS),False,VAC1147
VAC1047,ABRYSVO,"Vaccin contre le virus respiratoire syncytial (VRS), recombinant, glycoprotéines F (préfusion), bivalent (sous-types A et B du VRS), sans adjuvant",False,VAC1224
VAC1048,DECAVAC,"Vaccin diphtérique (anatoxine, dose réduite) et tétanique (anatoxine)",False,VAC0920
VAC1049,TDVAX,"Vaccin diphtérique (anatoxine, dose réduite) et tétanique (anatoxine)",False,VAC0920
VAC1050,BEYFORTUS 100 mg (nirsevimab),Anticorps monoclonal humain contre le virus respiratoire syncytial (VRS),False,VAC1147
VAC1051,COMIRNATY OMICRON XBB.1.5 30 µg,"Vaccin à ARNm contre la covid 19, subvariant Omicron XBB.1.5, 30 microgrammes, dose adulte (+ 12 ans)",False,VAC1244
VAC1052,COMIRNATY OMICRON XBB.1.5 10 µg,"Vaccin à ARNm contre la covid 19, subvariant Omicron XBB.1.5, 10 microgrammes, dose pédiatrique (5-11 ans)",False,VAC1214
VAC1053,COMIRNATY OMICRON XBB.1.5 3 µg,"Vaccin à ARNm contre la covid 19, subvariant Omicron XBB.1.5, 3 microgrammes, dose pédiatrique (6 mois-4 ans)",False,VAC1158
VAC1054,"COMIRNATY ORIGINAL/OMICRON BA.4-5 (1,5/1,5 µg)","Vaccin à ARNm contre la covid 19, virus originel + variant Omicron BA.4/5, 1,5 microgrammes chacun, dose pédiatrique (6 MOIS-4 ANS)",False,VAC1132
VAC1055,NUVAXOVID XBB.1.5,"Vaccin anti-covid 19 à sous-unité protéique, protéine de pointe recombinante dans des nanoparticules, avec adjuvant (Matrix M), sous-variant Omicron XBB.1.5",False,VAC1236
VAC1056,R21/MATRIX-M,Vaccin contre le paludisme pré-érythrocytaire,False,VAC1237
VAC1057,ENGERIX B JUNIOR,"Vaccin recombinant contre l'hépatite B, dose pédiatrique",False,VAC0914
VAC1058,SPIKEVAX XBB.1.5 0.1 mg/mL dose 50 µg MODERNA,"Vaccin à ARNm contre la covid 19 , subvariant Omicron XBB.1.5, 50 microgrammes par dose, flacon multidose",False,VAC1243
VAC1059,"SPIKEVAX XBB.1.5 0,1 mg/mL dose 25 µg MODERNA","Vaccin à ARNm contre la covid 19, subvariant Omicron XBB.1.5, 25 microgrammes par dose, flacon multidose",False,VAC1242
VAC1060,SPIKEVAX XBB.1.5 50 µg MODERNA,"Vaccin anti-covid 19 à ARNm, subvariant Omicron XBB.1.5, dosage à 50 microgrammes",False,VAC1243
VAC1061,PENBRAYA,"Vaccin méningococcique contre les sérogroupes A, C, W et Y (polyosidique conjugué à l'anatoxine tétanique), et contre le sérogroupe B (recombinant)",False,VAC1245
VAC1062,"Immunoglobulines CMV, sans précision","Immunoglobulines contre le cytomégalovirus, intraveineuse",True,
VAC1063,"Vaccin Hépatite C, sans précision","Hepatitis C vaccine, unspecified",True,
VAC1064,"Vaccin VIH, sans précision","HIV vaccine, unspecified",True,
VAC1065,"Vaccin Lèpre, sans précision","Vaccin contre la lèpre, sans précision",True,
VAC1066,"Vaccin Mélanome, sans précision","Melanoma vaccine, unspecified",True,
VAC1067,"Vaccin Streptococcus pyogenes, sans précision","Streptococcus pyogenes vaccine, unspecified",True,
VAC1068,"Vaccin Fièvre de la vallée du Rift, sans précision","Rift Valley fever vaccine, unspecified",True,
VAC1069,"Immunoglobuline Vaccine, sans précision",Vaccinia immune globulin,True,
VAC1070,Fluzone High-Dose Quadrivalent Southern Hemisphere,"Vaccin quadrivalent inactivé contre l’influenza, fractionné ou sous-unité, haute dose",False,VAC1146
VAC1071,"Anticorps ou vaccin VRS, sans précision","RSV antibody or vaccine, unspecified",True,
VAC1072,"Vaccin Covid 19 à ARNm, virus originel, 25 µg, sans précision","Vaccin anti-covid 19 à ARNm, virus originel, dosage à 25 microgrammes",True,
VAC1073,"Vaccin Maladie de Lyme (anti-Borrelia burgdorferi), sans précision","Lyme disease vaccine, unspecified",True,
VAC1074,CYFENDUS,"Vaccin acellulaire contre le charbon adsorbé, avec adjuvant",False,VAC1279
VAC1075,"Vaccin Charbon acellulaire, sans précision","Vaccin acellulaire contre le charbon, sans précision",True,
VAC1076,UROMUNE (MV 140),Vaccin pour la prévention des infections urinaires chez la femme,False,VAC1191
VAC1077,ENVAX-A71,"Vaccin contre l'entérovirus A71, particules de virus purifié et inactivé",False,VAC1118
VAC1078,ENVACGEN,Vaccin entier inactivé contre l'entérovirus A71,False,VAC1118
VAC1079,VAX-SPIRAL,"Vaccin trivalent contre la leptospirose causée par Canicola serovar canicola, Icterohaemorrhagiae serovar copenhageni et Pomona serovar mozdok",False,VAC1120
VAC1080,COVAXIN,Vaccin à virion entier et inactivé contre le coronavirus (SRAS-CoV-2),False,VAC1124
VAC1081,BAYGAM,"Immunoglobuline humaine contre certains virus (hépatite A, rougeole, varicelle et rubéole)",False,VAC1127
VAC1082,BAYHEP B,Immunoglobuline humaine contre l'hépatite B,False,VAC0863
VAC1083,BAYRAB,Immunoglobuline humaine antirabique,False,VAC0358
VAC1084,BAYTET,Immunoglobuline antitétanique humaine traitée au solvant/détergent 250 unités,False,VAC0497
VAC1085,MYCOBAX,Vaccin vivant atténué contre la tuberculose,False,VAC0134
VAC1086,PNEUMUNE,"Vaccin pneumococcique polyosidique conjugué, 23-valent, sérotypes 1, 2, 3, 4, 5, 6B, 7F, 8, 9N, 9V, 10A, 11A, 12F, 14, 15B, 17F, 18C, 19A, 19F, 20, 22F, 23F et 33F",False,VAC1136
VAC1087,HYPERTET,"Immunoglobuline humaine antitétanique, traitement post-exposition",False,VAC0497
VAC1088,HYPERRAB,"Immunoglobuline humaine antirabique, traitement post-exposition",False,VAC0358
VAC1089,HYPERHEB B,"Immunoglobuline humaine anti-hépatite B, traitement post-exposition",False,VAC0863
VAC1090,MENZB,Vaccin contre les méningocoques du sérogroupe B (à protéines de vésicules de membrane externe),False,VAC0149
VAC1091,VARIZIG,Immunoglobuline humaine contre la virus de la varicelle (VZV),False,VAC0864
VAC1092,KAMRAB,Immunoglobuline humaine antirabique 150 UI/ml,False,VAC0358
VAC1093,HEPAGAM,Immunoglobuline humaine anti-hépatique B injectable,False,VAC0863
VAC1094,OROCHOL,Vaccin oral à virus vivant contre le choléra,False,VAC1149
VAC1095,MVA85A,Vaccin expérimental contre la tuberculose,False,VAC0134
VAC1096,MORCVAX,"Vaccin cholérique entier inactivé, voie orale",False,VAC0944
VAC1097,CYTOGAM,Immunoglobuline intraveineuse humaine anti-CMV,False,VAC1062
VAC1098,XANAFLU,Vaccin trivalent inactivé antigrippal,False,VAC0925
VAC1099,BABYBIG,Immunoglobuline humaine intraveineuse contre le botulisme infantile de type A et B,False,VAC1156
VAC1100,BOTULISM ANTITOXIN BEHRING,"Antitoxine botulique équine de type A, B et E",False,VAC0909
VAC1101,DOTARICIN,Vaccin antigrippal inactivé avec adjuvant MF59,False,VAC0821
VAC1102,HIB-IMMUNE,"Vaccin anti-Haemophilus influenzae type b, polyosidique non conjugué",False,VAC1148
VAC1103,HIB-VAX,"Vaccin anti-Haemophilus influenzae type b, polyosidique non conjugué",False,VAC1148
VAC1104,DIPHTHERIA ANTITOXIN B.P.,Immunoglobuline anti-toxine diphtérique d'origine équine,False,VAC0867
VAC1105,BAT EMERGENT BIOSOLUTIONS,"Antitoxine heptavalente, d'origine équine, contre le botulisme de type A, B, C, E, F et G",False,VAC0909
VAC1106,"Vaccin Covid 19 VLP, sans précision","Vaccin Covid 19 VLP, sans précision",True,
VAC1107,"Vaccin Choléra entier inactivé, sans précision","Vaccin cholérique entier inactivé, sans précision",True,
VAC1108,"Vaccin bivalent Covid 19 à ARNm contre le virus originel et le variant Omicron BA.1, sans précision","Vaccin bivalent anti-covid 19 à ARNm contre le virus originel et le variant Omicron BA.1, sans précision",True,
VAC1109,"Vaccin Méningocoque ACW non conjugué, sans précision","Vaccin polyosidique non conjugué contre les méningocoques des sérogroupes A,C et W",True,
VAC1110,"Vaccin Méningocoque C non conjugué, sans précision","Meningococcal C vaccine unconjugated, unspecified",True,
VAC1111,"Vaccin Encéphalite Japonaise, entier inactivé, préparé sur cellules Vero, sans précision","Vaccin entier inactivé contre l'encéphalite japonaise, préparé sur cellules Vero",True,
VAC1112,"Vaccin Grippe quadrivalent, vivant atténué, sans précision","Vaccin contre la grippe saisonnière quadrivalent à virus vivant atténué, par voie nasale",True,
VAC1113,"Vaccin Covid 19 à sous-unité protéique, protéine de pointe recombinante, sans précision","Vaccin anti-covid 19 à sous-unité protéique, protéine de pointe recombinante, sans précision",True,
VAC1114,"Vaccin Typhoïde et Hépatite A, antigène capsulaire polyosidique, sans précision",Vaccin typhoïdique combiné au vaccin contre l'hépatite A,True,
VAC1115,"Vaccin pentavalent DTCaHibP - Diphtérie-Tétanos-Coqueluche-Hib PRP-Polio, sans précision","Vaccin pédiatrique diphtérique (anatoxine, dose standard), tétanique (anatoxine), coquelucheux (acellulaire multicomposé, dose standard), anti-Haemophilus influenzae type b (conjugué à l'anatoxine tétanique) et poliomyélitique (entier inactivé, trivalent), adsorbé",True,
VAC1116,"Vaccin Rage, entier inactivé, préparé sur culture de cellules Vero, sans précision","Vaccin rabique entier inactivé, préparé sur culture de cellules Vero (PVRV), souche Wistar, inactivation par la ß-propiolactone",True,
VAC1117,"Vaccin Covid 19 bivalent à ARNm contre le virus originel et le variant Omicron BA.4/5, 5 microgrammes, sans précision","Vaccin bivalent anti-covid 19 à ARNm contre le virus originel et le variant Omicron BA.4/5, 5 microgrammes, sans précision",True,
VAC1118,"Vaccin Entérovirus A71, sans précision","Enterovirus A71 vaccine, unspecified",True,
VAC1119,"Vaccin Covid 19 à virus entier inactivé, autorisé, sans précision","COVID-19 inactivated vaccine, whole virus, authorized, unspecified",True,
VAC1120,"Vaccin Leptospirose, trivalent, sans précision","Vaccin trivalent contre la leptospirose causée par Canicola serovar canicola, Icterohaemorrhagiae serovar copenhageni et Pomona serovar mozdok",True,
VAC1121,"Vaccin hexavalent DTCaHibPHepB - Diphtérie-Tétanos-Coqueluche-Hib-Polio-Hépatite B 10µg, sans précision","Vaccin pédiatrique diphtérique (anatoxine, dose standard), tétanique (anatoxine), coquelucheux (acellulaire multicomposé, dose standard, 3 composants), anti-Haemophilus influenzae type b (conjugué à l'anatoxine tétanique), poliomyélitique (entier inactivé, trivalent) et de l’hépatite B (recombinant), sans précision",True,
VAC1122,"Vaccin Variole vivant de 1ère génération, sans précision","Vaccin contre la variole de première génération, virus vivant de la vaccine",True,
VAC1123,"Vaccin Grippe trivalent, vivant atténué, sans précision","Vaccin contre la grippe saisonnière trivalent à virus vivant atténué, par voie nasale",True,
VAC1124,"Vaccin Covid 19 à virus entier inactivé, en essai clinique, sans précision","COVID-19 inactivated vaccine, whole virus, in clinical trial, unspecified",True,
VAC1125,"Vaccin Hépatite B, sans précision","Hepatitis B vaccine, unspecified",True,
VAC1126,"Vaccin pentavalent DTCeHibP - Diphtérie-Tétanos-Coqueluche-Hib PRP-Polio, sans précision","Vaccin pédiatrique diphtérique (anatoxine, dose standard), tétanique (anatoxine), coquelucheux (entier inactivé), anti-Haemophilus influenzae type b (conjugué à l'anatoxine tétanique) et poliomyélitique (entier inactivé, trivalent), sans précision",True,
VAC1127,"Immunoglobuline Hépatite A, Rougeole, Varicelle et Rubéole, sans précision","Immunoglobuline contre l'hépatite A, rougeole, varicelle et rubéole, sans précision",True,
VAC1128,"Vaccin Covid 19 à ADN plasmidique, sans précision","Vaccin anti-covid 19 à ADN plasmidique, sans précision",True,
VAC1129,"Vaccin Covid 19 à sous-unité protéique, protéine de pointe recombinante dans des nanoparticules, sans précision","Vaccin anti-covid 19 à sous-unité protéique, protéine de pointe recombinante dans des nanoparticules, sans précision",True,
VAC1130,"Vaccin Grippe saisonnière trivalent inactivé et anatoxine tétanique, sans précision","Vaccin contre la grippe saisonnière inactivé trivalent, à virion fragmenté et tétanique (anatoxine)",True,
VAC1131,"Vaccin Pneumocoque non conjugué 17-valent, sans précision","Vaccin pneumococcique polyosidique non conjugué, 17-valent, sérotypes 1, 2, 3, 4, 6A, 7F, 8, 9N, 11A, 12F, 14, 15F, 17F, 18C, 19F, 23F et 25",True,
VAC1132,"Vaccin Covid 19 bivalent à ARNm contre le virus originel et le variant Omicron BA.4/5, 1,5 microgrammes, sans précision","Vaccin bivalent anti-covid 19 à ARNm contre le virus originel et le variant Omicron BA.4/5, 1,5 microgrammes, sans précision",True,
VAC1133,"Vaccin Méningocoque ACWY polyosidique conjugué, sans précision","Vaccin méningococcique polyosidique conjugué quadrivalent contre les sérogroupes A, C, W et Y (conjugué à la protéine CRM 197)",True,
VAC1134,"Vaccin Fièvre hémorragique d'Argentine, vivant atténué, virus Junin, sans précision","Vaccin vivant atténué contre la fièvre hémorragique d'Argentine, virus Junin, sans précision",True,
VAC1135,"Vaccin Covid 19 à vecteur viral non réplicatif, adénovirus codant la protéine de pointe du SARS-CoV-2, par inhalation, sans précision","Vaccin anti-covid 19 à vecteur viral non réplicatif, adénovirus codant la protéine de pointe du SARS-CoV-2, par inhalation, sans précision",True,
VAC1136,"Vaccin Pneumocoque conjugué 23-valent, sans précision","Vaccin pneumococcique polyosidique conjugué, 23-valent, sérotypes 1, 2, 3, 4, 5, 6B, 7F, 8, 9N, 9V, 10A, 11A, 12F, 14, 15B, 17F, 18C, 19A, 19F, 20, 22F, 23F et 33F",True,
VAC1137,"Vaccin Encéphalite à tiques, entier inactivé, souche K23, sans précision","Vaccin entier inactivé contre l'encéphalite à tiques, souche K23, sans précision",True,
VAC1138,Vaccin Covid 19 à sous-unité protéique recombinante,Vaccin anti-covid 19 à sous-unité protéique recombinante,True,
VAC1139,"Vaccin Covid 19 à vecteur non réplicatif, virus de la maladie de Newcastle codant la protéine de pointe du SARS-CoV-2, sans précision","COVID-19 vaccine, non-replicating vector, Newcastle disease virus encoding the SARS-CoV-2 spike protein, unspecified",True,
VAC1140,"Vaccin Covid 19 bivalent à ARNm contre le virus originel et le variant Omicron BA.4/5, 25 microgrammes, sans précision","Vaccin Covid 19 bivalent à ARNm contre le virus originel et le variant Omicron BA.4/5, 25 microgrammes, sans précision",True,
VAC1141,"Vaccin contre la grippe aviaire H5N8, sans précision","Bird Flu H5N8 Vaccine, unspecified",True,
VAC1142,"Vaccin Covid 19 à vecteur viral non replicatif avec cellules présentant l'antigène, sans précision","COVID-19 vaccine, non-replicating vector, antigen-presenting cells, unspecified",True,
VAC1143,"Vaccin Covid 19 à vecteur viral non réplicatif, adénovirus codant la protéine de pointe du SARS-CoV-2, sans précision","Vaccin anti-covid 19 à vecteur viral non réplicatif, adénovirus codant la protéine de pointe du SARS-CoV-2, sans précision",True,
VAC1144,"Vaccin Covid 19 à sous-unité protéique, protéine de pointe du SARS-CoV-2 recombinante, S-2P et CpG1018, sans précision","Vaccin anti-covid 19 à sous-unité protéique, protéine de pointe du SARS-CoV-2 recombinante, S-2P et CpG1018, sans précision",True,
VAC1145,"Vaccin Hépatite B recombinant, trois antigènes, sans précision","Vaccin recombinant contre l'hépatite B, trois antigènes (HbS, pré-S1 et pré-S2)",True,
VAC1146,"Vaccin Grippe quadrivalent, inactivé, haute dose, sans précision","Vaccin quadrivalent inactivé contre l’influenza, fractionné ou sous-unité, haute dose",True,
VAC1147,"Anticorps monoclonal humain VRS, nirsevimab, sans précision","Anticorps monoclonal humain contre le virus respiratoire syncytial (VRS), nirsevimab, sans précision",True,
VAC1148,"Vaccin Haemophilus influenzae type b, polyosidique non conjugué, sans précision","Haemophilus influenzae type b vaccine, unconjugated polysaccharide, unspecified",True,
VAC1149,"Vaccin Choléra vivant atténué oral, sans précision","Vaccin cholérique vivant atténué oral, sans précision",True,
VAC1150,"Vaccin Covid 19 à ARNm codant la protéine de pointe du SARS-CoV-2, virus originel, 30 microgrammes, sans précision","Vaccin anti-covid 19 à ARNm codant la protéine de pointe du SARS-CoV-2, virus originel, 30 microgrammes, sans précision",True,
VAC1151,"Vaccin quadrivalent DTCeP - Diphtérie-Tétanos-Coqueluche-Polio, sans précision","Vaccin pédiatrique diphtérique (anatoxine, dose standard), tétanique (anatoxine), coquelucheux (entier inactivé) et poliomyélitique (entier inactivé, trivalent)",True,
VAC1152,"Vaccin Méningocoque B contenant la fHbp des sous-familles A et B, sans précision","Meningococcal B vaccine containing fHbp of subfamilies A and B, unspecified",True,
VAC1153,"Vaccin Méningocoque ACWY quadrivalent, conjugué à l'anatoxine diphtérique, sans précision","Vaccin méningococcique polyosidique conjugué quadrivalent contre les sérogroupes A, C, W et Y (conjugué à l'anatoxine diphtérique)",True,
VAC1154,"Vaccin Oreillons entier inactivé, sans précision","Vaccin entier inactivé contre les oreillons, sans précision",True,
VAC1155,"Vaccin Hépatite B plasmatique, sans précision","Vaccin plasmatique contre l'hépatite B, sans précision",True,
VAC1156,"Immunoglobuline Botulisme, sans précision",Immunoglobuline humaine intraveineuse contre le botulisme infantile de type A et B,True,
VAC1157,"Vaccin Variole de 3ème génération, virus modifié de la vaccine d'Ankara, sans précision","Vaccin contre la variole de troisième génération, virus modifié de la vaccine d'Ankara, non réplicatif",True,
VAC1158,"Vaccin Covid 19 à ARNm contre le variant Omicron XBB.1.5, 3 microgrammes, sans précision","Vaccin  anti-covid 19 à ARNm contre le variant Omicron XBB.1.5, 3 microgrammes",True,
VAC1159,"Vaccin Grippe trivalent, recombinant, sans précision",Vaccin contre la grippe saisonnière recombinant trivalent,True,
VAC1160,"Vaccin Variole vivant de 2ème génération, sans précision","Vaccin contre la variole de seconde génération, virus de la vaccine obtenu par culture cellulaire",True,
VAC1161,"Vaccin quadrivalent DTCeP - Diphtérie-Tétanos-Coqueluche-Hib PRP, sans précision","Vaccin pédiatrique diphtérique (anatoxine, dose standard), tétanique (anatoxine), coquelucheux (entier inactivé) et anti-Haemophilus influenzae type b (conjugué à l'anatoxine tétanique)",True,
VAC1162,"Vaccin Covid 19 bivalent à ARNm contre le virus originel et le variant Omicron BA.1, 15 microgrammes, sans précision","COVID-19 mRNA vaccine, bivalent, original virus and Omicron BA.1 variant, 15 micrograms, unspecified",True,
VAC1163,"Vaccin Pneumocoque conjugué 20-valent, sans précision","Vaccin pneumococcique polyosidique conjugué, 20-valent, adsorbé, sérotypes 1, 3, 4, 5, 6A, 6B, 7F, 8, 9V, 10A, 11A, 12F, 14, 15B, 18C, 19A, 19F, 22F, 23F et 33F",True,
VAC1164,"Vaccin quadrivalent DTCaHib- Diphtérie-Tétanos-Coqueluche-Hib PRP, sans précision","Vaccin pédiatrique diphtérique (anatoxine, dose standard), tétanique (anatoxine), coquelucheux (acellulaire multicomposé, dose standard) et anti-Haemophilus influenzae type b (conjugué à l'anatoxine tétanique)",True,
VAC1165,"Anatoxine Diphtérie, dose standard, sans précision","Vaccin pédiatrique diphtérique (anatoxine, dose standard)",True,
VAC1166,"Vaccin Covid 19 à ARNm codant la protéine de pointe du SARS-CoV-2, en cours d'essai clinique, sans précision","Vaccin anti-covid 19 à ARNm codant la protéine de pointe du SARS-CoV-2, en cours d'essai clinique, sans précision",True,
VAC1167,"Vaccin Coqueluche acellulaire, dose standard, sans précision","Vaccin coquelucheux acellulaire, dose standard",True,
VAC1168,"Vaccin quadrivalent DTCeHib- Diphtérie-Tétanos-Coqueluche-Hib OC, sans précision","Vaccin pédiatrique diphtérique (anatoxine, dose standard), tétanique (anatoxine), coquelucheux (entier inactivé) et anti-Haemophilus influenzae type b (conjugué à l'anatoxine diphtérique)",True,
VAC1169,"Vaccin Covid 19 bivalent à ARNm contre le virus originel et le variant Omicron BA.4/5, 15 microgrammes, sans précision","Vaccin bivalent anti-covid 19 à ARNm contre le virus originel et le variant Omicron BA.4/5, 15 microgrammes, sans précision",True,
VAC1170,"Vaccin Covid 19 à vecteur viral non réplicatif, adénovirus de chimpanzé ChadOx1 codant la protéine de pointe du SARS-CoV-2, sans précision","Vaccin anti-covid 19 à vecteur viral non réplicatif, adénovirus de chimpanzé ChadOx1 codant la protéine de pointe du SARS-CoV-2",True,
VAC1171,"Vaccin Grippe trivalent, inactivé, haute dose, sans précision","Vaccin trivalent inactivé contre la grippe, fractionné ou sous-unité, haute dose",True,
VAC1172,"Anatoxine Diphtérie, dose réduite, sans précision","Vaccin diphtérique (anatoxine, dose réduite)",True,
VAC1173,"Vaccin Covid 19 à vecteur viral réplicatif, virus influenza codant la protéine de pointe du SARS-CoV-2, sans précision","Vaccin anti-covid 19 à vecteur viral réplicatif, virus influenza codant la protéine de pointe du SARS-CoV-2, sans précision",True,
VAC1174,"Vaccin pentavalent DTCaPHepB - Diphtérie-Tétanos-Coqueluche-Polio-Hépatite B 10µg, sans précision","Vaccin pédiatrique diphtérique (anatoxine, dose standard), tétanique (anatoxine), coquelucheux (acellulaire multicomposé, dose standard), poliomyélitique (entier inactivé, trivalent) et de l’hépatite B (recombinant)",True,
VAC1175,"Vaccin Grippe trivalent, inactivé culture cellulaire, dose normale, sans précision","Vaccin trivalent inactivé contre la grippe obtenu sur culture cellulaire, fractionné ou sous-unité, dose normale",True,
VAC1176,"Vaccin Covid 19 à vecteur viral non réplicatif, adénovirus 5 codant les protéines S et N du SARS-CoV-2, sans précision","Vaccin anti-covid 19 à vecteur viral non réplicatif, adénovirus 5 codant les protéines S et N du SARS-CoV-2, sans précision",True,
VAC1177,"Vaccin Variole de 3ème génération, virus de la vaccine vivant à réplication minimale, sans précision","Vaccin contre la variole de troisième génération, obtenu sur culture cellulaire, virus de la vaccine vivant à réplication minimale",True,
VAC1178,"Vaccin Dengue tétravalent, vivant atténué recombinant chimérique, sans précision","Vaccin vivant atténué, chimérique recombinant, quadrivalent contre les quatre sérotypes (1, 2, 3 et 4) du virus de la dengue",True,
VAC1179,"Vaccin Choléra et Typhoïde, injectable, sans précision","Vaccin cholérique (entier inactivé) et typhoïdique (non conjugué, antigène polyosidique Vi purifié), injectable",True,
VAC1180,"Vaccin Maladie de Lyme, recombinant, sans précision","Vaccin recombinant anti-Borrelia burgdorferi, protéine de surface externe A (OspA)",True,
VAC1181,"Vaccin pentavalent DTCeHibHepB - Diphtérie-Tétanos-Coqueluche-Hib PRP-HépatiteB 10µg, sans précision","Diphtheria (standard dose), tetanus, pertussis (whole intact), Haemophilus influenzae type b (tetanus toxoid conjugated) and hepatitis B (recombinant) vaccine, pediatric",True,
VAC1182,"Vaccin Méningocoque ACWY polyosidique conjugué à l'anatoxine tétanique, sans précision","Vaccin polyosidique conjugué quadrivalent contre les méningocoques des sérogroupes A, C, W et Y (conjugué à l'anatoxine tétanique)",True,
VAC1183,"Vaccin Ebola à vecteur viral non réplicatif, sans précision","Vaccin anti-Ebola à vecteur viral non réplicatif, Vaccine Ankara modifiée",True,
VAC1184,"Vaccin Méningocoque C polyosidique conjugué à l'anatoxine tétanique, sans précision","Meningococcal C polysaccharide vaccine conjugated to tetanus toxoid, unspecified",True,
VAC1185,"Vaccin Covid 19 à vecteur viral non réplicatif, adénovirus 26 codant la protéine de pointe du SARS-CoV-2, sans précision","Vaccin anti-covid 19 à vecteur viral non réplicatif, adénovirus 26 codant la protéine de pointe du SARS-CoV-2, sans précision",True,
VAC1186,"Vaccin Covid 19 à vecteur viral replicatif avec cellules présentant l'antigène, sans précision","Vaccin anti-covid 19 à vecteur viral replicatif avec cellules présentant l'antigène, sans précision",True,
VAC1187,"Vaccin Covid 19 à vecteur viral réplicatif, virus de la rougeole codant la protéine de pointe du SARS-CoV-2, sans précision","Vaccin anti-covid 19 à vecteur viral réplicatif, virus de la rougeole codant la protéine de pointe du SARS-CoV-2, sans précision",True,
VAC1188,"Vaccin Covid 19 à ARNm codant la protéine de pointe du SARS-CoV-2, virus originel, 3 microgrammes, sans précision","Vaccin anti-covid 19 à ARNm codant la protéine de pointe du SARS-CoV-2, virus originel, 3 microgrammes, sans précision",True,
VAC1189,"Vaccin Covid 19 à vecteur non réplicatif, vaccine Ankara modifiée codant la protéine de pointe du SARS-CoV-2, sans précision","COVID-19 non-replicating vector vaccine, modified Ankara vaccine encoding the SARS-CoV-2 spike protein, unspecified",True,
VAC1190,"Vaccin Covid 19 à vecteur viral réplicatif, virus de la stomatite vésiculaire codant la protéine de pointe du SARS-CoV-2, sans précision","Vaccin anti-covid 19 à vecteur viral réplicatif, virus de la stomatite vésiculaire codant la protéine de pointe du SARS-CoV-2, sans précision",True,
VAC1191,"Vaccin Infections urinaires chez la femme, sans précision","Vaccin contre Escherichia coli, Klebsiella pneumoniæ, Enterococcus fæcalis, Proteus vulgaris",True,
VAC1192,"Vaccin pentavalent DTCePHibHepB - Diphtérie-Tétanos-Coqueluche-Hib OC-HépatiteB 10µg, sans précision","Vaccin pédiatrique diphtérique (anatoxine, dose standard), tétanique (anatoxine), coquelucheux (entier inactivé), anti-Haemophilus influenzae type b (conjugué à l'anatoxine diphtérique) et de l’hépatite B (recombinant)",True,
VAC1193,"Vaccin Encéphalite japonaise, vivant recombinant atténué, sans précision","Vaccin vivant atténué contre l'encéphalite japonaise, recombinant chimérique",True,
VAC1194,"Vaccin Tétanos, Typhoïde et Paratyphoïde A et B, sans précision","Vaccin tétanique (anatoxine), typhoïdique (entier inactivé) et paratyphoïdique A et B (entier inactivé)",True,
VAC1195,"Vaccin Covid 19 à vecteur viral non réplicatif, adénovirus 26 codant la protéine de pointe du SARS-CoV-2, en essai clinique, sans précision","Vaccin anti-covid 19 à vecteur viral non réplicatif, adénovirus 26 codant la protéine de pointe du SARS-CoV-2, en essai clinique, sans précision",True,
VAC1196,"Vaccin Encéphalite japonaise, entier inactivé préparé sur tissu cérébral murin, sans précision","Vaccin entier inactivé contre l'encéphalite japonaise, préparé sur tissu cérébral murin, souche Nakayama, voie injectable",True,
VAC1197,"Vaccin Covid 19 à adénovirus de chimpanzé et à ARNm auto-amplifiant, sans précision","Vaccin anti-covid 19 à adénovirus de chimpanzé et à ARNm auto-amplifiant : 1. A vecteur viral non réplicatif, adénovirus de chimpanzé, sérotype 68 (ChAdV68), codant la protéine de pointe du SARS-CoV-2 (ChAdV68-S) et/ou la protéine de pointe plus des épitopes supplémentaires du SARS-CoV-2 reconnus par les cellules T (ChAdV68-S-TCE) et 2. A ARNm auto-amplifiant (SAM) dans des nanoparticules lipidiques (SAM-LNP) codant la protéine de pointe du SARS-CoV-2 (SAM-S) et/ou la protéine de pointe plus des épitopes supplémentaires du SARS-CoV-2 reconnus par les cellules T (SAM-S-TCE), vecteur SAM basé sur le virus de l'encéphalite équine du Venezuela (VEEV)",True,
VAC1198,"Vaccin Chinkungunya, vivant atténué, sans précision",Vaccin vivant atténué contre le chikungunya,True,
VAC1199,"Vaccin Ebola à vecteur viral réplicatif de la stomatite vésiculaire recombinant (rVSV) - glycoprotéine GP d'EBOV, sans précision","Ebola, recombinant vesicular stomatitis replicative viral vector vaccine (rVSV) - EBOV GP glycoprotein, unspecified",True,
VAC1200,"Vaccin Grippe quadrivalent, sur culture cellulaire, sans précision","Influenza quadrivalent vaccine, inactivated cell culture, split or subunit, normal dose",True,
VAC1201,"Vaccin Dengue tétravalent, vivant atténué recombinant chimérique basé sur le vaccin fièvre jaune 17D, sans précision","Dengue tetravalent vaccine, live attenuated chimeric recombinant based on 17D yellow fever vaccine, unspecified",True,
VAC1202,"Vaccin Covid 19 à virus vivant atténué, sans précision","Vaccin anti-covid 19 à virus vivant atténué, sans précision",True,
VAC1203,"Vaccin Brucellose, protéique (antigène P.I.), sans précision",Vaccin à antigène protéique P.I. (phénol-insoluble) contre la brucellose,True,
VAC1204,"Vaccin Covid 19 à sous-unité protéique, protéine de pointe recombinante, avec adjuvant, sans précision","Vaccin anti-covid 19 à sous-unité protéique, protéine de pointe recombinante, avec adjuvant, sans précision",True,
VAC1205,"Vaccin Ebola, vecteur viral vivant non réplicatif recombinant Ad26.ZEBOV, sans précision","Ebola virus vaccine, recombinant live non-replicating viral vector Ad26.ZEBOV, unspecified",True,
VAC1206,"Vaccin Covid 19 à ARNm auto-amplifiant, sans précision","Vaccin anti-covid 19 à ARNm auto-amplifiant, sans précision",True,
VAC1207,"Vaccin Covid 19 à vecteur viral réplicatif, virus de la maladie de Newcastle codant la protéine de pointe du SARS-CoV-2, sans précision","COVID-19 vaccine with replicative viral vector, Newcastle disease virus encoding the SARS-CoV-2 spike protein, unspecified",True,
VAC1208,"Vaccin quadrivalent DTCeHepB - Diphtérie-Tétanos-Coqueluche-HépatiteB 10µg, sans précision","Vaccin pédiatrique diphtérique (anatoxine, dose standard), tétanique (anatoxine), coquelucheux (entier inactivé) et de l’hépatite B (recombinant), adsorbé",True,
VAC1209,"Vaccin Rougeole, entier inactivé, sans précision",Vaccin entier inactivé contre la rougeole (historique),True,
VAC1210,"Vaccin Covid 19 à ARNm codant la protéine de pointe du SARS-CoV-2, virus original, 100 microgrammes, sans précision","COVID-19 mRNA vaccine encoding the SARS-CoV-2 spike protein, original virus, 100 micrograms, unspecified",True,
VAC1211,"Vaccin Méningocoque C polyosidique conjugué à la protéine CRM197, sans précision","Vaccin méningococcique C, polyoside conjugué à la protéine CRM197",True,
VAC1212,"Vaccin Poliomyélite, trivalent, entier inactivé oral, sans précision","Vaccin poliomyélitique (entier inactivé, trivalent), par voie orale",True,
VAC1213,"Vaccin Choléra contenant la sous-unité B recombinante de la toxine cholérique et des bactéries V. cholerae O1 entières inactivées, sans précision","Cholera vaccine containing recombinant cholera toxin B subunit and inactivated whole V. cholerae O1 bacteria, unspecified",True,
VAC1214,"Vaccin Covid 19 à ARNm codant la protéine de pointe du SARS-CoV-2, contre le variant Omicron XBB.1.5, 10µg, sans précision","Vaccin anti-covid 19 à ARNm codant la protéine de pointe du SARS-CoV-2, contre le variant Omicron XBB.1.5, 10µg",True,
VAC1215,"Vaccin hexavalent DTCaHibPHepB - Diphtérie-Tétanos-Coqueluche-Hib OMP-Polio-Hépatite B 10µg, sans précision","Diphtheria (standard dose), tetanus, pertussis (multicomponent acellular, standard dose), anti-Haemophilus influenzae type b (conjugated to the outer membrane protein of Neisseria meningitidis serogroup B), poliomyelitis (whole inactivated, trivalent) and hepatitis B (recombinant) vaccine, adsorbed, pediatric",True,
VAC1216,"Vaccin quadrivalent DTCaHepB - Diphtérie-Tétanos-Coqueluche-Hépatite B 10µg, sans précision","Diphtheria (standard dose), tetanus, pertussis (multicomponent acellular, standard dose) and hepatitis B (recombinant) vaccine, pediatric",True,
VAC1217,"Vaccin Hépatite B et Haemophilus influenzae type b, sans précision","Vaccin contre l'hépatite B et anti-Haemophilus influenzae type b, polyoside capsulaire (phosphate de polyribosylribitol, PRP) conjugué à la protéine de membrane externe de Neisseria meningitidis sérogroupe B",True,
VAC1218,"Vaccin Méningocoque A polyosidique conjugué à l'anatoxine tétanique, sans précision",Vaccin méningococcique polyosidique conjugué à l'anatoxine tétanique contre le sérogroupe A,True,
VAC1219,"Vaccin hexavalent DTCeHibMCV-A-C-T - Diphtérie-Tétanos-Coqueluche-Hib PRP-Méningocoque A et C, conjugué à l'anatoxine tétanique, sans précision","Diphtheria (standard dose), tetanus, pertussis (whole inactivated), Haemophilus influenzae type b (tetanus toxoid conjugated) and meningococcal serogroups A and C (toxoid conjugate) vaccine, pediatric",True,
VAC1220,"Vaccin Méningocoque CY et Haemophilus influenzae type b, conjugué à l'anatoxine tétanique, sans précision",Vaccin conjugué anti-Haemophilus influenzae type b (conjugué à l'anatoxine tétanique) et contre les méningocoques des sérogroupes C et Y (conjugué à l'anatoxine tétanique),True,
VAC1221,"Vaccin Diphtérie (dose standard), Tétanos et Rubéole, sans précision","Vaccin pédiatrique diphtérique (anatoxine, dose standard), tétanique (anatoxine) et contre la rubéole (vivant atténué)",True,
VAC1222,"Anticorps monoclonal humain VRS, palivizumab, sans précision","Human monoclonal antibody against respiratory syncytial virus (RSV), palivizumab, unspecified",True,
VAC1223,"Immunoglobuline VRS, sans précision","Immunoglobulin against respiratory syncytial virus (RSV), unspecified",True,
VAC1224,"Vaccin VRS, recombinant, glycoprotéines F (préfusion) des sous-types A et B du VRS, sans précision","Vaccin contre le virus respiratoire syncytial (VRS), recombinant, glycoprotéines F (préfusion), bivalent (sous-types A et B du VRS), sans précision",True,
VAC1225,"DT-TAB - Vaccin Diphtérie, Tétanos, Typhoïde et Paratyphoïde A et B, sans précision","Diphtheria (standard dose), tetanus, typhoid (whole inactivated) and paratypoid A and B (whole inactivated) vaccines, unspecified",True,
VAC1226,"Vaccin Hépatites A et B, dose pédiatrique, sans précision","Hepatitis A and B combined vaccine, pediatric dose, unspecified",True,
VAC1227,"Vaccin Hépatite B, dose pédiatrique, sans précision","Hepatitis B recombinant vaccine, pediatric dose, unspecified",True,
VAC1228,"Vaccin VRS, recombinant, antigène RSVPreF3 dérivé de la protéine F, sans précision","Respiratory syncytial virus (RSV) vaccine, recombinant, F protein-derived RSVPreF3 antigen, unspecified",True,
VAC1229,"Vaccin Méningocoque B (à protéines de vésicules de membrane externe) et C, sans précision","Vaccin contre les méningocoques des sérogroupes B (à protéines de vésicules de membrane externe B:14:P1.7,16) et C",True,
VAC1230,"Vaccin Méningocoque C et Haemophilus influenzae type b, conjugué à l'anatoxine tétanique, sans précision",Vaccin conjugué anti-Haemophilus influenzae type b (conjugué à l'anatoxine tétanique) et contre les méningocoques des sérogroupes C (conjugué à l'anatoxine tétanique),True,
VAC1231,"Vaccin pentavalent DTCaHibHepB- Diphtérie-Tétanos-Coqueluche-Hib PRP-Hepatite B 10μg, sans précision","Vaccin pédiatrique diphtérique (anatoxine, dose standard), tétanique (anatoxine), coquelucheux (acellulaire multicomposé, dose standard), hépatite B et anti-Haemophilus influenzae type b (conjugué à l'anatoxine tétanique)",True,
VAC1232,"Vaccin Coqueluche acellulaire, dose réduite, sans précision","Pertussis acellular vaccine, reduced dose, unspecified",True,
VAC1233,"Vaccin Pneumocoque conjugué 10-valent, sans précision","Pneumococcus 10-valent polysaccharide conjugate vaccine, serotypes 1, 4, 5, 6B, 7F, 9V, 14, 18C, 19F and 23F",True,
VAC1234,"Vaccin Pneumocoque non conjugué 15-valent, sans précision","Pneumococcal 15-valent unconjugated polysaccharide vaccine, serotypes 1, 2, 3, 4, 6B, 7F, 8, 9N, 11A, 12F, 14, 15F, 18C, 19F and 23F",True,
VAC1235,"Vaccin Rotavirus monovalent RIX4414, sans précision","Rotavirus RIX4414 monovalent vaccine, unspecified",True,
VAC1236,"Vaccin Covid 19 à sous-unité protéique, protéine de pointe recombinante dans des nanoparticules, sous-variant Omicron XBB.1.5, sans précision","Vaccin anti-covid 19 à sous-unité protéique, protéine de pointe recombinante dans des nanoparticules, sous-variant Omicron XBB.1.5",True,
VAC1237,"Vaccin Paludisme pré-érythrocytaire, sans précision",Malaria vaccine pre-erythrocytic R21/Matrix-M,True,
VAC1238,"Vaccin Hépatite B et Paludisme, sans précision","Hepatitis B and malaria vaccine, unspecified",True,
VAC1239,"Vaccin Pneumocoque conjugué 15-valent, sans précision","Pneumococcal 15-valent polysaccharide conjugate vaccine, adsorbed, serotypes 1, 3, 4, 5, 6A, 6B, 7F, 9V, 14, 18C, 19A, 19F, 22F, 23F and 33F",True,
VAC1240,"Vaccin Méningocoque B à 4 composants, sans précision","Meningococcal B vaccine, 4-component, unspecified",True,
VAC1241,"Vaccin Zona, glycoprotéine E (gE) de surface du virus varicelle-zona (VZV), sans précision","Shingles vaccine, varicella-zoster virus (VZV) surface glycoprotein E (gE), unspecified",True,
VAC1242,"Vaccin Covid 19 à ARNm codant la protéine de pointe du SARS-CoV-2, variant Omicron XBB.1.5, 25 microgrammes, sans précision","COVID-19 mRNA vaccine encoding the SARS-CoV-2 spike protein, Omicron XBB.1.5 variant, 25 micrograms",True,
VAC1243,"Vaccin Covid 19 à ARNm codant la protéine de pointe du SARS-CoV-2, variant Omicron XBB.1.5, 50 microgrammes, sans précision","COVID-19 mRNA vaccine encoding the SARS-CoV-2 spike protein, Omicron XBB.1.5 variant, 50 micrograms",True,
VAC1244,"Vaccin Covid 19 à ARNm codant la protéine de pointe du SARS-CoV-2, variant Omicron XBB.1.5, 30 microgrammes, sans précision","COVID-19 mRNA vaccine encoding the SARS-CoV-2 spike protein, Omicron XBB.1.5 variant, 30 micrograms",True,
VAC1245,"Vaccin Méningocoque ABCWY, sans précision","Meningococcal vaccine against serogroups A, C, W and Y (polysaccharide conjugated to tetanus toxoid), and against serogroup B (recombinant)",True,
VAC1246,MCOMBRIAX,"Vaccin combiné Grippe/Covid 19 à ARNm, en essai clinique",False,VAC1248
VAC1247,"Vaccin Hépatite A, sans précision","Hepatitis A vaccine, unspecified",True,
VAC1248,"Vaccin Grippe/Covid 19, à ARNm, sans précision","Vaccin combiné contre la grippe et la Covid 19, à ARNm, sans précision",True,
VAC1249,"Vaccin Grippe, inactivé trivalent, haute dose, voie intradermique, sans précision","Influenza vaccine, trivalent inactivated, split or subunit, intradermal route, unspecified",True,
VAC1250,EUVICHOL-S,"Cholera vaccine, oral, containing formalin-inactivated whole V. cholerae O1 bacteria",False,VAC1537
VAC1251,EUVICHOL-PLUS,"Vaccin cholérique, oral, bivalent constitué de cellules entières tuées de Vibrio cholerae O1 (classique et El Tor) et O139",False,VAC1257
VAC1252,JE-CV,"Vaccin vivant atténué contre l'encéphalite japonaise, recombinant chimérique",False,VAC1193
VAC1253,CHIMERIVAX-JE,"Vaccin vivant atténué contre l'encéphalite japonaise, recombinant chimérique",False,VAC1193
VAC1254,CAPVAXIVE,"Vaccin pneumococcique polyosidique conjugué, 21-valent, adsorbé, sérotypes 3, 6A, 7F, 8, 9N, 10A, 11A, 12F, 15A, 15B, 15C, 16F, 17F, 19A, 20A, 22F, 23A, 23B, 24F, 31, 33F, 35B",False,VAC1280
VAC1255,HEXASIIL,"Vaccin pédiatrique diphtérique (anatoxine, dose standard), tétanique (anatoxine), coquelucheux (entier inactivé), anti-Haemophilus influenzae type b (conjugué à l'anatoxine tétanique), poliomyélitique (entier inactivé, trivalent) et de l’hépatite B (recombinant), adsorbé",False,VAC1256
VAC1256,"Vaccin hexavalent DTCeHibPHepB - Diphtérie-Tétanos-Coqueluche-Hib-Polio-Hépatite B 15µg, sans précision","Diphtheria (standard dose), tetanus, pertussis (whole cell), Haemophilus influenzae type b (conjugated to tetanus toxoid), inactivated polio (trivalent) and hepatitis B (recombinant) pediatric vaccine, adsorbed",True,
VAC1257,"Vaccin Choléra, entier inactivé oral, bivalent contenant les bactéries V. cholerae O1 et O139 entières inactivées, sans précision","Vaccin cholérique, oral, bivalent constitué de cellules entières tuées de Vibrio cholerae O1 (classique et El Tor) et O139",True,
VAC1258,COMIRNATY JN.1 30 µg,"COVID-19 mRNA vaccine, subvariant Omicron JN.1, 30 micrograms, adult dose (+ 12 years)",False,VAC1411
VAC1259,COMIRNATY JN.1 10 µg CHILDREN (5-11 YEARS),"COVID-19 mRNA vaccine, subvariant Omicron JN.1, 10 micrograms, paediatric dose (5-11 years)",False,VAC1412
VAC1260,COMIRNATY JN.1 3 µg CHILDREN (6 MONTHS-4 YEARS),"COVID-19 mRNA vaccine, subvariant Omicron JN.1, 3 micrograms, dose (6 months-4 years)",False,VAC1413
VAC1261,NUVAXOVID JN.1,"COVID-19 vaccine, protein subunit, recombinant spike protein nanoparticles, with adjuvant (Matrix M), Omicron JN.1 subvariant",False,VAC1414
VAC1262,MRESVIA,ARNm simple brin coiffé en 5' codant la glycoprotéine F du virus respiratoire syncytial stabilisé dans la conformation de préfusion,False,VAC1420
VAC1263,"Vaccin covid à ARNm codant la protéine de pointe du SARS-COV-2, autorisé","COVID-19 mRNA vaccine encoding the SARS-COV-2 spike protein, authorized",True,
VAC1264,"Vaccin A(H5) contre la grippe aviaire, sans précision","Avian influenza A(H5) vaccine, unspecified",True,
VAC1265,CLODIVAC,"Vaccin diphtérique (anatoxine, dose réduite) et tétanique (anatoxine)",False,VAC0920
VAC1266,PENMENVY,"Meningococcal broad-spectrum vaccine against serogroups A, B, C, W and Y",False,VAC1539
VAC1267,VIMKUNYA,"Chikungunya VLP vaccine (recombinant, adsorbed)",False,VAC1419
VAC1268,SPIKEVAX JN.1 50 µg,"Vaccin anti-covid 19 à ARNm, subvariant Omicron JN.1, dosage à 50 microgrammes",False,VAC1409
VAC1269,"SPIKEVAX JN.1 0,1 mg/mL dose 25 µg","Vaccin à ARNm contre la covid 19, subvariant Omicron JN.1, 25 microgrammes par dose, flacon multidose",False,VAC1410
VAC1270,"SPIKEVAX JN.1 0,1 mg/mL dose 50 µg","Vaccin à ARNm contre la covid 19 , subvariant Omicron JN.1, 50 microgrammes par dose, flacon multidose",False,VAC1409
VAC1271,TYT BIOMED,"Typhoid and tetanus vaccine, injectable suspension",False,VAC1540
VAC1272,PSEUDOVAC,Vaccin polyvalent contre la bactérie Pseudomonas aeruginosa,False,VAC1415
VAC1273,DT BIOMED,"Vaccin pédiatrique diphtérique (anatoxine, dose standard) et tétanique (anatoxine), suspension adsorbée pour injection",False,VAC0137
VAC1274,d BIOMED,"Vaccin diphtérique (anatoxine, dose réduite)",False,VAC1172
VAC1275,D BIOMED,"Vaccin pédiatrique diphtérique (anatoxine, dose standard)",False,VAC1165
VAC1276,DTP BIOMED,"Vaccin pédiatrique diphtérique (anatoxine, dose standard), tétanique (anatoxine) et coquelucheux (entier inactivé)",False,VAC0136
VAC1277,"Vaccin contre le chikungunya, sans précision","Chikungunya vaccine, unspecified",True,
VAC1278,WALRINVAX,Vaccin bivalent recombinant contre le papillomavirus humain (types 16 et 18) (Pichia pastoris),False,VAC1426
VAC1279,"Vaccin contre le charbon adsorbé, avec adjuvant","Anthrax vaccine, adjuvanted adsorbed",True,
VAC1280,"Vaccin Pneumocoque conjugué 21-valent, sans précision","Pneumococcal conjugate vaccine, 21-valent, adsorbed, serotypes 3, 6A, 7F, 8, 9N, 10A, 11A, 12F, 15A, 15B, 15C, 16F, 17F, 19A, 20A, 22F, 23A, 23B, 24F, 31, 33F, 35B",True,
VAC1281,PENTABIO,"Vaccin pédiatrique diphtérique (anatoxine, dose standard), tétanique (anatoxine), coquelucheux (entier, dose standard), hépatite B et anti-Haemophilus influenzae type b (conjugué à l'anatoxine tétanique)",False,VAC1181
VAC1282,FLUBIO INFLUENZA HA,"Vaccin contre la grippe saisonnière trivalent inactivé, à antigène de surface",False,VAC0925
VAC1283,INDOVAC,"Vaccin anti-covid 19 à sous-unité protéique, protéine de pointe recombinante, voie intramusculaire",False,VAC1138
VAC1284,NUSAGARD,"Vaccin contre les papillomavirus humains à base de VLP (Virus Like Particles ou pseudo particules virales), quadrivalent (types 6, 11, 16 et 18), recombinant, adsorbé",False,VAC0859
VAC1285,NOPV2,"Vaccin poliomyélitique (vivant atténué, monovalent) contre les poliovirus 2, par voie orale",False,VAC0852
VAC1286,VAKSIN COVID-19 BIO FARMA,"Vaccin anti-COVID-19 à sous-unité protéique, protéine de pointe recombinante (domaine RBD), administré par voie intramusculaire.",False,VAC1138
VAC1287,VAKSIN HEPATITIS B BIO FARMA,"Vaccin hépatite B, antigène de surface recombinante du virus de l'hépatite B (Ag HBs), sans précision",False,VAC0101
VAC1288,VAKSIN POLIOMYELITIS BIO FARMA,"Vaccin poliomyélitique (entier inactivé, trivalent)",False,VAC0270
VAC1289,VAKSIN POLIOMYELITIS BIVALEN BIO FARMA,"Vaccin poliomyélitique (vivant atténué, bivalent) contre les poliovirus 1 et 3, par voie orale",False,VAC0600
VAC1290,MOPV1 BIO FARMA,"Vaccin poliomyélitique (vivant atténué, monovalent) contre les poliovirus 1, par voie orale",False,VAC0853
VAC1291,MOPV2 BIO FARMA,"Vaccin poliomyélitique (vivant atténué, monovalent) contre les poliovirus 2, par voie orale",False,VAC0852
VAC1292,BIO-TCV,"Vaccin typhoïdique, antigène Vi conjugué à l’anatoxine tétanique",False,VAC0711
VAC1293,VAKSIN BCG KERING,Vaccin vivant atténué contre la tuberculose,False,VAC0134
VAC1294,BIO-TD,"Vaccin diphtérique (anatoxine, dose réduite) et tétanique (anatoxine)",False,VAC0920
VAC1295,DT BIO FARMA,"Vaccin pédiatrique diphtérique (anatoxine, dose standard) et tétanique (anatoxine)",False,VAC0137
VAC1296,DTP BIO FARMA,"Vaccin pédiatrique diphtérique (anatoxine, dose standard), tétanique (anatoxine) et coquelucheux (entier inactivé)",False,VAC0136
VAC1297,TT BIO FARMA,Vaccin tétanique (anatoxine),False,VAC0132
VAC1298,BETT,Vaccin tétanique (anatoxine),False,VAC0132
VAC1299,BEVAC 10 µg,"Vaccin recombinant contre l'hépatite B, dose pédiatrique",False,VAC0914
VAC1300,BEVAC 20 µg,"Vaccin recombinant contre l'hépatite B, dose adulte",False,VAC0915
VAC1301,BE Td,"Vaccin diphtérique (anatoxine, dose réduite) et tétanique (anatoxine)",False,VAC0920
VAC1302,COMBE FIVE,"Vaccin pédiatrique diphtérique (anatoxine, dose standard), tétanique (anatoxine), coquelucheux (entier, dose standard), hépatite B et anti-Haemophilus influenzae type b (conjugué à l'anatoxine tétanique)",False,VAC1181
VAC1303,TRIPVAC,Vaccin contre la maladie de Lyme utilisant une protéine recombinante dérivée de l'OspA (Outer Surface Protein A) de six sérotypes de Borrelia burgdorferi,False,VAC1180
VAC1304,BERAB,"Vaccin rabique entier inactivé, préparé sur culture de cellules Vero, inactivé par la bêta-propiolactone",False,VAC1116
VAC1305,MRBEV,Vaccin vivant atténué contre la rougeole et la rubéole,False,VAC0550
VAC1306,TYPHIBEV,"Typhoid vaccine, Vi antigen conjugated to CRM197 protein",False,VAC1425
VAC1307,JEEV 6 µg,"Vaccin entier inactivé contre l'encéphalite japonaise, préparé sur cellules Vero, 6 microgrammes",False,VAC1427
VAC1308,DT BIOLOGICAL E LTD,"Vaccin pédiatrique diphtérique (anatoxine, dose standard) et tétanique (anatoxine)",False,VAC0137
VAC1309,NOVEL ORAL (nOPV) TYPE 2 BIOLOGICAL E. LTD,"Vaccin poliomyélitique (vivant atténué, monovalent) contre les poliovirus 2, par voie orale",False,VAC0852
VAC1310,SII TD-VAC,"Vaccin diphtérique (anatoxine, dose réduite) et tétanique (anatoxine)",False,VAC0920
VAC1311,"Vaccin Méningocoques ACWXY conjugué, sans précision","Vaccin méningococcique polyosidique conjugué quadrivalent contre les sérogroupes A, C, W, X et Y",True,
VAC1312,TT SII,Vaccin tétanique (anatoxine),False,VAC0132
VAC1313,BCG SII,Vaccin vivant atténué contre la tuberculose,False,VAC0134
VAC1314,MEASLES SII,Vaccin vivant atténué contre la rougeole,False,VAC0114
VAC1315,MUMPS SII,Vaccin vivant atténué contre les oreillons,False,VAC0153
VAC1316,RUBELLA SII,Vaccin vivant atténué contre la rubéole,False,VAC0113
VAC1317,CERVAVAC,"Vaccin contre les papillomavirus humains à base de VLP (Virus Like Particles ou pseudo particules virales), quadrivalent (types 6, 11, 16 et 18), recombinant, adsorbé",False,VAC0859
VAC1318,"DIPHTHERIA, TETANUS, PERTUSSIS AND HEPATITIS B SII","Vaccin pédiatrique diphtérique (anatoxine, dose standard), tétanique (anatoxine), coquelucheux (entier inactivé) et de l’hépatite B (recombinant), adsorbé",False,VAC1208
VAC1319,"DIPHTERIA, TETANUS, PERTUSSIS AND HAEMOPHILUS INFLUENZAE B SII","Vaccin pédiatrique diphtérique (anatoxine, dose standard), tétanique (anatoxine), coquelucheux (entier inactivé) et anti-Haemophilus influenzae type b (conjugué à l'anatoxine diphtérique)",False,VAC1161
VAC1320,"DIPHTHERIA, TETANUS, PERTUSSIS, HEPATITIS B AND HAEMOPHILUS INFLUENZAE B SII","Vaccin pédiatrique diphtérique (anatoxine, dose standard), tétanique (anatoxine), coquelucheux (entier, dose standard), hépatite B et anti-Haemophilus influenzae type b (conjugué à l'anatoxine tétanique)",False,VAC1181
VAC1321,HAEMOPHILUS INFLUENZAE B SII,"Vaccin anti-Haemophilus influenzae type b, polyoside capsulaire (phosphate de polyribosylribitol, PRP) conjugué à l'anatoxine tétanique",False,VAC0345
VAC1322,PNEUMOSIL,"Vaccin pneumococcique polyosidique conjugué, 10-valent, séroptypes 1, 5, 6A, 6B, 7F, 9V, 14, 19A, 19F et 23F",False,VAC1424
VAC1323,MENFIVE,"Vaccin méningococcique polyosidique conjugué quadrivalent contre les sérogroupes A, C, W, X et Y",False,VAC1311
VAC1324,NASOVAC-S,Vaccin contre la grippe pandémique à virus influenza A(H1N1)pdm09 vivant atténué,False,VAC1423
VAC1325,GENEVAC-B 10 µg,"Vaccin recombinant contre l'hépatite B avec thiomersal, dose pédiatrique",False,VAC0914
VAC1326,GENEVAC-B 20 µg,"Vaccin recombinant contre l'hépatite B avec thiomersal, dose adulte",False,VAC0915
VAC1327,HEPATITIS B SII,"Vaccin recombinant contre l'hépatite B sans thiomersal, dose adulte et pédiatrique",False,VAC0101
VAC1328,TUBERVAC,"Vaccin contre la tuberculose, vivant atténué",False,VAC0134
VAC1329,FLU-M,"Vaccin contre la grippe saisonnière inactivé trivalent, à virion fragmenté",False,VAC0925
VAC1330,FLU-M TETRA,"Vaccin contre la grippe saisonnière inactivé quadrivalent, à virion fragmenté",False,VAC0938
VAC1331,CELLDEMIC,Vaccin contre la grippe A(H5N1) (virion fragmenté),False,VAC0084
VAC1332,COMIRNATY KP.2 3 µg CHILDREN (6 MONTHS-4 YEARS),"COVID-19 mRNA vaccine, subvariant Omicron KP.2, 3 micrograms, paediatric dose (6 months-4 years)",False,VAC1416
VAC1333,COMIRNATY KP.2 10 µg CHILDREN (5-11 YEARS),"COVID-19 mRNA vaccine, subvariant Omicron KP.2, 10 micrograms, paediatric dose (5-11 years)",False,VAC1417
VAC1334,COMIRNATY KP.2 30 µg ADULT (+ 12 YEARS),"COVID-19 mRNA vaccine, subvariant Omicron KP.2, 30 micrograms, adult (+ 12 years)",False,VAC1418
VAC1335,INCELLIPAN,Vaccin contre la grippe A(H5N1) (virion fragmenté),False,VAC0084
VAC1336,KOSTAIVE,"COVID-19 vaccine, mRNA encoding the SARS-CoV-2 spike protein, original virus",False,VAC1421
VAC1337,CONVACELL,"COVID-19 protein subunit vaccine, recombinant N protein",False,VAC1422
VAC1338,ZOONOTIC,"Vaccin contre la grippe A(H5N1) (virion fragmenté, inactivé, avec adjuvant)",False,VAC0084
VAC1339,BIMERVAX XBB.1.16,"COVID-19 vaccine, protein subunit, recombinant homodimeric RBD protein, Omicron variant XBB.1.16, with adjuvant (SQBA)",False,VAC1428
VAC1340,"SPIKEVAX BA.1 0,1 mg/mL dose 50 µg","Vaccin à ARNm bivalent contre la covid 19, virus originel + variant Omicron BA.1, 50 microgrammes par dose, flacon multidose",False,VAC1536
VAC1341,"Vaccin Covid 19 à ARNm codant la protéine de pointe du SARS-CoV-2, variant Omicron XBB.1.5, dose non précisée","COVID-19 mRNA vaccine encoding the SARS-CoV-2 spike protein, Omicron XBB.1.5 variant, unspecified dose",True,
VAC1342,IPVAX,"Vaccin poliomyélitique (entier inactivé, trivalent)",False,VAC0270
VAC1343,BORYUNG CELL CULTURE-DERIVED JAPANESE ENCEPHALITIS VACCINE,"Vaccin entier inactivé contre l'encéphalite japonaise, préparé sur cellules Vero",False,VAC1427
VAC1344,BORYUNG JAPANESE ENCEPHALITIS VACCINE,"Vaccin entier inactivé contre l'encéphalite japonaise, préparé sur tissu cérébral murin, souche Nakayama, voie injectable",False,VAC1196
VAC1345,ZEROTYPH,Vaccin typhoïdique polyosidique non conjugué (antigène capsulaire Vi),False,VAC0713
VAC1346,FLU QUADRIVALENT MCV,"Vaccin contre la grippe saisonnière inactivé quadrivalent, à virion fragmenté",False,VAC0938
VAC1347,EFLUELDA,"Vaccin contre la grippe saisonnière inactivé trivalent, à virion fragmenté, haute dose",False,VAC1171
VAC1348,TETANA,Vaccin tétanique (anatoxine),False,VAC0132
VAC1349,TY BIOMED,Vaccin typhoïdique entier inactivé,False,VAC0817
VAC1350,T SIS BIOMED,Vaccin tétanique (anatoxine),False,VAC0132
VAC1351,TETANA PRO,Vaccin tétanique (anatoxine),False,VAC0132
VAC1352,TERATECT,"Vaccin contre la grippe saisonnière inactivé quadrivalent, à virion fragmenté",False,VAC0938
VAC1353,IL-YANG FLU VACCINE,"Vaccin contre la grippe saisonnière inactivé trivalent, à virion fragmenté",False,VAC0925
VAC1354,EUFORVAC,"Vaccin pédiatrique diphtérique (anatoxine, dose standard), tétanique (anatoxine), coquelucheux (entier, dose standard), hépatite B et anti-Haemophilus influenzae type b (conjugué à l'anatoxine tétanique)",False,VAC1181
VAC1355,EUPENTA,"Vaccin pédiatrique diphtérique (anatoxine, dose standard), tétanique (anatoxine), coquelucheux (entier, dose standard), hépatite B et anti-Haemophilus influenzae type b (conjugué à l'anatoxine tétanique)",False,VAC1181
VAC1356,EUVAX B 10 µg,"Vaccin recombinant contre l'hépatite B, dose pédiatrique",False,VAC0914
VAC1357,EUPOLIO,"Vaccin poliomyélitique (entier inactivé, trivalent)",False,VAC0270
VAC1358,SKYCELLFLU QUADRIVALENT,"Vaccin contre la grippe saisonnière inactivé quadrivalent, produit sur culture cellulaire",False,VAC1200
VAC1359,SKYCELLFLU TRIVALENT,"Vaccin contre la grippe saisonnière inactivé trivalent, produit sur culture cellulaire",False,VAC1175
VAC1360,HEPAMUNE B 10 µg,"Vaccin recombinant contre l'hépatite B, dose pédiatrique",False,VAC0914
VAC1361,HEPAMUNE B 20 µg,"Vaccin recombinant contre l'hépatite B, dose adulte",False,VAC0915
VAC1362,SK TD,"Vaccin diphtérique (anatoxine, dose réduite) et tétanique (anatoxine)",False,VAC0920
VAC1363,HEPAVAX-GENE B 10 µg,"Vaccin recombinant contre l'hépatite B, dose pédiatrique",False,VAC0914
VAC1364,BIOHIB,Vaccin conjugué anti-Hemophilus influenzae de type b composé du PRP (polyribosylribitol phosphate) conjugué à l'anatoxine tétanique,False,VAC0345
VAC1365,COMVAC5,"Vaccin pédiatrique diphtérique (anatoxine, dose standard), tétanique (anatoxine), coquelucheux (entier, dose standard), hépatite B et anti-Haemophilus influenzae type b (conjugué à l'anatoxine tétanique)",False,VAC1181
VAC1366,HILLCHOL,"Cholera vaccine, oral, containing formalin-inactivated whole V. cholerae O1 bacteria",False,VAC1537
VAC1367,HNVAC,Vaccin contre la grippe pandémique à virus influenza A(H1N1)pdm09 inactivé,False,VAC0147
VAC1368,INCOVACC,"Vaccin anti-covid 19 à vecteur viral non réplicatif, adénovirus de chimpanzé ChadOx1 codant la protéine de pointe du SARS-CoV-2",False,VAC1170
VAC1369,INDIRAB,"Vaccin rabique entier inactivé, préparé sur culture de cellules Vero,  inactivé par la bêta-propiolactone",False,VAC1116
VAC1370,JENVAC,"Vaccin entier inactivé contre l'encéphalite japonaise, préparé sur cellules Vero",False,VAC1111
VAC1371,REVAC-B MCF,"Vaccin recombinant contre l'hépatite B, dose pédiatrique",False,VAC0914
VAC1372,ROTAVAC,Vaccin contre les rotavirus,False,VAC0158
VAC1373,ROTAVAC 5D,Vaccin contre les rotavirus,False,VAC0158
VAC1374,TYPBAR-TCV,"Vaccin typhoïdique, antigène Vi conjugué à l'anatoxine tétanique",False,VAC0711
VAC1375,TWINRAB,"Rabies immunoglobulin, unspecified",False,VAC0502
VAC1376,ZYCOV-D,Vaccin anti-covid 19 à ADN plasmidique,False,VAC1128
VAC1377,VAXIFLU-4,"Influenza quadrivalent inactivated vaccine, split or subunit, unspecified",False,VAC1541
VAC1378,VACTYPH,Vaccin typhoïdique polyosidique non conjugué (antigène capsulaire Vi),False,VAC0713
VAC1379,ZYVAC MMR,"Vaccin vivant atténué contre la rougeole, les oreillons et la rubéole",False,VAC0130
VAC1380,ZYVAC TCV,"Vaccin typhoïdique, antigène Vi conjugué à l'anatoxine tétanique",False,VAC0711
VAC1381,MEASLES AND RUBELLA VACCINE ZYDUS,Vaccin vivant atténué contre la rougeole et la rubéole,False,VAC0623
VAC1382,SKYTYPHOID,"Vaccin conjugué contre la typhoïde, antigène capsulaire polyosidique Vi lié à une protéine porteuse (toxine diphtérique)",False,VAC1542
VAC1383,CYVAC,Malaria vaccine,False,VAC1543
VAC1384,BARYCELA,Vaccin vivant atténué contre la varicelle,False,VAC0159
VAC1385,GC FLU QUADRIVALENT,"Vaccin contre la grippe saisonnière inactivé quadrivalent de la grippe, fractionnée ou sous-unité, sans précision",False,VAC1541
VAC1386,GCFLU,"Vaccin contre la grippe saisonnière inactivé, quadrivalent, dose pédiatrique",False,VAC0929
VAC1387,SINSAVAC,Vaccin vivant atténué contre la fièvre jaune,False,VAC0111
VAC1388,BIVAC POLIO,"Vaccin poliomyélitique (vivant atténué, bivalent) contre les poliovirus 1 et 3, par voie orale",False,VAC0600
VAC1389,INLIVE,Vaccin entier inactivé contre l'entérovirus A71,False,VAC1118
VAC1390,HEALIVE,Vaccin entier inactivé contre l'hépatite A,False,VAC0102
VAC1391,BILIVE,"Vaccin combiné contre les hépatites A et B, dose adulte",False,VAC0654
VAC1392,23-VALENT SINOVAC,"Vaccin pneumococcique polyosidique non conjugué, 23-valent, sérotypes 1, 2, 3, 4, 5, 6B, 7F, 8, 9N, 9V, 10A, 11A, 12F, 14, 15B, 17F, 18C, 19F, 19A, 20, 22F, 23F et 33F",False,VAC0339
VAC1393,PROVARIX,Vaccin vivant atténué contre la varicelle,False,VAC0159
VAC1394,POLIO SINOVAC VACCINE,"Vaccin poliomyélitique (entier inactivé, trivalent)",False,VAC0270
VAC1395,MUMPS SINOVAC VACCINE,Vaccin vivant atténué contre les oreillons,False,VAC0153
VAC1396,ANFLU,"Vaccin contre la grippe saisonnière inactivé trivalent, à virion fragmenté",False,VAC0925
VAC1397,PANFLU,"Vaccin contre la grippe A(H5N1) (virion fragmenté, inactivé, avec adjuvant)",False,VAC0084
VAC1398,PANFLU.1,Vaccin contre la grippe pandémique à virus influenza A(H1N1)pdm09 inactivé,False,VAC0147
VAC1399,TERTRANFLU,"Vaccin contre la grippe saisonnière inactivé quadrivalent, à virion fragmenté",False,VAC0938
VAC1400,SHANIPV,"Vaccin poliomyélitique (entier inactivé, trivalent)",False,VAC0270
VAC1401,9-VALENT HPV VACCINE INNOVAX,"Vaccin contre les papillomavirus humains à base de VLP (Virus Like Particles ou pseudo particules virales), nonavalent (types 6, 11, 16, 18, 31, 33, 45, 52 et 58), recombinant, adsorbé",False,VAC0860
VAC1402,EASYSIX,"Diphtheria toxoid (standard dose), tetanus toxoid, pertussis (whole cell), Haemophilus influenzae type b (conjugated to tetanus toxoid), inactivated polio (trivalent) and hepatitis B (recombinant) pediatric vaccine, adsorbed",False,VAC1547
VAC1403,EASYFIVE-TT,"Vaccin pédiatrique diphtérique (anatoxine, dose standard), tétanique (anatoxine), coquelucheux (entier, dose standard), hépatite B et anti-Haemophilus influenzae type b (conjugué à l'anatoxine tétanique)",False,VAC1181
VAC1404,EASYFOUR-TT,"Vaccin pédiatrique diphtérique (anatoxine, dose standard), tétanique (anatoxine), coquelucheux (entier inactivé) et anti-Haemophilus influenzae type b (conjugué à l'anatoxine diphtérique)",False,VAC1161
VAC1405,EASYFOURPOL,"Vaccin pédiatrique diphtérique (anatoxine, dose standard), tétanique (anatoxine), coquelucheux (acellulaire multicomposé, dose standard), anti-Haemophilus influenzae type b (conjugué à l'anatoxine tétanique) et poliomyélitique (entier inactivé, trivalent), adsorbé",False,VAC1126
VAC1406,SPUTNIK V,"Vaccin anti-covid 19 à vecteur viral non réplicatif, adénovirus 6 codant la protéine de pointe du SARS-CoV-2",False,VAC1143
VAC1407,NOVOHIB,Vaccin conjugué anti-Hemophilus influenzae de type b composé du PRP (polyribosylribitol phosphate) conjugué à l'anatoxine tétanique,False,VAC0345
VAC1408,ENIVACHB,"Vaccin recombinant contre l'hépatite B, dose pédiatrique",False,VAC0914
VAC1409,"Vaccin à ARNm contre la covid 19 , subvariant Omicron JN.1, 50 microgrammes par dose, flacon multidose","COVID-19 mRNA vaccine, Omicron JN.1 subvariant, 50 micrograms per dose, multidose vial",True,
VAC1410,"Vaccin à ARNm contre la covid 19, subvariant Omicron JN.1, 25 microgrammes par dose, flacon multidose","COVID-19 mRNA vaccine, Omicron JN.1 subvariant, 25 micrograms per dose, multidose vial",True,
VAC1411,"Vaccin à ARNm contre la covid 19, subvariant Omicron JN.1, 30 microgrammes, dose adulte (+ 12 ans)","COVID-19 mRNA vaccine, subvariant Omicron JN.1, 30 micrograms, adult dose (+ 12 years)",True,
VAC1412,"Vaccin à ARNm contre la covid 19, subvariant Omicron JN.1, 10 microgrammes, dose pédiatrique (5-11 ans)","COVID-19 mRNA vaccine, subvariant Omicron JN.1, 10 micrograms, paediatric dose (5-11 years)",True,
VAC1413,"Vaccin à ARNm contre la covid 19, subvariant Omicron JN.1, 3 microgrammes, dose  (6 mois-4 ans)","COVID-19 mRNA vaccine, subvariant Omicron JN.1, 3 micrograms, dose (6 months-4 years)",True,
VAC1414,"Vaccin anti-covid 19 à sous-unité protéique, protéine de pointe recombinante dans des nanoparticules, avec adjuvant (Matrix M), sous-variant Omicron JN.1","COVID-19 vaccine, protein subunit, recombinant spike protein nanoparticles, with adjuvant (Matrix M), Omicron JN.1 subvariant",True,
VAC1415,Vaccin polyvalent contre la bactérie Pseudomonas aeruginosa,Pseudomonas aeruginosa (a pus-forming bacterium) vaccine,True,
VAC1416,"Vaccin à ARNm contre la covid 19, subvariant Omicron KP.2, 3 microgrammes, dose pédiatrique (6 mois-4 ans)","COVID-19 mRNA vaccine, subvariant Omicron KP.2, 3 micrograms, paediatric dose (6 months-4 years)",True,
VAC1417,"Vaccin à ARNm contre la covid 19, subvariant Omicron KP.2, 10 microgrammes, dose pédiatrique (5-11 ans)","COVID-19 mRNA vaccine, subvariant Omicron KP.2, 10 micrograms, paediatric dose (5-11 years)",True,
VAC1418,"Vaccin à ARNm contre la covid 19, subvariant Omicron KP.2, 30 microgrammes,  adulte (+ 12 ans)","COVID-19 mRNA vaccine, subvariant Omicron KP.2, 30 micrograms, adult (+ 12 years)",True,
VAC1419,"Vaccin Chikungunya à base de VLP (recombinant, adsorbé)","Chikungunya VLP vaccine (recombinant, adsorbed)",True,
VAC1420,ARNm simple brin coiffé en 5' codant la glycoprotéine F du virus respiratoire syncytial stabilisé dans la conformation de préfusion,"Respiratory syncytial virus glycoprotein F, stabilized in the prefusion conformation, encoded by a single-stranded 5' capped mRNA",True,
VAC1421,"Vaccin anti-covid 19 à ARNm codant la protéine de pointe du SARS-CoV-2, virus originel","COVID-19 vaccine, mRNA encoding the SARS-CoV-2 spike protein, original virus",True,
VAC1422,"Vaccin anti-covid 19 à sous-unité protéique, protéine N recombinante","COVID-19 protein subunit vaccine, recombinant N protein",True,
VAC1423,Vaccin contre la grippe pandémique à virus influenza A(H1N1)pdm09 vivant atténué,"Influenza vaccine A(H1N1)pdm09 pandemic, live attenuated",True,
VAC1424,"Vaccin pneumococcique polyosidique conjugué, 10-valent, séroptypes 1, 5, 6A, 6B, 7F, 9V, 14, 19A, 19F et 23F","Pneumococcal 10-valent polysaccharide conjugate vaccine, serotypes 1, 5, 6A, 6B, 7F, 9V, 14, 19A, 19F and 23F",True,
VAC1425,"Vaccin typhoïdique, antigène Vi conjugué à la protéine CRM197","Typhoid vaccine, Vi antigen conjugated to CRM197 protein",True,
VAC1426,Vaccin bivalent recombinant contre le papillomavirus humain (types 16 et 18) (Pichia pastoris),"Human papillomavirus vaccine, bivalent recombinant (types 16 and 18) (Pichia pastoris)",True,
VAC1427,"Vaccin entier inactivé contre l'encéphalite japonaise, préparé sur cellules Vero, 6 microgrammes","Japanese encephalitis vaccine, whole inactivated, prepared in Vero cells, 6 micrograms",True,
VAC1428,"Vaccin anti-covid 19 à sous-unité protéique, protéine RBD recombinante homodimérique, variant Omicron XBB.1.16, avec adjuvant (SQBA)","COVID-19 vaccine, protein subunit, recombinant homodimeric RBD protein, Omicron variant XBB.1.16, with adjuvant (SQBA)",True,
VAC1429,TETANEA,Immunoglobuline anti-tétanique,False,VAC0497
VAC1430,"Vaccin Covid 19 bivalent à ARNm contre le virus originel et le variant Omicron BA.4/5, 50 microgrammes, sans précision","COVID-19 bivalent mRNA vaccine against the original virus and the Omicron BA.4/5 variant, 50 micrograms, unspecified",True,
VAC1431,"Vaccin VRS, sans précision","RSV vaccine, unspecified",True,
VAC1432,"Vaccin Fièvre hémorragique d'Argentine, virus Junin, sans précision","Argentine hemorrhagic fever vaccine, Junin virus, unspecified",True,
VAC1433,"Vaccin peste, sans précision","Plague vaccine, unspecified",True,
VAC1434,"Vaccin méningocoque A, sans précision","Meningococcal A vaccine, unspecified",True,
VAC1435,"Vaccin rage, inactivé, entier, préparé sur culture cellulaire, sans précision","Vaccin rage, inactivé, entier, préparé sur culture cellulaire, sans précision",True,
VAC1436,"Vaccin rage, inactivé, entier, préparé sur tissu cérébral animal infecté par le virus de la rage, sans précision","Rabies vaccine, inactivated, whole virion, prepared from animal brain tissue infected with rabies virus, unspecified",True,
VAC1437,"Vaccin méningocoque, monovalent, polyosidique conjugué","Meningococcal vaccine, monovalent, conjugate",True,
VAC1438,"Vaccin grippe, trivalent, inactivé, fractionné ou sous-unité, adjuvant","Influenza vaccine, trivalent, inactivated, fractionated or subunit, adjuvanted",True,
VAC1439,"Vaccin méningocoque, polyvalent, polyosidique conjugué","Meningococcal vaccine, polyvalent, conjugate polysaccharide",True,
VAC1440,"Vaccin grippe, quadrivalent, inactivé, fractionné ou sous-unité, adjuvant, dose normale","Vaccin grippe, quadrivalent, inactivé, fractionné ou sous-unité, adjuvant, dose normale",True,
VAC1441,"Vaccin grippe, quadrivalent, inactivé, fractionné ou sous-unité, voie intradermique, sans précision","Influenza vaccine, quadrivalent, inactivated, split or subunit, intradermal route, unspecified",True,
VAC1442,"Vaccin grippe, quadrivalent, virosomale, sans précision","Influenza vaccine, quadrivalent, virosomal, unspecified",True,
VAC1443,"Vaccin grippe, trivalent, virosomal, sans précision","Influenza vaccine, trivalent, virosomal, unspecified",True,
VAC1444,"Vaccin grippe, trivalent, VLP, sans précision","Influenza vaccine, trivalent, VLP, unspecified",True,
VAC1445,"Vaccin grippe aviaire, A(H5N1), ARNm","Avian influenza vaccine, mRNA",True,
VAC1446,"Vaccin encéphalite japonaise, inactivé, dérivé de cellules Vero, 3 microgrammes","Japanese encephalitis vaccine, inactivated, whole-virus, derived from Vero cells, 3 micrograms",True,
VAC1447,VACCIN BCG SYNTHAVERSE,Vaccin contre la tuberculose (vivant atténué),False,VAC0134
VAC1448,BCG VACCINE MERCK,Vaccin contre la tuberculose (vivant atténué),False,VAC0134
VAC1449,DITANRIX-PEDIATRIC,"Vaccin pédiatrique diphtérique (anatoxine, dose standard) et tétanique (anatoxine)",False,VAC0137
VAC1450,HEPACARE,"Vaccin recombinant contre l'hépatite B, dose adulte",False,VAC0915
VAC1451,CHIROFLU,"Vaccin contre la grippe saisonnière inactivé trivalent, à virion fragmenté",False,VAC0925
VAC1452,SCI-B-VAC,"Vaccin recombinant contre l'hépatite B, trois antigènes (HbS, pré-S1 et pré-S2)",False,VAC1145
VAC1453,INVIVAC,"Influenza vaccine, trivalent, virosomal, unspecified",False,VAC1443
VAC1454,PRIMAVAX,"Diphtheria vaccine (anatoxin, standard dose), tetanus vaccine (anatoxin) and hepatitis B vaccine",False,VAC1552
VAC1455,MENGIVAC A + C,Vaccin polyosidique non conjugué contre les méningocoques des sérogroupes A et C,False,VAC0151
VAC1456,WYVAC,"Vaccin rabique entier inactivé, préparé sur culture de cellules diploïdes humaines (HDCV) MRC-5, inactivation par la ß-propiolactone",False,VAC0943
VAC1457,TETRA-SOLGEN,"Vaccin pédiatrique diphtérique (anatoxine, dose standard), tétanique (anatoxine), coquelucheux (entier inactivé) et poliomyélitique (entier inactivé, trivalent)",False,VAC1151
VAC1458,TRIDIPIGEN,"Vaccin pédiatrique diphtérique (anatoxine, dose standard), tétanique (anatoxine) et coquelucheux (entier inactivé)",False,VAC0136
VAC1459,TRINFAGEN N0.1,"Vaccin pédiatrique diphtérique (anatoxine, dose standard), tétanique (anatoxine) et poliomyélitique (entier inactivé, trivalent)",False,VAC0088
VAC1460,SOLGEN,"Vaccin pédiatrique diphtérique (anatoxine, dose standard), tétanique (anatoxine) et coquelucheux (entier inactivé)",False,VAC0136
VAC1461,DIFTET,"Vaccin pédiatrique diphtérique (anatoxine, dose standard) et tétanique (anatoxine)",False,VAC0137
VAC1462,PNU-IMUNE 14,"Pneumococcal unconjugated polysaccharide vaccine, 23-valent, serotypes 1, 2, 3, 4, 5, 6B, 7F, 8, 9N, 9V, 10A, 11A, 12F, 14, 15B, 17F, 18C, 19A, 19F, 20, 22F, 23F and 33F",False,VAC1551
VAC1463,FREEZE-DRIED BCG VACCINE JAPAN,Vaccin contre la tuberculose (vivant atténué),False,VAC0134
VAC1464,FLUBRON VACCINE,Vaccin contre la grippe saisonnière à virus entier inactivé,False,VAC0820
VAC1465,PERDIPIGEN,"Vaccin pédiatrique diphtérique (anatoxine, dose standard) et coquelucheux (entier inactivé)",False,VAC1549
VAC1466,COMIRNATY LP.8.1 30 µg,"COVID-19 mRNA vaccine, subvariant Omicron LP.8.1, 30 micrograms, adult (+ 12 years)",False,VAC1471
VAC1467,COMIRNATY LP.8.1 3 µg,"COVID-19 mRNA vaccine, subvariant Omicron LP.8.1, 3 micrograms, paediatric dose (6 months-4 years)",False,VAC1470
VAC1468,COMIRNATY LP.8.1 10 µg,"COVID-19 mRNA vaccine, subvariant Omicron LP.8.1, 10 micrograms, paediatric dose (5-11 years)",False,VAC1472
VAC1469,mNEXSPIKE,"Vaccin à ARNm contre la covid 19, codant les fragments (NTD et RBD) de la protéine Spike du SARS-CoV-2, sous-variant Omicron LP.8.1",False,VAC1473
VAC1470,"Vaccin à ARNm contre la covid 19, subvariant Omicron LP.8.1, 3 microgrammes, dose pédiatrique (6 mois-4 ans)","COVID-19 mRNA vaccine, subvariant Omicron LP.8.1, 3 micrograms, paediatric dose (6 months-4 years)",True,
VAC1471,"Vaccin à ARNm contre la covid 19, subvariant Omicron LP.8.1, 30 microgrammes,  adulte (+ 12 ans)","COVID-19 mRNA vaccine, subvariant Omicron LP.8.1, 30 micrograms, adult (+ 12 years)",True,
VAC1472,"Vaccin à ARNm contre la covid 19, subvariant Omicron LP.8.1, 10 microgrammes, dose pédiatrique (5-11 ans)","COVID-19 mRNA vaccine, subvariant Omicron LP.8.1, 10 micrograms, paediatric dose (5-11 years)",True,
VAC1473,"Vaccin à ARNm contre la covid 19, codant un fragment de la protéine Spike du SARS-CoV-2, sous-variant Omicron LP.8.1","COVID-19 mRNA vaccine, encoding a fragment of the SARS-CoV-2 spike protein, Omicron LP.8.1 subvariant",True,
VAC1474,ENFLONSIA (clesrovimab),Anticorps monoclonal humain contre le virus respiratoire syncytial (VRS),False,VAC1475
VAC1475,"Anticorps monoclonal humain VRS, clesrovimab, sans précision","Human monoclonal antibody against respiratory syncytial virus (RSV), clesrovimab, unspecified",True,
VAC1476,"Vaccin méningococcique contre les A, C, W, Y (polyosidique conjugué) et B","Meningococcal vaccine against A, C, W, Y (conjugated polysaccharide) and B",True,
VAC1477,ENCEPUR N CHILDREN,"Tick-borne encephalitis vaccine, whole-virus inactivated, K23 strain, 0,25 mL",False,VAC1550
VAC1478,SYNAGIS 50 mg (PALIZIVUMAB),Anticorps monoclonal contre le virus respiratoire syncytial (VRS),False,VAC1222
VAC1479,VACPERTAGEN,"Vaccin contre la coqueluche (recombinant, acellulaire, dose réduite, 2 composants, adsorbé).",False,VAC1232
VAC1480,PNEUMOVAX 23,"Vaccin pneumococcique polyosidique non conjugué, 23-valent, sérotypes 1, 2, 3, 4, 5, 6B, 7F, 8, 9N, 9V, 10A, 11A, 12F, 14, 15B, 17F, 18C, 19A, 19F, 20, 22F, 23F et 33F",False,VAC0339
VAC1481,FLUVACCINOL,"Vaccin contre la grippe saisonnière inactivé trivalent, à antigène de surface",False,VAC0925
VAC1482,IMMUNOGLOBULINE HUMAINE DE L'HÉPATITE B LFB,Immunoglobuline humaine contre l'hépatite B,False,VAC0863
VAC1483,ENCEPUR N,"Tick-borne encephalitis vaccine, whole-virus inactivated, K23 strain",False,VAC1533
VAC1484,HEPRECOMB CHILDREN,"Vaccin recombinant contre l'hépatite B, dose pédiatrique",False,VAC1227
VAC1485,GEN H-B-Vax 5,"Vaccin recombinant contre l'hépatite B, dose pédiatrique",False,VAC1227
VAC1486,GEN H-B-Vax 10,"Vaccin recombinant contre l'hépatite B, dosé à 10 microgrammes d'antigène HBs, utilisable dès l'âge de 11 ans",False,VAC0914
VAC1487,PREVENAR-7,"Vaccin pneumococcique polyosidique conjugué, 7-valent, adsorbé, sérotypes 4, 6B, 9V, 14, 18C, 19F et 23F",False,VAC0324
VAC1488,POLIORIX,"Vaccin poliomyélitique (entier inactivé, trivalent)",False,VAC0270
VAC1489,CELTURA,Vaccin contre la grippe pandémique à virus influenza A(H1N1)pdm09 inactivé,False,VAC0147
VAC1490,ALMEVAX,Vaccin vivant atténué contre la rubéole,False,VAC0113
VAC1491,RUBEVAC,Vaccin vivant atténué contre la rubéole,False,VAC0113
VAC1492,POLYOMYELITIS IMPFSTOFF BERNA,"Vaccin poliomyélitique (entier inactivé, trivalent)",False,VAC0270
VAC1493,ACEL P,"Vaccin coquelucheux acellulaire, dose standard",False,VAC1167
VAC1494,DITEBOOSTER,"Vaccin diphtérique (anatoxine, dose réduite) et tétanique (anatoxine)",False,VAC0920
VAC1495,POLIO KOPROWSKI K1-K2-K3,"Vaccin poliomyélitique (vivant atténué, trivalent) contre les poliovirus 1, 2 et 3, par voie orale",False,VAC0320
VAC1496,POLIO LILLY,"Vaccin poliomyélitique (entier inactivé, trivalent)",False,VAC0270
VAC1497,TD-VIRELON,"Vaccin diphtérique (anatoxine, dose réduite), tétanique (anatoxine) et poliomyélitique (entier inactivé, trivalent)",False,VAC0549
VAC1498,EPIVACCORONA-N,"Vaccin anti-covid 19 à sous-unité protéique, protéine recombinante",False,VAC1113
VAC1499,SPUTNIK-M,"Vaccin anti-covid 19 à vecteur viral non réplicatif, adénovirus 6 codant la protéine de pointe du SARS-CoV-2, destiné aux adolescents",False,VAC1143
VAC1500,COMIRNATY LP.8.1 50 µg,"Vaccin à ARNm contre la covid 19, subvariant Omicron LP.8.1, 50 microgrammes",False,VAC1546
VAC1501,SPIKEVAX LP.8.1 25 µg,"Vaccin à ARNm contre la covid 19, subvariant Omicron LP.8.1, 25 microgrammes",False,VAC1545
VAC1502,BIMERVAX LP.8.1,"COVID-19 vaccine, protein subunit, recombinant spike protein (RBD), Omicron LP.8.1 subvariant",False,VAC1503
VAC1503,"Vaccin anti-covid 19, sous-variant Omicron LP.8.1, sous-unité protéique, protéine de pointe recombinante (domaine RBD)","COVID-19 vaccine, protein subunit, recombinant spike protein (RBD), Omicron LP.8.1 subvariant",True,
VAC1504,TD-PUR,"Vaccin diphtérique (anatoxine, dose réduite) et tétanique (anatoxine)",False,VAC0920
VAC1505,SCTV01C,"Vaccin anti-covid 19 à sous-unité protéique, protéine recombinante",False,VAC1113
VAC1506,STROVAC,"Vaccin infections urinaires, sans précision",False,VAC1553
VAC1507,BUTANTAN-DV,"Vaccin vivant atténué, chimérique recombinant, quadrivalent contre les quatre sérotypes (DEN-1, DEN-2, DEN-3 et DEN-4) du virus de la dengue",False,VAC1544
VAC1508,BUTANTAN HEP A,Vaccin entier inactivé contre l'hépatite A,False,VAC0102
VAC1509,BUTANTAN HEP B,"Vaccin hépatite B, antigène de surface recombinante du virus de l'hépatite B (Ag HBs), sans précision",False,VAC0101
VAC1510,BUTANTAN HPV,"Vaccin contre les papillomavirus humains à base de VLP (Virus Like Particles ou pseudo particules virales), quadrivalent (types 6, 11, 16 et 18), recombinant, adsorbé",False,VAC0859
VAC1511,BUTANTAN DT,"Vaccin pédiatrique diphtérique (anatoxine, dose standard) et tétanique (anatoxine)",False,VAC0137
VAC1512,BUTANTAN DT ADULT,"Vaccin diphtérique (anatoxine, dose réduite) et tétanique (anatoxine)",False,VAC0920
VAC1513,BUTANTAN DTP,"Vaccin pédiatrique diphtérique (anatoxine, dose standard), tétanique (anatoxine) et coquelucheux (entier inactivé)",False,VAC0136
VAC1514,BUTANTAN DTAP,"Vaccin diphtérique (anatoxine, dose réduite), tétanique (anatoxine) et coquelucheux (acellulaire, toxine pertussique, dose réduite)",False,VAC0610
VAC1515,BUTANTAN RABIES,"Vaccin rabique entier inactivé, préparé sur culture de cellules Vero, inactivé par la bêta-propiolactone",False,VAC1116
VAC1516,BUTANTAN INFLUENZA,"Vaccin contre la grippe saisonnière inactivé trivalent, à virion fragmenté",False,VAC0925
VAC1517,AUJEMFLU,"Influenza vaccine, trivalent, inactivated, fractionated or subunit, adjuvanted",False,VAC1438
VAC1518,MFLUSIVA,"Vaccin grippe, trivalent, ARN",False,VAC1548
VAC1519,COMIRNATY XFG 10 µg,"COVID-19 mRNA vaccine, subvariant Omicron XFG, 10 micrograms, paediatric dose (5-11 years)",False,VAC1521
VAC1520,COMIRNATY XFG 30 µg,"Vaccin à ARNm contre la covid 19, subvariant Omicron XFG, 30 microgrammes, adulte (+ 12 ans)",False,VAC1522
VAC1521,"Vaccin à ARNm contre la covid 19, subvariant Omicron XFG, 10 microgrammes, dose pédiatrique (5-11 ans)","COVID-19 mRNA vaccine, subvariant Omicron XFG, 10 micrograms, paediatric dose (5-11 years)",True,
VAC1522,"Vaccin à ARNm contre la covid 19, subvariant Omicron XFG, 30 microgrammes,  adulte (+ 12 ans)","Vaccin à ARNm contre la covid 19, subvariant Omicron XFG, 30 microgrammes,  adulte (+ 12 ans)",True,
VAC1523,KEYTRUDA,"Melanoma vaccine, messenger RNA, individualized neoantigens",False,VAC1524
VAC1524,"Vaccin mélanome, ARN messager, néoantigène individualisés","Melanoma vaccine, messenger RNA, individualized neoantigens",True,
VAC1525,NUVAXOVID XFG,"COVID-19 vaccine, protein subunit, recombinant spike protein nanoparticles, with adjuvant (Matrix M), Omicron XFG subvariant",False,VAC1528
VAC1526,BIMERVAX XFG.1.1,"COVID-19 protein subunit vaccine, recombinant spike protein (RBD domain), with adjuvant (SQBA), Omicron XFG.1.1 subvariant.",False,VAC1527
VAC1527,"Vaccin anti-covid 19 à sous-unité protéique, protéine de pointe recombinante (domaine RBD), avec adjuvant (SQBA), sous-variant Omicron XFG.1.1.","COVID-19 protein subunit vaccine, recombinant spike protein (RBD domain), with adjuvant (SQBA), Omicron XFG.1.1 subvariant.",True,
VAC1528,"Vaccin anti-covid 19 à sous-unité protéique, protéine de pointe recombinante dans des nanoparticules, avec adjuvant (Matrix M), sous-variant Omicron XFG","COVID-19 vaccine, protein subunit, recombinant spike protein nanoparticles, with adjuvant (Matrix M), Omicron XFG subvariant",True,
VAC1529,SPIKEVAX XFG 25 µg,"COVID-19 mRNA vaccine, subvariant Omicron XFG, 25 micrograms",False,VAC1532
VAC1530,SPIKEVAX XFG 50 µg,"COVID-19 mRNA vaccine, subvariant Omicron XFG, 50 micrograms",False,VAC1531
VAC1531,"Vaccin à ARNm contre la covid 19, subvariant Omicron XFG, 50 microgrammes","COVID-19 mRNA vaccine, subvariant Omicron XFG, 50 micrograms",True,
VAC1532,"Vaccin à ARNm contre la covid 19, subvariant Omicron XFG, 25 microgrammes","COVID-19 mRNA vaccine, subvariant Omicron XFG, 25 micrograms",True,
VAC1533,"Vaccin entier inactivé contre l'encéphalite à tiques, souche K23","Tick-borne encephalitis vaccine, whole-virus inactivated, K23 strain",True,
VAC1534,"Vaccin contre la grippe saisonnière inactivé trivalent, à virion fragmenté, dose pédiatrique","Trivalent inactivated seasonal influenza vaccine, split virion, pediatric form",True,
VAC1535,"Vaccin anti-covid 19 à sous-unité protéique, protéine de pointe recombinante, avec adjuvant sans précision","COVID-19 vaccine, protein subunit, recombinant spike protein, with adjuvant unspecified",True,
VAC1536,"Vaccin à ARNm bivalent contre la covid 19, virus originel + variant Omicron BA.1, 50 microgrammes chacun","COVID-19 mRNA vaccine, bivalent, original virus + Omicron variant, 50 micrograms each",True,
VAC1537,"Vaccin cholérique, oral, contenant des bactéries V. cholerae O1 entières inactivées par formaline","Cholera vaccine, oral, containing formalin-inactivated whole V. cholerae O1 bacteria",True,
VAC1538,"Vaccin à ARNm bivalent contre la covid 19, virus originel + variant Omicron BA.1, 25 microgrammes chacun","COVID-19 bivalent mRNA vaccine, original virus + Omicron BA.1 variant, 25 micrograms each",True,
VAC1539,"Vaccin méningococcique à large spectre contre les sérogroupes A, B, C, W et Y","Meningococcal broad-spectrum vaccine against serogroups A, B, C, W and Y",True,
VAC1540,"Vaccin contre la typhoïde et le tétanos, suspension injectable","Typhoid and tetanus vaccine, injectable suspension",True,
VAC1541,"Vaccin contre la grippe saisonnière inactivé quadrivalent de la grippe, fractionnée ou sous-unité, sans précision","Influenza quadrivalent inactivated vaccine, split or subunit, unspecified",True,
VAC1542,Vaccin conjugué contre la typhoïde et l'anatoxine diphtérique,"Typhoid conjugate to diphtheria toxoid vaccine, unspecified",True,
VAC1543,Vaccin contre le paludisme,Malaria vaccine,True,
VAC1544,"Dengue vaccine, live-attenuated, recombinant chimeric, quadrivalent against the four serotypes (DEN-1, DEN-2, DEN-3 and DEN-4)","Dengue vaccine, live-attenuated, recombinant chimeric, quadrivalent against the four serotypes (DEN-1, DEN-2, DEN-3 and DEN-4)",True,
VAC1545,"COVID-19 vaccine, Omicron variant LP.8.1, mRNA encoding the SARS-CoV-2 spike protein, 25 micrograms","COVID-19 vaccine, Omicron variant LP.8.1, mRNA encoding the SARS-CoV-2 spike protein, 25 micrograms",True,
VAC1546,"COVID-19 vaccine, Omicron variant LP.8.1, mRNA encoding the SARS-CoV-2 spike protein, 50 micrograms.","COVID-19 vaccine, Omicron variant LP.8.1, mRNA encoding the SARS-CoV-2 spike protein, 50 micrograms.",True,
VAC1547,"Diphtheria toxoid (standard dose), tetanus toxoid, pertussis (whole cell), Haemophilus influenzae type b (conjugated to tetanus toxoid), inactivated polio (trivalent) and hepatitis B (recombinant) pediatric vaccine, adsorbed","Diphtheria toxoid (standard dose), tetanus toxoid, pertussis (whole cell), Haemophilus influenzae type b (conjugated to tetanus toxoid), inactivated polio (trivalent) and hepatitis B (recombinant) pediatric vaccine, adsorbed",True,
VAC1548,"Influenza vaccine, RNA-based, trivalent, unspecified","Influenza vaccine, RNA-based, trivalent, unspecified",True,
VAC1549,"Diphtheria vaccine (toxoid, standard dose) and pertussis (whole-cell inactivated), paediatric","Diphtheria vaccine (toxoid, standard dose) and pertussis (whole-cell inactivated), paediatric",True,
VAC1550,"Tick-borne encephalitis vaccine, whole-virus inactivated, K23 strain, 0,25 mL","Tick-borne encephalitis vaccine, whole-virus inactivated, K23 strain, 0,25 mL",True,
VAC1551,"Pneumococcal unconjugated polysaccharide vaccine, 23-valent, serotypes 1, 2, 3, 4, 5, 6B, 7F, 8, 9N, 9V, 10A, 11A, 12F, 14, 15B, 17F, 18C, 19A, 19F, 20, 22F, 23F and 33F","Pneumococcal unconjugated polysaccharide vaccine, 23-valent, serotypes 1, 2, 3, 4, 5, 6B, 7F, 8, 9N, 9V, 10A, 11A, 12F, 14, 15B, 17F, 18C, 19A, 19F, 20, 22F, 23F and 33F",True,
VAC1552,"Diphtheria vaccine (anatoxin, standard dose), tetanus vaccine (anatoxin) and hepatitis B vaccine","Diphtheria vaccine (anatoxin, standard dose), tetanus vaccine (anatoxin) and hepatitis B vaccine",True,
VAC1553,"Urinary tract infections vaccine, Escherichia coli, Klebsiella pneumoniæ, Enterococcus fæcalis, Morganella morganii, Proteus mirabilis","Urinary tract infections vaccine, Escherichia coli, Klebsiella pneumoniæ, Enterococcus fæcalis, Morganella morganii, Proteus mirabilis",True,
VAC1554,VAXRABEO,"Whole inactivated rabies vaccine, prepared in Vero cell culture (PVRV), Wistar strain, inactivation by ß-propiolactone",False,VAC1116
VAC1555,"Non-HPV-related squamous cell carcinomas of the head and neck vaccine, unspecified","Non-HPV-related squamous cell carcinomas of the head and neck vaccine, unspecified",True,
VAC1556,TG4050,"Non-HPV-related squamous cell carcinomas of the head and neck vaccine, unspecified",False,VAC1555
