NUVA,label,comment,abstract,instanceOf
VAC0000,#Orphans,Abstract for orphan vaccines,True,
VAC0001,ACT-HIB,Haemophilus influenzae type b conjugate vaccine (tetanus protein conjugate),False,VAC0345
VAC0002,AGRIPPAL,"Trivalent inactivated seasonal influenza vaccine, egg-based, surface antigen",False,VAC0925
VAC0003,AVAXIM 160 U,"Inactivated hepatitis A vaccine, adult dose",False,VAC0910
VAC0004,D.T. POLIO MERIEUX,"Diphtheria toxoid (standard dose), tetanus toxoid and inactivated polio (trivalent) pediatric vaccine",False,VAC0088
VAC0005,DUKORAL,Oral cholera vaccine containing recombinant cholera toxin subunit B (rTCB) and inactivated bacteria with an adjuvant role,False,VAC1213
VAC0006,FLUVIRINE,"Trivalent inactivated seasonal influenza vaccine, egg-based, surface antigen",False,VAC0925
VAC0007,GARDASIL,"Human papillomavirus vaccine based on VLP (Virus Like Particles), quadrivalent (types 6, 11, 16 and 18), recombinant, adsorbed",False,VAC0859
VAC0008,GRIPGUARD,"Trivalent inactivated seasonal influenza vaccine, egg-based, surface antigen, adjuvanted",False,VAC0925
VAC0009,HBVAXPRO 10 µg,"Recombinant hepatitis B vaccine, adult dose",False,VAC0914
VAC0010,HBVAXPRO 40 µg,"Recombinant hepatitis B vaccine, dialysis patient dosage",False,VAC0916
VAC0011,HBVAXPRO 5 µg,"Recombinant hepatitis B vaccine, pediatric dose",False,VAC1227
VAC0012,IMMUGRIP,"Trivalent inactivated seasonal influenza vaccine, split virion",False,VAC0925
VAC0013,IMOVAX POLIO,Inactivated polio (trivalent) vaccine,False,VAC0270
VAC0014,INFANRIX HEXA,"Diphtheria toxoid (standard dose), tetanus toxoid, pertussis (multicomponent acellular, 3 components, standard dose), Haemophilus influenzae type b (conjugated to tetanus toxoid), inactivated polio (trivalent) and hepatitis B (recombinant) pediatric vaccine, adsorbed",False,VAC1121
VAC0015,INFANRIXQUINTA,"Diphtheria toxoid (standard dose), tetanus toxoid, pertussis (multicomponent acellular, 3 components, standard dose), Haemophilus influenzae type b (conjugated to tetanus toxoid) and inactivated polio (trivalent) pediatric vaccine, adsorbed",False,VAC1115
VAC0016,"INFLUVAC 0,5 mL","Trivalent inactivated seasonal influenza vaccine, surface antigen, adult dose",False,VAC0925
VAC0017,M-M-RVAXPRO,"Live attenuated measles, mumps and rubella vaccine",False,VAC0130
VAC0018,MENCEVAX,"Unconjugated meningococcal polysaccharide vaccine, serogroups A, C, W and Y",False,VAC0152
VAC0019,MENINGITEC,"Meningococcal conjugate vaccine, serogroup C (conjugated to CRM197 Protein)",False,VAC1211
VAC0020,MENJUGATEKIT 10 µg,"Meningococcal conjugate vaccine, serogroup C (conjugated to CRM197 Protein)",False,VAC1211
VAC0021,MUTAGRIP,"Trivalent inactivated seasonal influenza vaccine, split virion",False,VAC0925
VAC0022,NEISVAC,"Meningococcal conjugate vaccine, serogroup C (conjugated to tetanus toxoid)",False,VAC1184
VAC0023,PENTAVAC,"Diphtheria toxoid (standard dose), tetanus toxoid, pertussis (multicomponent acellular, 5 components, standard dose), Haemophilus influenzae type b (conjugated to tetanus toxoid) and inactivated polio (trivalent) pediatric vaccine, adsorbed",False,VAC1115
VAC0024,PNEUMO 23,"Unconjgated pneumococcal polysaccharide vaccine, 23-valent, serotypes 1, 2, 3, 4, 5, 6B, 7F, 8, 9N, 9V, 10A, 11A, 12F, 14, 15B, 17F, 18C, 19A, 19F, 20, 22F, 23F and 33F",False,VAC0339
VAC0025,PREVENAR,"Pneumococcal conjugate vaccine, 7-valent, adsorbed, serotypes 4, 6B, 9V, 14, 18C, 19F and 23F",False,VAC0324
VAC0026,PREVIGRIP,"Trivalent inactivated seasonal influenza vaccine, surface antigen",False,VAC0925
VAC0027,R.O.R. VAX,"Live attenuated measles, mumps and rubella vaccine",False,VAC0130
VAC0028,RABIPUR,"Whole virion inactivated rabies vaccine, Flury LEP strain, purified chick embryo cell vaccine (PCECV), inactivated with ß-propiolactone",False,VAC0942
VAC0029,REPEVAX,"Diphtheria toxoid (low dose), tetanus toxoid, pertussis (multicomponent acellular, 5 components, low dose) and inactivated polio (trivalent) vaccine, adsorbed",False,VAC0585
VAC0030,REVAXIS,"Diphtheria toxoid (low dose), tetanus toxoid and inactivated polio (trivalent) vaccine, adsorbed",False,VAC0549
VAC0031,ROTATEQ,"Live attenuated pentavalent rotavirus vaccine, oral",False,VAC0828
VAC0032,ROUVAX,Live attenuated measles vaccine,False,VAC0114
VAC0033,RUDIVAX,Live attenuated rubella vaccine,False,VAC0113
VAC0034,SPIROLEPT,Inactivated whole-cell leptospirosis vaccine,False,VAC0148
VAC0035,STAMARIL,Live attenuated yellow fever vaccine,False,VAC0111
VAC0036,TETAGRIP,"Trivalent inactivated seasonal influenza, split virion and tetanus toxoid vaccine",False,VAC1130
VAC0037,TETRAVAC-ACELLULAIRE,"Diphtheria toxoid (standard dose), tetanus toxoid, pertussis (multicomponent acellular, standard dose) and inactivated polio (trivalent) pediatric vaccine",False,VAC0551
VAC0038,"TICOVAC 0,5 mL","Tick-borne encephalitis vaccine, whole-virus inactivated, Neudörfl strain, adult dose",False,VAC1038
VAC0039,"TICOVAC 0,25 mL","Tick-borne encephalitis vaccine, whole-virus inactivated, pediatric dose",False,VAC1037
VAC0040,TYAVAX,"Hepatitis A (inactivated, adsorbed) and typhoid vaccine (polysaccharide)",False,VAC1114
VAC0041,TYPHIM VI,Polysaccharide typhoid vaccine (Vi capsular antigen),False,VAC0713
VAC0042,VACCIN BCG SSI,Tuberculosis vaccine,False,VAC0134
VAC0043,BOOSTRIXTETRA,"Diphtheria toxoid (low dose), tetanus toxoid, pertussis (multicomponent acellular, 5 components, low dose) and inactivated polio (trivalent) vaccine, adsorbed",False,VAC0585
VAC0044,CERVARIX,"Human Papillomavirus vaccine, based on VLP (Virus Like Particles), bivalent (types 16 and 18), recombinant, adsorbed",False,VAC0858
VAC0045,ENGERIX B 10 µg,"Hepatitis B recombinant vaccine, pediatric dose",False,VAC0914
VAC0046,ENGERIX B 20 µg,"Recombinant hepatitis B vaccine, adult dose",False,VAC0915
VAC0047,FLUARIX,"Trivalent inactivated seasonal influenza vaccine, split virion",False,VAC0925
VAC0048,GENHEVAC B PASTEUR,"Recombinant hepatitis B vaccine, HBsAg 20 µg, children and adult dose",False,VAC0915
VAC0049,HAVRIX 1440 U/1mL,"Inactivated hepatitis A vaccine, adult dose",False,VAC0910
VAC0050,"HAVRIX 720 U/0,5 mL","Inactivated hepatitis A vaccine, pediatric dose",False,VAC0911
VAC0051,INFANRIXTETRA,"Diphtheria toxoid (standard dose), tetanus toxoid, pertussis (multicomponent acellular, standard dose) and inactivated polio (trivalent) pediatric vaccine",False,VAC0551
VAC0052,VACCIN MENINGOCOCCIQUE A+C,"Unconjugated meningococcal polysaccharide vaccine, serogroups A and C",False,VAC0151
VAC0053,PRIORIX,"Live attenuated measles, mumps and rubella vaccine",False,VAC0130
VAC0054,VACCIN RABIQUE PASTEUR,"Whole virion inactivated rabies vaccine, Wistar virus strain PM1503-3M, cultured on Vero cells",False,VAC1116
VAC0056,VACCIN TETANIQUE PASTEUR,Tetanus toxoid vaccine,False,VAC0132
VAC0057,TWINRIX 20 µg,"Combined hepatitis A and B vaccine, adult dose",False,VAC0654
VAC0058,TWINRIX 10 µg,"Combined hepatitis A and B vaccine, pediatric dose",False,VAC0653
VAC0059,TYPHERIX,Polysaccharide typhoid vaccine (Vi capsular antigen),False,VAC0713
VAC0060,VARILRIX,Live attenuated chickenpox vaccine,False,VAC0159
VAC0061,VARIVAX,Live attenuated chickenpox vaccine,False,VAC0159
VAC0062,VAXIGRIP,"Trivalent inactivated seasonal influenza vaccine, split virion",False,VAC0925
VAC0063,TETRACOQ,"Diphtheria toxoid (standard dose), tetanus toxoid, pertussis (whole-cell inactivated) and inactivated polio (trivalent) pediatric vaccine",False,VAC1151
VAC0064,PENTACOQ,"Diphtheria toxoid (standard dose), tetanus toxoid, pertussis (whole-cell inactivated), Haemophilus influenzae type b (conjugated to tetanus toxoid) and inactivated polio (trivalent) pediatric vaccine, adsorbed",False,VAC1126
VAC0066,DTCP PASTEUR,"Diphtheria toxoid (standard dose), tetanus toxoid, pertussis (multicomponent acellular, standard dose) and inactivated polio (trivalent) pediatric vaccine",False,VAC0551
VAC0067,HAVRIX 360 U,"Inactivated hepatitis A vaccine, pediatric dose",False,VAC0911
VAC0068,MONOVAX,Tuberculosis vaccine,False,VAC0134
VAC0069,MENOMUNE,"Unconjugated meningococcal polysaccharide vaccine, serogroups A, C, W and Y",False,VAC0152
VAC0070,DT BIS,Diphtheria toxoid (standard dose) and tetanus toxoid pediatric vaccine,False,VAC0137
VAC0071,D.T. BIS - RUDIVAX,"Diphtheria toxoid (standard dose), tetanus toxoid and Rubella (live attenuated) pediatric vaccine",False,VAC1221
VAC0072,JE-VAX,"Whole virion inactivated Japanese encephalitis vaccine, mouse brain-derived, Nakayama strain - Other names: JEVAX, BIKEN",False,VAC1196
VAC0073,IXIARO,"Whole virion inactivated Japanese encephalitis vaccine, Vero cell-derived, adsorbed",False,VAC1111
VAC0074,D.T. COQ MERIEUX,"Diphtheria toxoid (standard dose), tetanus toxoid and pertussis (whole-cell inactivated) pediatric vaccine",False,VAC0136
VAC0076,DTVax,Diphtheria toxoid (standard dose) and tetanus toxoid pediatric vaccine,False,VAC0137
VAC0077,IMOVAX Mumps,Live attenuated mumps vaccine,False,VAC0153
VAC0078,RUDI-ROUVAX,Live attenuated measles and rubella vaccine,False,VAC0550
VAC0079,ENCEPUR,"Tick-borne encephalitis vaccine, whole-virus inactivated, K23 strain",False,VAC1533
VAC0080,BCG PASTEUR,Tuberculosis vaccine,False,VAC0134
VAC0082,MenBvac,"Meningococcal vaccine, serogroup B (outer membrane vesicle protein B:14:P1.7,16)",False,VAC0149
VAC0083,SYNFLORIX,"Pneumococcal polysaccharide conjugate vaccine, 10-valent, seroptypes 1, 4, 5, 6B, 7F, 9V, 14, 18C, 19F and 23F",False,VAC1233
VAC0084,"H5N1 pre-pandemic influenza vaccine, unspecified",Szczepionka przeciwko grypie A(H5N1),True,
VAC0085,T POLIO MERIEUX,Tetanus toxoid and inactivated polio (trivalent) vaccine,False,VAC0380
VAC0086,TETAVAX,Tetanus toxoid vaccine,False,VAC0132
VAC0087,VAXICOQ,Pertussis (whole-cell inactivated) vaccine,False,VAC0163
VAC0088,"DTIPV vaccine, unspecified","Toksoid błoniczy (dawka standardowa), toksoid tężcowy i inaktywowana szczepionka pediatryczna przeciwko polio (trójwalentna)",True,
VAC0090,VACCIN BRUCELLIQUE P.I. à usage humain,Protein (P.I. antigen) brucellosis vaccine,False,VAC1203
VAC0091,VACCIN CCB PASTEUR,A combination of inactivated bacteria to stimulate the immune system. CCB = against bronchial complications. Not really a vaccine...,False,VAC0157
VAC0092,VACCIN CHOLERIQUE PASTEUR,Inactivated whole-cell cholera vaccine for injection,False,VAC0805
VAC0093,VACCIN DT TAB PASTEUR,"Diphtheria toxoid (standard dose), tetanus toxoid, typhoid (whole-cell inactivated) and paratyphoid A and B (whole-cell inactivated) pediatric vaccine",False,VAC1225
VAC0094,VACCIN SABIN POLIO ORAL,"Polio vaccine (live attenuated, trivalent) against polioviruses 1, 2 and 3, oral",False,VAC0320
VAC0095,VACCIN TAB PASTEUR,"Typhoid and paratyphoid A and B vaccine, whole-cell inactivated",False,VAC0818
VAC0096,VACCIN GRIPPAL RONCHESE (VGR),"Trivalent inactivated seasonal influenza vaccine, split virion",False,VAC0925
VAC0097,VACCIN LEPTOSPIRES ICTEROHEMORRAGIAE PASTEUR,Inactivated whole-cell leptospirosis vaccine,False,VAC0148
VAC0098,HEXAVAC,"Diphtheria toxoid (standard dose), tetanus toxoid, pertussis (multicomponent acellular, standard dose), Haemophilus influenzae type b (conjugated to tetanus toxoid), inactivated polio (trivalent) and hepatitis B (recombinant) pediatric vaccine, adsorbed",False,VAC1121
VAC0099,MENINVACT,"Meningococcal conjugate vaccine, serogroup C (conjugated to CRM197 Protein)",False,VAC1211
VAC0101,"Rekombinowana szczepionka przeciw wirusowemu zapaleniu wątroby typu B, nieokreślona","Rekombinowana szczepionka przeciwko wirusowemu zapaleniu wątroby typu B, dawka nieokreślona",True,
VAC0102,"Inaktywowana szczepionka przeciw wirusowemu zapaleniu wątroby typu A, nieokreślona","Inaktywowana szczepionka przeciwko wirusowemu zapaleniu wątroby typu A, dawka pediatryczna lub dla dorosłych",True,
VAC0103,MENACTRA,"Quadrivalent meningococcal polysaccharide conjugate vaccine, serogroups A, C, W and Y (conjugated to diphteria toxoid)",False,VAC1153
VAC0104,HUMENZA,"Pandemic influenza A(H1N1)pdm09 vaccine, inactivated",False,VAC0147
VAC0105,PANENZA,"Pandemic influenza A(H1N1)pdm09 vaccine, inactivated",False,VAC0147
VAC0106,Q-Pan H1N1,"Pandemic influenza A(H1N1)pdm09 vaccine, inactivated",False,VAC0147
VAC0107,CELVAPAN,Whole-virion inactivated influenza A(H1N1)pdm09 pandemic vaccine,False,VAC0147
VAC0108,PANDEMRIX,"Pandemic influenza A(H1N1)pdm09 vaccine, inactivated",False,VAC0147
VAC0109,FOCETRIA (unidose),"Pandemic influenza A(H1N1)pdm09 vaccine, inactivated, egg-based, surface antigen, with adjuvant",False,VAC0147
VAC0110,"Influenza vaccine, unspecified",Szczepionka przeciwko grypie sezonowej,True,
VAC0111,"Yellow fever vaccine, unspecified",Żywa atenuowana szczepionka przeciwko żółtej gorączce,True,
VAC0112,"Typhoid vaccine, unspecified","Typhoid vaccine, unspecified",True,
VAC0113,"Rubella vaccine, unspecified",Żywa atenuowana szczepionka przeciwko różyczce,True,
VAC0114,"Measles live attenuated vaccine, unspecified",Żywa atenuowana szczepionka przeciwko odrze,True,
VAC0115,AVAXIM 80 U,"Inactivated hepatitis A vaccine, pediatric dose",False,VAC0911
VAC0116,R.O.R SANOFI PASTEUR,"Live attenuated measles, mumps and rubella vaccine",False,VAC0130
VAC0120,VACCIN VARICELLE MERIEUX,Live attenuated chickenpox vaccine,False,VAC0159
VAC0121,PRIORIX-TETRA,"Live attenuated measles, mumps, rubella and chickenpox vaccine",False,VAC0827
VAC0123,PREVENAR 13,"Pneumococcal polysaccharide conjugate vaccine, 13-valent, adsorbed, serotypes 1, 3, 4 , 5, 6A, 6B, 7F, 9V, 14, 18C, 19A, 19F and 23F",False,VAC0997
VAC0124,FOCETRIA (multidose),"Pandemic influenza A(H1N1)pdm09 vaccine, inactivated, egg-based, surface antigen, with adjuvant",False,VAC0147
VAC0125,AREPANRIX,"Pandemic influenza A(H1N1)pdm09 vaccine, inactivated",False,VAC0147
VAC0126,HEVAC B,Plasma vaccine against hepatitis B (first French vaccine),False,VAC1125
VAC0127,HB VAX DNA 5 µg,"Recombinant hepatitis B vaccine, pediatric dose",False,VAC1227
VAC0128,HB VAX DNA 10 µg,"Recombinant hepatitis B vaccine with 10 micrograms of HBs antigen (although 10 µg, this vaccine is indicated from the age of 16)",False,VAC0914
VAC0129,HB VAX DNA 40 µg,"Recombinant hepatitis B vaccine, dialysis patient dosage",False,VAC0916
VAC0130,"MMR vaccine, unspecified","Żywa atenuowana szczepionka przeciwko odrze, śwince i różyczce",True,
VAC0131,"Rabies vaccine, unspecified",Inaktywowana w całości szczepionka przeciwko wściekliźnie,True,
VAC0132,"Tetanus vaccine, unspecified",Szczepionka zawierająca toksoid tężcowy,True,
VAC0133,"Smallpox vaccine, unspecified",Żywa atenuowana szczepionka przeciwko ospie wietrznej,True,
VAC0134,"BCG vaccine, unspecified",Szczepionka przeciw gruźlicy,True,
VAC0135,"Polio vaccine, unspecified","Szczepionka przeciwko polio (żywa, atenuowana, trójwartościowa)",True,
VAC0136,"DTwP - Diphtheria-Tetanus-Pertussis, unspecified","Toksoid błoniczy (dawka standardowa), toksoid tężcowy i inaktywowana całokomórkowa szczepionka pediatryczna przeciwko krztuścowi",True,
VAC0137,"DT vaccine, unspecified",Szczepionka pediatryczna zawierająca toksoid błoniczy (dawka standardowa) i toksoid tężcowy,True,
VAC0138,"Diphtheria-Tetanus-Pertussis-Polio vaccine, unspecified","Toksoid błoniczy (dawka nieokreślona), toksoid tężcowy, acelularna lub całokomórkowa inaktywowana szczepionka przeciw krztuścowi (dawka nieokreślona) oraz inaktywowana szczepionka przeciw polio (trójwalentna)",True,
VAC0139,PENT-HIBEST,"Diphtheria toxoid (standard dose), tetanus toxoid, pertussis (whole-cell inactivated), Haemophilus influenzae type b (conjugated to tetanus toxoid) and inactivated polio (trivalent) pediatric vaccine, adsorbed",False,VAC1126
VAC0140,INTANZA,"Trivalent inactivated seasonal influenza vaccine, split virion, intradermal",False,VAC0925
VAC0141,MENVEO,"Quadrivalent meningococcal polysaccharide conjugate vaccine, serogroups A, C, W and Y (conjugated to CRM197 Protein)",False,VAC1133
VAC0143,"Haemophilus influenzae B (or Hib) vaccine, unspecified",Szczepionka skoniugowana przeciwko Haemophilus influenzae typu b,True,
VAC0144,"Cholera vaccine, unspecified","Cholera vaccine, unspecified",True,
VAC0145,"Tick-borne encephalitis vaccine, unspecified",Szczepionka przeciwko kleszczowemu zapaleniu mózgu,True,
VAC0146,"Live attenuated Japanese Encephalitis vaccine 14-14-2 strain, unspecified","Żywa atenuowana szczepionka przeciwko japońskiemu zapaleniu mózgu, szczep 14-14-2",True,
VAC0147,"Influenza A(H1N1)2009 vaccine, unspecified","Szczepionka przeciwko grypie pandemicznej A(H1N1)pdm09, inaktywowana",True,
VAC0148,"Leptospirosis vaccine, unspecified","Inaktywowana, całokomórkowa szczepionka przeciwko leptospirozie",True,
VAC0149,"Meningococcal B:14:P1.7,16 vaccine, unspecified","Szczepionka meningokokowa B (białko pęcherzyka błony zewnętrznej B:14:P1.7,16)",True,
VAC0150,"Meningococcal conjugate vaccine C, unspecified",Szczepionka meningokokowa C skoniugowana,True,
VAC0151,"Meningococcal A + C vaccine, unspecified","Nieskoniugowana polisacharydowa szczepionka meningokokowa, serogrupy A i C",True,
VAC0152,"Unconjugated meningococcal vaccine ACWY, unspecified","Nieskoniugowana polisacharydowa szczepionka meningokokowa, serogrupy A, C, W i Y",True,
VAC0153,"Mumps vaccine, unspecified",Żywa atenuowana szczepionka przeciwko śwince,True,
VAC0154,"Malaria vaccine, unspecified",Szczepionka przeciwko malarii (stosowana w badaniach klinicznych),True,
VAC0155,"Dengue vaccine, unspecified","Dengue vaccine, unspecified",True,
VAC0156,HPV Vaccine,"Szczepionka przeciwko wirusowi brodawczaka ludzkiego, niespecyfikowana",True,
VAC0157,"Pneumococcal vaccine, unspecified","Pneumokokowa szczepionka polisacharydowa skoniugowana lub niespokrewniona, liczba serotypów nieokreślona",True,
VAC0158,"Rotavirus vaccine, unspecified",Szczepionka przeciwko rotawirusom,True,
VAC0159,"Chickenpox vaccine, unspecified",Szczepionka przeciwko ospie wietrznej,True,
VAC0160,"Live attenuated shingles vaccine, unspecified",Żywa atenuowana szczepionka przeciw półpaścowi,True,
VAC0161,ZOSTAVAX,Live attenuated shingles vaccine,False,VAC0160
VAC0162,"Brucellosis vaccine, unspecified","Brucellosis vaccine, unspecified",True,
VAC0163,"Whole-cell inactivated pertussis vaccine, unspecified",Całokomórkowa inaktywowana szczepionka przeciwko krztuścowi,True,
VAC0164,INTANZA 9 µg,"Trivalent inactivated seasonal influenza vaccine, split virion",False,VAC0925
VAC0165,"VAQTA 25 U/0,5 mL","Inactivated hepatitis A vaccine, pediatric dose",False,VAC0911
VAC0166,VAQTA 50 U,"Inactivated hepatitis A vaccine, adult dose",False,VAC0910
VAC0168,AMBIRIX,"Combined hepatitis A and B vaccine, pediatric dose",False,VAC1226
VAC0169,OPTAFLU,"Trivalent inactivated seasonal influenza vaccine, surface antigen, cell-cultured",False,VAC0925
VAC0170,AFLUNOV,"Influenza A(H5N1) vaccine (surface antigen, inactivated, adjuvanted)",False,VAC0084
VAC0171,PREPANDEMIC INFLUENZA VACCINE (H5N1) NOVARTIS,Influenza A(H5N1) vaccine,False,VAC0084
VAC0172,DIFTAVAX,Diphtheria toxoid (standard dose) and tetanus toxoid pediatric vaccine,False,VAC0137
VAC0173,FLUENZ,"Seasonal influenza vaccine, trivalent, live attenuated, nasal",False,VAC1123
VAC0174,PROQUAD,"Live attenuated measles, mumps, rubella and chickenpox vaccine",False,VAC0827
VAC0175,A.D.T. BOOSTER,Diphtheria toxoid (low dose) and tetanus toxoid vaccine (used for booster shots),False,VAC0920
VAC0176,A.K.D.S.,"Diphtheria toxoid (standard dose), tetanus toxoid and pertussis (whole-cell inactivated) pediatric vaccine",False,VAC0136
VAC0177,AC VAX,"Unconjugated meningococcal polysaccharide vaccine, serogroups A and C",False,VAC0151
VAC0178,ACEL-IMUNE,"Diphtheria toxoid (standard dose), tetanus toxoid and pertussis (multicomponent acellular, standard dose) pediatric vaccine",False,VAC0602
VAC0179,ACELLULAR D.P.T. KOVAX,"Diphtheria toxoid (standard dose), tetanus toxoid and inactivated polio (trivalent) pediatric vaccine",False,VAC0088
VAC0180,ACTACEL,"Diphtheria toxoid (standard dose), tetanus toxoid, pertussis (multicomponent acellular, 5 components, standard dose) and Haemophilus influenzae type b (conjugated to tetanus toxoid) pediatric vaccine",False,VAC1164
VAC0182,ADACEL,"Diphtheria toxoid (low dose), tetanus toxoid and pertussis (multicomponent acellular, low dose) vaccine",False,VAC0610
VAC0183,AIMMUGEN,Inactivated hepatitis A vaccine,False,VAC0102
VAC0184,ALDIANA,Diphtheria toxoid (standard dose) pediatric vaccine,False,VAC1165
VAC0185,ALDITEANA,Diphtheria toxoid (standard dose) and tetanus toxoid pediatric vaccine,False,VAC0137
VAC0186,ALDITERPERA,"Diphtheria toxoid (standard dose), tetanus toxoid and pertussis (whole-cell inactivated) pediatric vaccine",False,VAC0136
VAC0187,AMARIL,Live attenuated yellow fever vaccine,False,VAC0111
VAC0188,QUIMI-HIB,"Haemophilus influenzae type b vaccine, capsular polysaccharide (polyribosylribitol phosphate, PRP) conjugated to tetanus toxoid",False,VAC0345
VAC0189,ANADIFTERALL,Diphtheria toxoid (standard dose) pediatric vaccine,False,VAC1165
VAC0190,ANATETALL,Tetanus toxoid vaccine,False,VAC0132
VAC0191,ARILVAX,Live attenuated yellow fever vaccine,False,VAC0111
VAC0192,ATTENUVAX,Live attenuated measles vaccine,False,VAC0114
VAC0193,"AVAC-1, AVA",Adsorbed acellular anthrax vaccine with adjuvant,False,VAC1279
VAC0194,B-CAPSA,Haemophilus influenzae type b non-conjugated polysaccharide vaccine,False,VAC1148
VAC0195,BEGRIVAC,"Trivalent inactivated seasonal influenza vaccine, split virion",False,VAC0925
VAC0196,BIAVAX,Live attenuated rubella and mumps vaccine,False,VAC0829
VAC0197,BIAVAX II,Live attenuated rubella and mumps vaccine,False,VAC0829
VAC0198,BIKEN-HB,Recombinant hepatitis B vaccine,False,VAC1125
VAC0199,BIMMUGEN,Recombinant hepatitis B vaccine with 10 micrograms of HBsAg per 0.5 mL (a 0.25 mL formulation is available),False,VAC0914
VAC0200,BIOTHRAX,Adsorbed acellular anthrax vaccine with adjuvant,False,VAC1279
VAC0201,BIVIRATEN BERNA,Live attenuated measles and mumps vaccine,False,VAC0623
VAC0202,BVAC,Antitoxin against botulism,False,VAC0909
VAC0203,C.D.T.,Diphtheria toxoid (standard dose) and tetanus toxoid pediatric vaccine,False,VAC0137
VAC0204,CAM-KOVAX,Live attenuated measles vaccine,False,VAC0114
VAC0205,CD.JEVAX,"Live attenuated Japanese encephalitis vaccine, prepared in primary hamster kidney cell (PHK) culture from the SA 14-14-2 strain",False,VAC0146
VAC0206,CELLUVAX,"Pertussis (multicomponent acellular, standard dose) vaccine",False,VAC1167
VAC0207,CENDEVAX,Live attenuated rubella vaccine,False,VAC0113
VAC0208,CERTIVA,"Diphtheria toxoid (standard dose), tetanus toxoid and pertussis (multicomponent acellular, standard dose) pediatric vaccine",False,VAC0602
VAC0209,COMVAX,Hepatitis B and Haemophilus influenzae type b vaccine (OMP conjugate),False,VAC1217
VAC0210,D.S.D.P.T.,"Diphtheria toxoid (standard dose), tetanus toxoid and pertussis (whole-cell inactivated) pediatric vaccine",False,VAC0136
VAC0211,DAPTACEL,"Diphtheria toxoid (standard dose), tetanus toxoid and pertussis (multicomponent acellular, standard dose) pediatric vaccine",False,VAC0602
VAC0212,DI TE PER POL IMPFSTOFF,"Diphtheria toxoid (standard dose), tetanus toxoid, pertussis (whole-cell inactivated) and inactivated polio (trivalent) pediatric vaccine",False,VAC1151
VAC0213,DI-TE-POL,"Diphtheria toxoid (standard dose), tetanus toxoid and inactivated polio (trivalent) pediatric vaccine",False,VAC0088
VAC0214,DIF-TET-ALL,Diphtheria toxoid (standard dose) and tetanus toxoid pediatric vaccine,False,VAC0137
VAC0216,ANATOXAL DI TE,Diphtheria toxoid (standard dose) and tetanus toxoid pediatric vaccine,False,VAC0137
VAC0217,DITOXIM,Diphtheria toxoid (standard dose) and tetanus toxoid pediatric vaccine,False,VAC0137
VAC0218,DOUBLE ANIGEN B.,Diphtheria toxoid (standard dose) and tetanus toxoid pediatric vaccine,False,VAC0137
VAC0219,DRYVAX,"Smallpox vaccine, first-generation, live vaccinia virus",False,VAC1122
VAC0220,DT MERIEUX,Diphtheria toxoid (standard dose) and tetanus toxoid pediatric vaccine,False,VAC0137
VAC0222,"DTwP, unspecified","Diphtheria toxoid (standard dose), tetanus toxoid and pertussis (whole-cell inactivated) pediatric vaccine",False,VAC0136
VAC0223,DUAL ANTIGEN SII,Diphtheria toxoid (standard dose) and tetanus toxoid pediatric vaccine,False,VAC0137
VAC0224,ECOLARIX,Live attenuated measles and rubella vaccine,False,VAC0550
VAC0225,EIPV,Inactivated polio (trivalent) vaccine,False,VAC0270
VAC0226,"Diptheria, Tetanus and Acellular Pertussis Combined Walvax vaccine","Diphtheria toxoid (standard dose), tetanus toxoid and pertussis (multicomponent acellular, standard dose) pediatric vaccine",False,VAC0602
VAC0227,EPAXAL,"Inactivated hepatitis A vaccine, virosome, pediatric or adult",False,VAC0824
VAC0228,ERVEVAX RA 27/3,Live attenuated rubella vaccine,False,VAC0113
VAC0229,FLU SHIELD,Trivalent inactivated seasonal influenza vaccine,False,VAC0925
VAC0230,FLUAD,"Trivalent inactivated seasonal influenza vaccine, surface antigen, adjuvanted",False,VAC0925
VAC0231,FLUKOVAX,Trivalent inactivated seasonal influenza vaccine,False,VAC0925
VAC0232,FLULAVAL,Trivalent inactivated seasonal influenza vaccine,False,VAC0925
VAC0233,FLUMIST,"Seasonal influenza vaccine, trivalent, live attenuated, nasal",False,VAC1123
VAC0234,FLUOGEN,Trivalent whole virion inactivated seasonal influenza vaccine,False,VAC0820
VAC0235,FLUVIRIN,Trivalent inactivated seasonal influenza vaccine,False,VAC0925
VAC0236,Fluzone High-Dose,"Trivalent inactivated seasonal influenza vaccine, high dose",False,VAC1171
VAC0238,FUNED-CEME,"Diphtheria toxoid (standard dose), tetanus toxoid and pertussis (whole-cell inactivated) pediatric vaccine",False,VAC0136
VAC0240,GUNEVAX,Live attenuated rubella vaccine,False,VAC0113
VAC0241,HAEMOPHILUS INFLUENZAE B CONJUGATE VACCINE - SERUM INSTITUTE OF INDIA,"Haemophilus influenzae type b vaccine, capsular polysaccharide (polyribosylribitol phosphate, PRP) conjugated to tetanus toxoid",False,VAC0345
VAC0242,HBY,"Recombinant hepatitis B vaccine, adult dose",False,VAC0915
VAC0243,HEPA-B INJECTION,Hepatitis B vaccine (Paediatric dose 10 µg/mL and adult dose 20 µg/mL),False,VAC1125
VAC0244,HEPRECOMB,Recombinant hepatitis B vaccine with 10 micrograms of HBs antigen for use from the age of 11 years,False,VAC0914
VAC0245,HEPTAVAX B,"Plasma hepatitis B vaccine, used in the USA from 1981 to 1990",False,VAC1155
VAC0246,HIBERNA PRODUCTSIX,Tetanus toxoid and seasonal influenza (trivalent) vaccine,False,VAC1130
VAC0247,HIBTITER,"Haemophilus influenzae type b vaccine, capsular oligosaccharides (polyribosylribitol phosphate, PRP) conjugated to mutant diphtheria toxin CRM197",False,VAC0919
VAC0248,HINKUYS KAROKOE,Pertussis (whole-cell inactivated) vaccine,False,VAC0163
VAC0249,RUBELLA VACCINE HPV-77,"Live attenuated rubella vaccine, grown on duck embryonic cells (HPV-77 strain)",False,VAC0113
VAC0251,HUMOTET-ANTI TETANUS,Tetanus toxoid vaccine,False,VAC0132
VAC0252,VAXIGRIP ENFANTS,"Trivalent inactivated seasonal influenza vaccine, split virion, pediatric form",False,VAC1534
VAC0253,VAXIRAB N,"Whole virion inactivated rabies vaccine, Flury LEP strain, purified chick embryo cell vaccine (PCECV), inactivated with ß-propiolactone",False,VAC0942
VAC0254,IMOVAX D.T.,Diphtheria toxoid (standard dose) and tetanus toxoid pediatric vaccine,False,VAC0137
VAC0255,IMOVAX GRIPPE,Trivalent inactivated seasonal influenza vaccine,False,VAC0925
VAC0256,IMOVAX MUMPS,Live attenuated mumps vaccine,False,VAC0153
VAC0257,IMOVAX PAROTIDITIS,Live attenuated mumps vaccine,False,VAC0153
VAC0258,IMOVAX R.O.R.,"Live attenuated measles, mumps and rubella vaccine",False,VAC0130
VAC0259,IMOVAX Rabies,"Whole virion inactivated rabies vaccine, prepared in MRC5 cells",False,VAC0943
VAC0260,IMOVAX Rabies I.D.,"Whole virion inactivated rabies vaccine, prepared in human diploid cell culture (HDCV), intradermal",False,VAC0943
VAC0261,IMOVAX Rabies I.M.,Whole virion inactivated rabies vaccine (intramuscular administration),False,VAC0131
VAC0262,IMOVAX RUBEOLA,Live attenuated rubella vaccine,False,VAC0113
VAC0263,IMOVAX SARAMPION,Live attenuated measles vaccine,False,VAC0114
VAC0264,INFANRIX,"Diphtheria toxoid (standard dose), tetanus toxoid and pertussis (multicomponent acellular, standard dose) pediatric vaccine",False,VAC0602
VAC0265,INFLU-KOVAX,Trivalent inactivated seasonal influenza vaccine,False,VAC0925
VAC0266,INFLUENZA HA VACCINE KOVAX,Trivalent inactivated seasonal influenza vaccine,False,VAC0925
VAC0267,IPAD TP,Tetanus toxoid and inactivated polio (trivalent) vaccine,False,VAC0380
VAC0268,IPOL,Inactivated polio (trivalent) vaccine,False,VAC0270
VAC0270,"Inactivated Polio vaccine, unspecified",Inaktywowana szczepionka przeciwko polio (trójwalentna),True,
VAC0271,ISTIVAC,Trivalent inactivated seasonal influenza vaccine,False,VAC0925
VAC0272,KAKSOISROKOTE DUBBELVACCIN,Diphtheria toxoid (standard dose) and tetanus toxoid pediatric vaccine,False,VAC0137
VAC0273,KIKHOSTE-VAKSINE,Pertussis (whole-cell inactivated) vaccine,False,VAC0163
VAC0274,LANCY VAXINA,"Smallpox vaccine, first-generation, live vaccinia virus",False,VAC1122
VAC0275,LAVANTUU TIROKOTE,"Typhoid vaccine, unspecified",False,VAC0112
VAC0276,LIOVAX,"Smallpox vaccine, first-generation, live vaccinia virus",False,VAC1122
VAC0277,LIRUBEL,Live attenuated measles and rubella vaccine,False,VAC0550
VAC0278,LIRUGEN,Live attenuated measles vaccine,False,VAC0114
VAC0280,MUMPS-MEASLES VACCINE MICROGEN,Live attenuated measles and mumps vaccine,False,VAC0623
VAC0281,LM - 3 RIT,"Live attenuated measles, mumps and rubella vaccine",False,VAC0130
VAC0282,LTEANAS IMUNA,Tetanus toxoid vaccine,False,VAC0132
VAC0283,LYMERIX,"Recombinant Lyme disease vaccine, OspA antigen",False,VAC1180
VAC0284,LYOVAC ATTENUVAX,Live attenuated measles vaccine,False,VAC0114
VAC0285,LYOVAC MERUVAX,Live attenuated rubella vaccine,False,VAC0113
VAC0286,M-M-R II,"Live attenuated measles, mumps and rubella vaccine",False,VAC0130
VAC0287,M-R VAX,Live attenuated measles and rubella vaccine,False,VAC0550
VAC0288,M-R VAX II,Live attenuated measles and rubella vaccine,False,VAC0550
VAC0289,M-VAX,Live attenuated measles vaccine,False,VAC0114
VAC0290,MASERN-IMPFSTOFF SSW,Live attenuated measles vaccine,False,VAC0114
VAC0291,MEASLES VACCINE AIK-C STRAIN POLYVAC,Live attenuated measles vaccine,False,VAC0114
VAC0292,MEASLES VACCINE DK3,Live attenuated measles vaccine,False,VAC0114
VAC0293,MENAFRIVAC,"Meningococcal conjugate vaccine, serogroup A (conjugated to tetanus toxoid)",False,VAC1218
VAC0294,MENCEVAX A,"Unconjugated meningococcal polysaccharide vaccine, serogroup A",False,VAC0865
VAC0295,MENOMUNE-A/C/Y/W-135,"Unconjugated meningococcal polysaccharide vaccine, serogroups A, C, W and Y",False,VAC0152
VAC0296,MENPOVAX 4 A+C+Y+W135,"Unconjugated meningococcal polysaccharide vaccine, serogroups A, C, W and Y",False,VAC0152
VAC0297,MENPOVAX A+C,"Unconjugated meningococcal polysaccharide vaccine, serogroups A and C",False,VAC0151
VAC0298,MERUVAX,Live attenuated rubella vaccine,False,VAC0113
VAC0299,MERUVAX II,Live attenuated rubella vaccine,False,VAC0113
VAC0300,MEVILIN-L,Live attenuated measles vaccine,False,VAC0114
VAC0301,MMR,"Live attenuated measles, mumps and rubella vaccine",False,VAC0130
VAC0303,MONIARIX,"Unconjugated pneumococcal polysaccharide vaccine, 17-valent, serotypes 1, 2, 3, 4, 6A, 7F, 8, 9N, 11A, 12F, 14, 15F, 17F, 18C, 19F, 23F and 25",False,VAC1131
VAC0304,MOPAVAC SEVAC,Live attenuated measles and mumps vaccine,False,VAC0623
VAC0305,MOPV,"Polio vaccine (live attenuated, trivalent) against polioviruses 1, 2 and 3, oral",False,VAC0320
VAC0306,MORBILVAX,Live attenuated measles vaccine,False,VAC0114
VAC0307,MORUBEL,Live attenuated measles and rubella vaccine,False,VAC0550
VAC0308,MORUMAN BERNA PRODUCTS,Measles immunoglobulin,False,VAC0862
VAC0309,MORUPAR,"Live attenuated measles, mumps and rubella vaccine",False,VAC0130
VAC0310,MOVIVAC,Live attenuated measles vaccine,False,VAC0114
VAC0311,MUMATEN BERNA PRODUCTSNA,Live attenuated mumps vaccine,False,VAC0153
VAC0312,MUMPS LIVE,Live attenuated mumps vaccine,False,VAC0153
VAC0313,MUMPS inactivated,Whole virion Inactivated mumps vaccine,False,VAC1154
VAC0315,MUMPSVAX,Live attenuated mumps vaccine,False,VAC0153
VAC0317,NABI-HB,Hepatitis B immunoglobulin,False,VAC0863
VAC0318,NOTHAV,Inactivated hepatitis A vaccine,False,VAC0102
VAC0319,OMNIHIB,"Haemophilus influenzae type b vaccine, capsular polysaccharide (polyribosylribitol phosphate, PRP) conjugated to tetanus toxoid",False,VAC0345
VAC0320,"OPV 1-2-3, unspecified","Szczepionka przeciwko polio (żywa, atenuowana, trójwartościowa) przeciwko poliovirusom 1, 2 i 3, doustna",True,
VAC0321,ORIMUNE,"Polio vaccine (live attenuated, trivalent) against polioviruses 1, 2 and 3, oral",False,VAC0320
VAC0322,PARIORIX,Live attenuated mumps vaccine,False,VAC0153
VAC0323,PAVIVAC-SEVAC,Live attenuated measles vaccine,False,VAC0114
VAC0324,"Pneumococcal conjugate vaccine, 7 valent, unspecified","Pneumokokowa polisacharydowa szczepionka skoniugowana, 7-walentna, serotypy 4, 6B, 9V, 14, 18C, 19F i 23F",True,
VAC0325,PEDIARIX,"Diphtheria toxoid (standard dose), tetanus toxoid, pertussis (multicomponent acellular, standard dose), inactivated polio (trivalent) and hepatitis B (recombinant) pediatric vaccine",False,VAC1174
VAC0326,PEDVAXHIB,"Haemophilus influenzae type b vaccine, capsular polysaccharide (polyribosylribitol phosphate, PRP) conjugated to outer membrane protein of Neisseria meningitidis serogroup B",False,VAC0344
VAC0327,PENTA,"Diphtheria toxoid (standard dose), tetanus toxoid, pertussis (multicomponent acellular, 5 components, standard dose), Haemophilus influenzae type b (conjugated to tetanus toxoid) and inactivated polio (trivalent) pediatric vaccine, adsorbed",False,VAC1115
VAC0328,PENTACEL,"Diphtheria toxoid (standard dose), tetanus toxoid, pertussis (multicomponent acellular, 5 components, standard dose), Haemophilus influenzae type b (conjugated to tetanus toxoid) and inactivated polio (trivalent) pediatric vaccine, adsorbed",False,VAC1115
VAC0330,PENTACT-HIB,"Diphtheria toxoid (standard dose), tetanus toxoid, pertussis (whole-cell inactivated), Haemophilus influenzae type b (conjugated to tetanus toxoid) and inactivated polio (trivalent) pediatric vaccine, adsorbed",False,VAC1126
VAC0332,PENTAVALENTE,"Diphtheria toxoid (standard dose), tetanus toxoid, pertussis (whole-cell inactivated), Haemophilus influenzae type b (conjugated to tetanus toxoid) and hepatitis B (recombinant) pediatric vaccine",False,VAC1181
VAC0333,PFIZER VAX-MEASLES K,"Whole inactivated measles vaccine, old",False,VAC1209
VAC0334,PFIZER-VAX MEASLES-L,Live attenuated measles vaccine,False,VAC0114
VAC0335,PLUSERIX,"Live attenuated measles, mumps and rubella vaccine",False,VAC0130
VAC0336,PNEUMOVAX,"Unconjugated pneumococcal polysaccharide vaccine, 23-valent, serotypes 1, 2, 3, 4, 5, 6B, 7F, 8, 9N, 9V, 10A, 11A, 12F, 14, 15B, 17F, 18C, 19A, 19F, 20, 22F, 23F and 33F",False,VAC0339
VAC0337,PNU-IMUNE 23,"Unconjugated pneumococcal polysaccharide vaccine, 23-valent, serotypes 1, 2, 3, 4, 5, 6B, 7F, 8, 9N, 9V, 10A, 11A, 12F, 14, 15B, 17F, 18C, 19A, 19F, 20, 22F, 23F and 33F",False,VAC0339
VAC0338,POLIACEL,"Diphtheria toxoid (standard dose), tetanus toxoid, pertussis (multicomponent acellular, 5 components, standard dose), Haemophilus influenzae type b (conjugated to tetanus toxoid) and inactivated polio (trivalent) pediatric vaccine, adsorbed",False,VAC1115
VAC0339,"Pneumococcal polysaccharide vaccine 23-valent, unspecified","Pneumokokowa polisacharydowa szczepionka nieskoniugowana, 23-walentna",True,
VAC0341,PREVNAR,"Pneumococcal polysaccharide conjugate vaccine, 7-valent, adsorbed, serotypes 4, 6B, 9V, 14, 18C, 19F and 23F",False,VAC0324
VAC0343,PROHIBIT,Haemophilus influenzae type b conjugate vaccine (PRP-D),False,VAC0918
VAC0344,"PRP-OMP Hib vaccine, unspecified",Szczepionka skoniugowana przeciwko Haemophilus influenzae typu b składająca się z PRP (fosforan polirybozylobitolu) skoniugowanego z OMP (białko błony zewnętrznej Neisseria meningitidis),True,
VAC0345,"Hib PRP-T conjugated vaccine, unspecified",Szczepionka skoniugowana przeciwko Haemophilus influenzae typu b składająca się z PRP (fosforan polirybozylobitolu) skoniugowanego z toksoidem tężcowym,True,
VAC0346,PURIVAX,Inactivated polio (trivalent) vaccine,False,VAC0270
VAC0347,QUADRACEL,"Diphtheria toxoid (standard dose), tetanus toxoid, pertussis (multicomponent acellular, standard dose) and inactivated polio (trivalent) pediatric vaccine",False,VAC0551
VAC0348,QUADRACEL/HIBEST,"Diphtheria toxoid (standard dose), tetanus toxoid, pertussis (multicomponent acellular, 5 components, standard dose), Haemophilus influenzae type b (conjugated to tetanus toxoid) and inactivated polio (trivalent) pediatric vaccine, adsorbed",False,VAC1115
VAC0349,QUADRIGEN,"Diphtheria toxoid (standard dose), tetanus toxoid, pertussis (whole-cell inactivated) and inactivated polio (trivalent) pediatric vaccine",False,VAC1151
VAC0350,QUATRO-VIRELON,"Diphtheria toxoid (standard dose), tetanus toxoid, pertussis (multicomponent acellular, standard dose) and inactivated polio (trivalent) pediatric vaccine",False,VAC0551
VAC0351,QUINTUPLE,"Diphtheria toxoid (standard dose), tetanus toxoid, pertussis (multicomponent acellular, standard dose), Haemophilus influenzae type b (conjugated to tetanus toxoid) and hepatitis B (recombinant) pediatric vaccine",False,VAC1231
VAC0352,R-HB VACCINE,"Recombinant hepatitis B vaccine, adult dose",False,VAC0915
VAC0353,R-VAC,Live attenuated rubella vaccine,False,VAC0113
VAC0354,RA27/3,Live attenuated rubella vaccine,False,VAC0113
VAC0355,RABAVERT,"Whole virion inactivated rabies vaccine, Flury LEP strain, purified chick embryo cell vaccine (PCECV), inactivated with ß-propiolactone",False,VAC0942
VAC0356,RECOMBIVAX HB,Hepatitis B vaccine (Paediatric and adult dosage at 10 µg and dosage for dialysis patients at 40 µg),False,VAC1125
VAC0357,"RESPIGAM, RSV-IVIG",Immunoglobulin anti-RSV,False,VAC1223
VAC0358,"Rabies immunoglobulin human origin, unspecified","Immunoglobulina przeciwko wściekliźnie, pochodzenia ludzkiego",True,
VAC0359,RIMEVAX,Live attenuated measles vaccine,False,VAC0114
VAC0360,RIMPARIX,Live attenuated measles and mumps vaccine,False,VAC0623
VAC0361,RIT - LM-2,Live attenuated measles and mumps vaccine,False,VAC0623
VAC0362,RIT - LM-3,"Live attenuated measles, mumps and rubella vaccine",False,VAC0130
VAC0363,ROTASHIELD,Rotavirus vaccine (First),False,VAC0158
VAC0364,RUBEATEN BERNA PRODUCTS,Live attenuated rubella vaccine,False,VAC0113
VAC0365,RUBELLA VACCINE MICROGEN,Live attenuated rubella vaccine,False,VAC0113
VAC0366,RUBELLA-KOVAX,Live attenuated rubella vaccine,False,VAC0113
VAC0367,RUBELLOVAC,Live attenuated rubella vaccine,False,VAC0113
VAC0368,RUBELOGEN,Live attenuated rubella vaccine,False,VAC0113
VAC0369,RUBEOVAX,Live attenuated measles vaccine,False,VAC0114
VAC0370,RVA RABIES VACCINE ABSORBED BIOPORT,"Whole virion inactivated rabies vaccine, adsorbed on aluminium phosphate from BioPort laboratory",False,VAC0131
VAC0371,SABIN,"Polio vaccine (live attenuated, trivalent) against polioviruses 1, 2 and 3, oral",False,VAC0320
VAC0372,SAHIA,"Polio vaccine (live attenuated, trivalent) against polioviruses 1, 2 and 3, oral",False,VAC0320
VAC0373,SALK,Inactivated polio (trivalent) vaccine,False,VAC0270
VAC0374,SANDOVAC,Trivalent inactivated seasonal influenza vaccine,False,VAC0925
VAC0375,SEROBACTERIN,Inactivated whole-cell cholera vaccine for injection combined with polysaccharide typhoid vaccine,False,VAC1179
VAC0376,SHANCOL,Oral Inactivated whole-cell cholera vaccine,False,VAC1257
VAC0377,TRIPLE ANTIGEN SII,"Paediatric diphtheria vaccine (toxoid, standard dose), tetanus vaccine (toxoid) and pertussis vaccine (whole inactivated)",False,VAC0136
VAC0378,SYNAGIS 100 mg (PALIZIVUMAB),hRSV monoclonal antibody,False,VAC1222
VAC0379,T-IMMUN,Tetanus toxoid vaccine,False,VAC0132
VAC0380,"T.Polio, unspecified",Toksoid tężcowy i inaktywowana szczepionka przeciwko polio (trójwalentna),True,
VAC0382,"Tetanus diphtheria vaccine, unspecified",Szczepionka zawierająca toksoid błoniczy (dawka nieokreślona) i toksoid tężcowy,True,
VAC0383,ANATOXAL TE,Tetanus toxoid vaccine,False,VAC0132
VAC0384,TE/VAC/PTAP,Tetanus toxoid vaccine (Yugoslavia),False,VAC0132
VAC0385,TELVACLPTAP,Tetanus toxoid vaccine,False,VAC0132
VAC0386,TETAMYN,Tetanus toxoid vaccine,False,VAC0132
VAC0387,TETANOL,Tetanus toxoid vaccine,False,VAC0132
VAC0388,TETASORBAT SSW,Tetanus toxoid vaccine,False,VAC0132
VAC0389,TETAMUN SSW,Tetanus toxoid vaccine,False,VAC0132
VAC0390,TETRACT-HIB,"Diphtheria toxoid (standard dose), tetanus toxoid, pertussis (whole-cell inactivated) et Haemophilus influenzae type b (conjugated to tetanus toxoid) pediatric vaccine",False,VAC1161
VAC0391,TETRAMUNE,"Diphtheria toxoid (standard dose), tetanus toxoid, pertussis (whole-cell inactivated) and Haemophilus influenzae type b (conjugated to diphtheria toxoid) pediatric vaccine",False,VAC1168
VAC0392,TETRAVAX,"Diphtheria toxoid (standard dose), tetanus toxoid, pertussis (whole-cell inactivated) and inactivated polio (trivalent) pediatric vaccine",False,VAC1151
VAC0393,TICE BCG,Tuberculosis vaccine,False,VAC0134
VAC0394,TIG,Anti-tetanus immunoglobulin,False,VAC0497
VAC0395,TITIFICA,"Typhoid and paratyphoid A and B vaccine, whole-cell inactivated",False,VAC0818
VAC0396,BIOPOLIO,"Polio vaccine (live attenuated, trivalent) against polioviruses 1, 2 and 3, oral",False,VAC0320
VAC0397,TRESIVAC LYOPHOLIZED,"Live attenuated measles, mumps and rubella vaccine",False,VAC0130
VAC0398,TRI-IMMUNOL,"Diphtheria toxoid (standard dose), tetanus toxoid and pertussis (whole-cell inactivated) pediatric vaccine",False,VAC0136
VAC0399,TRIACEL,"Diphtheria toxoid (standard dose), tetanus toxoid and inactivated polio (trivalent) pediatric vaccine",False,VAC0088
VAC0400,TRIACELLUVAX,"Diphtheria toxoid (standard dose), tetanus toxoid and pertussis (multicomponent acellular, standard dose) pediatric vaccine",False,VAC0602
VAC0401,TRIHIBIT,"Diphtheria toxoid (standard dose), tetanus toxoid, pertussis (multicomponent acellular, standard dose) and Haemophilus influenzae type b (conjugated to tetanus toxoid) vaccine",False,VAC1164
VAC0403,TRINIVAC,"Diphtheria toxoid (standard dose), tetanus toxoid and pertussis (whole-cell inactivated) pediatric vaccine",False,VAC0136
VAC0404,TRIPACEL,"Diphtheria toxoid (standard dose), tetanus toxoid and pertussis (multicomponent acellular, standard dose) pediatric vaccine",False,VAC0602
VAC0405,TRIPEDIA,"Diphtheria toxoid (standard dose), tetanus toxoid and pertussis (multicomponent acellular, standard dose) pediatric vaccine",False,VAC0602
VAC0407,TRIPLE,"Diphtheria toxoid (standard dose), tetanus toxoid and pertussis (whole-cell inactivated) pediatric vaccine",False,VAC0136
VAC0408,TRIPLE ANTIGEN,"Diphtheria toxoid (standard dose), tetanus toxoid and pertussis (whole-cell inactivated) pediatric vaccine",False,VAC0136
VAC0409,TRIPLE SABIN,"Polio vaccine (live attenuated, trivalent) against polioviruses 1, 2 and 3, oral",False,VAC0320
VAC0410,TRIPLE VIRAL,"Live attenuated measles, mumps and rubella vaccine",False,VAC0130
VAC0411,TRIVACUNA LETI,"Diphtheria toxoid (standard dose), tetanus toxoid and pertussis (whole-cell inactivated) pediatric vaccine",False,VAC0136
VAC0412,TRIVAX,"Diphtheria toxoid (standard dose), tetanus toxoid and pertussis (multicomponent acellular, standard dose) pediatric vaccine",False,VAC0602
VAC0413,TRIVAX-AD,"Diphtheria toxoid (standard dose), tetanus toxoid and pertussis (multicomponent acellular, standard dose) pediatric vaccine",False,VAC0602
VAC0414,TRIVAX-HIB,"Diphtheria toxoid (standard dose), tetanus toxoid, pertussis (multicomponent acellular, standard dose) et Haemophilus influenzae type b (conjugated to tetanus toxoid) pediatric vaccine",False,VAC1164
VAC0415,TRIVB,"Diphtheria toxoid (standard dose), tetanus toxoid and inactivated polio (trivalent) pediatric vaccine",False,VAC0088
VAC0416,Triviraten,"Live attenuated measles, mumps and rubella vaccine",False,VAC0130
VAC0417,TRIVIVAC SEVAC,"Live attenuated measles, mumps and rubella vaccine",False,VAC0130
VAC0418,TRIVIVAC Y,"Live attenuated measles, mumps and rubella vaccine",False,VAC0130
VAC0419,SHANTT,Tetanus toxoid vaccine,False,VAC0132
VAC0420,BIO-TT Vaccine,Tetanus toxoid vaccine,False,VAC0132
VAC0421,TUSSITRUPIN FORTE,Pertussis (whole-cell inactivated) vaccine,False,VAC0163
VAC0423,TWINRIX JUNIOR,"Combined hepatitis A and B vaccine, pediatric dose",False,VAC0653
VAC0424,"Live attenuated oral typhoid vaccine, unspecified","Żywa atenuowana szczepionka przeciwko durowi brzusznemu, szczep Ty21a, doustna",True,
VAC0425,TYNE,Tuberculosis vaccine,False,VAC0134
VAC0426,TYPHOID VACCINE WYETH,Whole-cell inactivated typhoid vaccine,False,VAC0817
VAC0427,TYPHOID-KOVAX,Polysaccharide typhoid vaccine (Vi capsular antigen),False,VAC0713
VAC0428,VA-MENGOC-BC,"Meningococcal vaccine, serogroups B and C",False,VAC1229
VAC0429,VACCIN COMBINAT DIFTERO-TETANIC,Diphtheria toxoid (standard dose) and tetanus toxoid pediatric vaccine,False,VAC0137
VAC0430,VACCIN DIFTERIC ADSORBIT,Diphtheria toxoid (unspecified dose),False,VAC0655
VAC0431,VACCINUM MORBILLORUM VIVUM,Live attenuated measles vaccine,False,VAC0114
VAC0432,VACINA DUPLA,Diphtheria toxoid (standard dose) and tetanus toxoid pediatric vaccine,False,VAC0137
VAC0433,VACINA TRIPLICE,"Diphtheria toxoid (standard dose), tetanus toxoid and pertussis (whole-cell inactivated or acellular, unspecified dose) pediatric vaccine",False,VAC0601
VAC0434,VACINA TRIPLICE VIRAL,"Live attenuated measles, mumps and rubella vaccine",False,VAC0130
VAC0435,VAKSIN CACAR,"Smallpox vaccine, first-generation, live vaccinia virus",False,VAC1122
VAC0436,VAKSIN CAMPAK KERING,Live attenuated measles vaccine,False,VAC0114
VAC0437,VAKSIN KOTIPA,Inactivated whole-cell cholera vaccine for injection combined with inactivated whole-cell typhoid vaccine,False,VAC0807
VAC0438,VAKSIN SERAP,"Diphtheria toxoid (standard dose), tetanus toxoid and pertussis (whole-cell inactivated or acellular, unspecified dose) pediatric vaccine",False,VAC0601
VAC0439,VAMOAVAX,Live attenuated measles and mumps vaccine,False,VAC0623
VAC0441,SKY Varicella Inj,Live attenuated chickenpox vaccine (SK Bioscience laboratory),False,VAC0159
VAC0442,VARICELLON,Immunoglobulin against chickenpox virus,False,VAC0864
VAC0443,VARIE,"Smallpox vaccine, first-generation, live vaccinia virus",False,VAC1122
VAC0444,VAXEM-HIB,Haemophilus influenzae type b (conjugated to diphtheria toxoid) vaccine,False,VAC0919
VAC0445,VAXIPAR,Live mumps vaccine,False,VAC0153
VAC0446,VCDT,Diphtheria toxoid (standard dose) and tetanus toxoid pediatric vaccine,False,VAC0137
VAC0447,VDA VACCIN DIFTERIC ADSORBIT,Diphtheria toxoid (standard dose) pediatric vaccine,False,VAC1165
VAC0448,VICPS (TYPHIM VI),Polysaccharide typhoid vaccine (Vi capsular antigen),False,VAC0713
VAC0449,VIRELON T 20,"Polio vaccine (live attenuated, trivalent) against polioviruses 1, 2 and 3, oral",False,VAC0320
VAC0450,"VIROVAC MASSLING, PEROTID, RUBELLA","Live attenuated measles, mumps and rubella vaccine",False,VAC0130
VAC0451,VIVOTIF,"Live attenuated typhoid vaccine, strain Ty21a, oral",False,VAC0424
VAC0452,VT (VACINA TRIPLICE),"Diphtheria toxoid (standard dose), tetanus toxoid and pertussis (whole-cell inactivated or acellular, unspecified dose) pediatric vaccine",False,VAC0601
VAC0453,VTV (VACINA TRIPLICE VIRAL),"Live attenuated measles, mumps and rubella vaccine",False,VAC0130
VAC0454,VVR,Live attenuated measles vaccine,False,VAC0114
VAC0456,WELLTRIVAX TRIVALENTE,"Diphtheria toxoid (standard dose), tetanus toxoid and pertussis (whole-cell inactivated or acellular, unspecified dose) pediatric vaccine",False,VAC0601
VAC0457,YF-VAX,Live attenuated yellow fever vaccine,False,VAC0111
VAC0458,ZAANTIDE antitoxin,Diphtheria antitoxin immunoglobulin,False,VAC0867
VAC0459,ZAANTITE,Tetanus toxoid vaccine,False,VAC0132
VAC0460,ZADITEADVAX,Diphtheria toxoid (standard dose) and tetanus toxoid pediatric vaccine,False,VAC0137
VAC0461,ZADITEVAX,Diphtheria toxoid (standard dose) and tetanus toxoid pediatric vaccine,False,VAC0137
VAC0462,ZAMEVAX A+C,"Unconjugated meningococcal polysaccharide vaccine, serogroups A and C",False,VAC0151
VAC0463,ZAMOVAX,Live attenuated measles vaccine,False,VAC0114
VAC0464,ZAMRUVAX,Live attenuated measles and rubella vaccine,False,VAC0550
VAC0465,ZARUVAX,Live attenuated rubella vaccine,False,VAC0113
VAC0466,ZATETRAVAX,"Diphtheria toxoid (standard dose), tetanus toxoid and pertussis (whole-cell inactivated or acellular, unspecified dose) pediatric vaccine",False,VAC0601
VAC0467,ZATEVAX,Tetanus toxoid vaccine,False,VAC0132
VAC0468,ZATRIBAVAX,"Diphtheria toxoid (standard dose), tetanus toxoid and pertussis (whole-cell inactivated) pediatric vaccine",False,VAC0136
VAC0469,ZATRIVAX,"Live attenuated measles, mumps and rubella vaccine",False,VAC0130
VAC0470,QUINVAXEM,"Diphtheria toxoid (standard dose), tetanus toxoid, pertussis (whole-cell inactivated), Haemophilus influenzae type b (conjugated to diphtheria toxoid) and hepatitis B (recombinant) pediatric vaccine",False,VAC1192
VAC0471,HEPAVAX-GENE B 20 µg,"Recombinant hepatitis B vaccine, adult dose",False,VAC0915
VAC0472,PREPANDRIX,Influenza A(H5N1) vaccine,False,VAC0084
VAC0473,PRE-PANDEMIC INFLUENZA VACCINE H5N1,"Influenza A(H5N1) vaccine (split, adjuvanted)",False,VAC0084
VAC0474,DARONRIX,Influenza A(H5N1) vaccine,False,VAC0084
VAC0475,FOCLIVIA,Influenza A(H5N1) vaccine,False,VAC0084
VAC0476,Pandemic Influenza Vaccine H5N1 Baxter,"Influenza A(H5N1) vaccine (whole virion, Vero cell cultured, inactivated) multidose",False,VAC0084
VAC0477,PUMARIX,Influenza A(H5N1) vaccine,False,VAC0084
VAC0478,COVAXIS,"Diphtheria toxoid (low dose), tetanus toxoid and pertussis (multicomponent acellular, low dose) vaccine",False,VAC0610
VAC0479,TRIAXIS,"Diphtheria toxoid (low dose), tetanus toxoid and pertussis (multicomponent acellular, low dose) vaccine",False,VAC0610
VAC0480,FENDRIX,"Recombinant hepatitis B vaccine, dialysis patient dosage",False,VAC0916
VAC0481,TRIVIVAX,"Live attenuated measles, mumps and rubella vaccine",False,VAC0130
VAC0482,VEPACEL,"Influenza A(H5N1) vaccine (whole virion, Vero cell cultured, inactivated)",False,VAC0084
VAC0483,FLUAD PAEDIATRICS,Trivalent inactivated seasonal influenza vaccine,False,VAC0925
VAC0484,RABIVAX-S,Whole virion inactivated rabies vaccine,False,VAC0131
VAC0485,TETAGAM P (immunoglobuline),Anti-tetanus immunoglobulin,False,VAC0497
VAC0486,NIMENRIX,"Quadrivalent meningococcal polysaccharide conjugate vaccine, serogroups A, C, W and Y (conjugated to tetanus toxoid)",False,VAC1182
VAC0487,MENHIBRIX,"Haemophilus influenzae type b and meningococcal conjugate vaccine, serogroup A and C (conjugated to tetanus toxoid)",False,VAC1220
VAC0488,PENTAXIM,"Diphtheria toxoid (standard dose), tetanus toxoid, pertussis (multicomponent acellular, 5 components, standard dose), Haemophilus influenzae type b (conjugated to tetanus toxoid) and inactivated polio (trivalent) pediatric vaccine, adsorbed",False,VAC1115
VAC0489,TRIMOVAX,"Live attenuated measles, mumps and rubella vaccine",False,VAC0130
VAC0490,KINRIX,"Diphtheria toxoid (standard dose), tetanus toxoid, pertussis (multicomponent acellular, standard dose) and inactivated polio (trivalent) pediatric vaccine",False,VAC0551
VAC0491,TENIVAC,Diphtheria toxoid (low dose) and tetanus toxoid vaccine,False,VAC0920
VAC0492,AFLURIA,"Trivalent inactivated seasonal influenza vaccine, split virion",False,VAC0925
VAC0494,TRITANRIX HepB,"Diphtheria toxoid (standard dose), tetanus toxoid, pertussis (whole-cell inactivated) and hepatitis B (recombinant) pediatric vaccine",False,VAC1208
VAC0495,BEXSERO,"4-component meningococcal vaccine, serogroup B",False,VAC1240
VAC0496,GAMMATETANOS (immunoglobulines),Anti-tetanus immunoglobulin,False,VAC0497
VAC0497,"Tetanus immunoglobulin, unspecified",Immunoglobulina przeciwtężcowa,True,
VAC0498,IMOGAM RAGE,"Rabies immunoglobulin, human origin",False,VAC0358
VAC0499,BERIRAB,"Rabies immunoglobulin, human origin",False,VAC0358
VAC0500,FAVIRAB,"Rabies immunoglobulin, equine origin",False,VAC0503
VAC0501,EQUIRAB (immunoglobuline),"Rabies immunoglobulin, equine origin",False,VAC0503
VAC0502,"Rabies immunoglobulin, unspecified","Immunoglobulina przeciwko wściekliźnie, pochodzenia ludzkiego lub końskiego",True,
VAC0503,"Rabies immunoglobulin equine origin, unspecified","Immunoglobulina przeciw wściekliźnie, pochodzenia końskiego",True,
VAC0504,INFANRIX Polio HIB Nourrissons,"Diphtheria toxoid (standard dose), tetanus toxoid, pertussis (multicomponent acellular, standard dose), Haemophilus influenzae type b (conjugated to tetanus toxoid) and inactivated polio (trivalent) pediatric vaccine, adsorbed",False,VAC1115
VAC0505,HIBEST,"Haemophilus influenzae type b vaccine, capsular polysaccharide (polyribosylribitol phosphate, PRP) conjugated to tetanus toxoid",False,VAC0345
VAC0506,"Pentavalent DTaPHibIPV vaccine, unspecified","Toksoid błoniczy (dawka standardowa), toksoid tężcowy, wielokomponentowy acelularny krztusiec (dawka standardowa), Haemophilus influenzae typu b (skoniugowana nieokreślona) oraz inaktywowana szczepionka pediatryczna przeciwko polio (trójwalentna)",True,
VAC0507,HEXACIMA,"Diphtheria toxoid (standard dose), tetanus toxoid, pertussis (multicomponent acellular, standard dose), Haemophilus influenzae type b (conjugated to tetanus toxoid), inactivated polio (trivalent) and hepatitis B (recombinant) pediatric vaccine, adsorbed",False,VAC1121
VAC0508,JEEV 3 µg,"Whole inactivated Japanese encephalitis vaccine, prepared in Vero cells, 3 micrograms",False,VAC1111
VAC0509,BIKEN,"Whole virion inactivated Japanese encephalitis vaccine, mouse brain-derived, Nakayama strain - Other name: JEVAX",False,VAC1196
VAC0510,HEXYON,"Diphtheria toxoid (standard dose), tetanus toxoid, pertussis (multicomponent acellular, 2 components, standard dose), Haemophilus influenzae type b (conjugated to tetanus toxoid), inactivated polio (trivalent) and hepatitis B (recombinant) pediatric vaccine, adsorbed",False,VAC1121
VAC0511,SILGARD,"Human Papillomavirus vaccine, based on VLP (Virus Like Particles), nonavalent (types 6, 11, 16, and 18), recombinant, adsorbed",False,VAC0859
VAC0512,"Typhus vaccine, unspecified",Szczepionka przeciwko tyfusowi epidemicznemu (tyfus epidemiczny wszy),True,
VAC0513,HEPATYRIX,"Hepatitis A (inactivated, adsorbed) and typhoid vaccine (polysaccharide)",False,VAC1114
VAC0514,ROTARIX,"Monovalent rotavirus vaccine, oral",False,VAC1235
VAC0515,INFANRIX POLIO,"Diphtheria toxoid (standard dose), tetanus toxoid, pertussis (multicomponent acellular, standard dose) and inactivated polio (trivalent) pediatric vaccine",False,VAC0551
VAC0516,ABHAYRAB,Whole virion inactivated rabies vaccine,False,VAC0131
VAC0517,FLUARIXTETRA,"Quadrivalent inactivated seasonal influenza vaccine, split virion",False,VAC0938
VAC0518,STAMARIL (multidose),Live attenuated yellow fever vaccine,False,VAC0111
VAC0520,IMVANEX,"Smallpox vaccine, third generation, modified vaccinia virus Ankara, non-replicative",False,VAC1157
VAC0521,FLUENZ TETRA,"Live attenuated quadrivalent seasonal influenza vaccine, nasal",False,VAC1112
VAC0523,GARDASIL 9,"Human Papillomavirus vaccine, based on VLP (Virus Like Particles), nonavalent (types 6, 11, 16, 18, 31, 33, 45, 52, and 58), recombinant, adsorbed",False,VAC0860
VAC0524,TEVAX,Tetanus toxoid vaccine,False,VAC0132
VAC0525,INFANRIX PENTA,"Diphtheria toxoid (standard dose), tetanus toxoid, pertussis (multicomponent acellular, standard dose), inactivated polio (trivalent) and hepatitis B (recombinant) pediatric vaccine, adsorbed",False,VAC1174
VAC0526,HECOLIN,Recombinant Hepatitis E Peptide vaccine,False,VAC0917
VAC0527,VACCIN DIPHTERIQUE ET TETANIQUE ADSORBE,Diphtheria toxoid (standard dose) and tetanus toxoid pediatric vaccine,False,VAC0137
VAC0528,MOSQUIRIX,Hepatitis B and malaria vaccine,False,VAC1238
VAC0529,IMOVAX TETANO,Tetanus toxoid vaccine,False,VAC0132
VAC0530,TETANOL PUR,Tetanus toxoid vaccine,False,VAC0132
VAC0531,TETANOS ADSORBE MERIEUX,Tetanus toxoid vaccine,False,VAC0132
VAC0532,TETANUS VACCIN,"Tetanus toxoid vaccine, marketed in Holland by Bilthoven Biologicals",False,VAC0132
VAC0534,MENJUGATE 10 µg,"Meningococcal conjugate vaccine, serogroup C (conjugated to CRM197 Protein)",False,VAC1211
VAC0535,VAXELIS,"Diphtheria toxoid (standard dose), tetanus toxoid, pertussis (multicomponent acellular, standard dose), Haemophilus influenzae type b (conjugated to outer membrane protein of Neisseria meningitidis serogroup B), inactivated polio (trivalent) and hepatitis B (recombinant) pediatric vaccine, adsorbed",False,VAC1215
VAC0538,VACCIN BCG BIOMED-LUBLIN,Tuberculosis vaccine,False,VAC0134
VAC0539,DENGVAXIA,"Live attenuated, chimeric recombinant, quadrivalent vaccine against the four serotypes (1, 2, 3 and 4) of dengue virus (based on yellow fever vaccine 17D)",False,VAC1201
VAC0540,IPAD T,Tetanus toxoid vaccine,False,VAC0132
VAC0541,BOOSTRIX,"Diphtheria toxoid (low dose), tetanus toxoid and pertussis (multicomponent acellular, low dose) vaccine",False,VAC0610
VAC0542,Vaccin D.T.P. Pasteur,"Diphtheria toxoid (standard dose), tetanus toxoid and inactivated polio (trivalent) pediatric vaccine",False,VAC0088
VAC0543,HEXAXIM,"Diphtheria toxoid (standard dose), tetanus toxoid, pertussis (multicomponent acellular, standard dose), Haemophilus influenzae type b (conjugated to tetanus toxoid), inactivated polio (trivalent) and hepatitis B (recombinant) pediatric vaccine, adsorbed",False,VAC1121
VAC0544,TETRAXIM,"Diphtheria toxoid (standard dose), tetanus toxoid, pertussis (multicomponent acellular, standard dose) and inactivated polio (trivalent) pediatric vaccine",False,VAC0551
VAC0545,EUVAX B 20 µg,"Recombinant hepatitis B vaccine, adult dose",False,VAC0915
VAC0546,DULTAVAX,"Diphtheria toxoid (low dose), tetanus toxoid and inactivated polio (trivalent) vaccine, adsorbed",False,VAC0549
VAC0549,"dTIPV - Diphtheria-Tetanus-Polio, low dose, unspecified","Toksoid błoniczy (niska dawka), toksoid tężcowy i inaktywowana szczepionka przeciwko polio (trójwalentna)",True,
VAC0550,"Measles-Rubella vaccine, unspecified",Żywa atenuowana szczepionka przeciwko odrze i różyczce,True,
VAC0551,"DTaPIPV vaccine, standard dose, unspecified","Toksoid błoniczy (dawka standardowa), toksoid tężcowy, wielokomponentowa acelularna szczepionka przeciw krztuścowi (dawka standardowa) oraz inaktywowana szczepionka przeciw polio (trójwalentna) dla dzieci",True,
VAC0552,"DTaPHibHepBIPV hexavalent vaccine, unspecified","Toksoid błoniczy (dawka standardowa), toksoid tężcowy, wielokomponentowa acelularna szczepionka przeciw krztuścowi (dawka standardowa), Haemophilus influenzae typu b (skoniugowana nieokreślona), inaktywowana szczepionka przeciw polio (trójwartościowa) i szczepionka przeciw wirusowemu zapaleniu wątroby typu B (rekombinowana) dla dzieci",True,
VAC0553,"Pentavalent DTwPHibIPV vaccine, unspecified","Toksoid błoniczy (dawka standardowa), toksoid tężcowy, krztusiec pełnokomórkowy, skoniugowana szczepionka przeciwko Haemophilus influenzae typu b (skoniugowana nieokreślona) oraz inaktywowana szczepionka przeciwko polio (trójwalentna) pediatryczna",True,
VAC0554,PEDIACEL,"Diphtheria toxoid (standard dose), tetanus toxoid, pertussis (multicomponent acellular, 5 components, standard dose), Haemophilus influenzae type b (conjugated to tetanus toxoid) and inactivated polio (trivalent) pediatric vaccine, adsorbed",False,VAC1115
VAC0555,CombAct-HIB,"Diphtheria toxoid (standard dose), tetanus toxoid, pertussis (whole-cell inactivated), Haemophilus influenzae type b (conjugated to tetanus toxoid) and inactivated polio (trivalent) pediatric vaccine, adsorbed",False,VAC1126
VAC0556,MENITORIX,"Haemophilus influenzae type b and meningococcal conjugate vaccine, serogroup C (conjugated to tetanus toxoid)",False,VAC1230
VAC0560,VAXIGRIPTETRA,"Quadrivalent inactivated seasonal influenza vaccine, surface antigens",False,VAC1200
VAC0561,IMOJEV,"Live attenuated Japanese encephalitis vaccine, recombinant chimeric",False,VAC1193
VAC0562,INFLUVAC TETRA,Quadrivalent inactivated seasonal influenza vaccine with surface antigens,False,VAC0938
VAC0563,ALPHA-RIX-TETRA,"Quadrivalent inactivated seasonal influenza vaccine, split virion",False,VAC0938
VAC0566,PNEUMOCOCCAL POLYSACCHARIDE VACCINE MSD,"Unconjugated pneumococcal polysaccharide vaccine, 23-valent, serotypes 1, 2, 3, 4, 5, 6B, 7F, 8, 9N, 9V, 10A, 11A, 12F, 14, 15B, 17F, 18C, 19A, 19F, 20, 22F, 23F and 33F",False,VAC0339
VAC0567,SHINGRIX,"Shingles vaccine (recombinant, with adjuvant)",False,VAC1241
VAC0568,BOOSTRIX-POLIO,"Diphtheria toxoid (low dose), tetanus toxoid, pertussis (multicomponent acellular, 5 components, low dose) and inactivated polio (trivalent) vaccine, adsorbed",False,VAC0585
VAC0569,INFANRIX-IPV,"Diphtheria toxoid (standard dose), tetanus toxoid, pertussis (multicomponent acellular, standard dose) and inactivated polio (trivalent) pediatric vaccine",False,VAC0551
VAC0570,HIBERIX,Haemophilus influenzae type b conjugate vaccine (tetanus protein conjugate),False,VAC0345
VAC0573,AGRIFLU,"Trivalent inactivated seasonal influenza vaccine, surface antigen",False,VAC0925
VAC0574,Td POLIO ADSORBED,"Diphtheria toxoid (low dose), tetanus toxoid and inactivated polio (trivalent) vaccine, adsorbed",False,VAC0549
VAC0575,FSME-IMMUN,"Tick-borne encephalitis vaccine, whole-virus inactivated, Neudörfl strain, adult dose",False,VAC1038
VAC0576,FLUVIRAL,Trivalent inactivated seasonal influenza vaccine,False,VAC0925
VAC0577,TRIPACEL HYBRID,"Diphtheria toxoid (standard dose), tetanus toxoid and pertussis (multicomponent acellular, standard dose) pediatric vaccine",False,VAC0602
VAC0578,INFANRIX-HIB,"Diphtheria toxoid (standard dose), tetanus toxoid, pertussis (multicomponent acellular, standard dose) and Haemophilus influenzae type b (conjugated to tetanus toxoid) pediatric vaccine",False,VAC1164
VAC0579,CLAIRYG 50 mg/mL,"Measles immunoglobulin, human origin",False,VAC0862
VAC0580,CLAIRYG,"Measles immunoglobulin, human origin",False,VAC0862
VAC0582,TRUMENBA,"Meningococcal vaccine, serogroup B (recombinant, adsorbed)",False,VAC1152
VAC0585,"TdapIPV - Diphtheria-Tetanus-Pertussis-Polio vaccine, low dose, unspecified","Toksoid błoniczy (mała dawka), toksoid tężcowy, wieloskładnikowa acelularna szczepionka przeciw krztuścowi (5 składników, mała dawka) i inaktywowana szczepionka przeciw polio (trójwartościowa), adsorbowana",True,
VAC0586,Ervebo,"Ebola Zaire vaccine (rVSVΔG-ZEBOV-GP, live)",False,VAC1199
VAC0590,VACCIN BCG AJVACCINES,Tuberculosis vaccine,False,VAC0134
VAC0591,VIVAXIM,"Hepatitis A (inactivated, adsorbed) and typhoid vaccine (polysaccharide), presented in a two-compartment syringe",False,VAC1114
VAC0592,SPEEDA,"Whole virion inactivated rabies vaccine, cultured on Vero cells",False,VAC1116
VAC0593,VERORAB,"Whole virion inactivated rabies vaccine, WISTAR PM/WI 38-1503-3M strain, cultured on Vero cells, inactivated with ß-propiolactone",False,VAC1116
VAC0594,MenQuadfi,"Quadrivalent meningococcal polysaccharide conjugate vaccine, serogroups A, C, W and Y (conjugated to tetanus toxoid)",False,VAC1182
VAC0595,FLUCELVAX TETRA,"Quadrivalent inactivated seasonal influenza vaccine, cell-based",False,VAC1200
VAC0596,"DTaPHibHepB pentavalent vaccine, unspecified","Toksoid błoniczy (dawka standardowa), toksoid tężcowy i wielokomponentowy acelularny krztusiec (dawka standardowa), Haemophilus influenzae typu b (skoniugowana, nieokreślona) oraz szczepionka pediatryczna przeciwko wirusowemu zapaleniu wątroby typu B (rekombinowana)",True,
VAC0598,"DTwPHibHepB pentavalent vaccine, unspecified","Toksoid błoniczy (dawka standardowa), toksoid tężcowy, inaktywowany całokomórkowo krztusiec, Haemophilus influenzae typu b (skoniugowana, nieokreślona) i wirusowe zapalenie wątroby typu B (rekombinowane), szczepionka pediatryczna",True,
VAC0599,"DTPerHibHepB pentavalent vaccine, unspecified","Toksoid błoniczy (dawka standardowa), toksoid tężcowy i wielokomponentowa acelularna szczepionka przeciw krztuścowi (nieokreślona), Haemophilus influenzae typu b (skoniugowana, nieokreślona) oraz pediatryczna szczepionka przeciw wirusowemu zapaleniu wątroby typu B (rekombinowana)",True,
VAC0600,"OPV bivalent 1-3, unspecified","Szczepionka przeciwko polio (żywa, atenuowana, dwuwartościowa) przeciwko poliovirusowi typu 1 i 3, doustna",True,
VAC0601,"DPT Diphtheria-Pertussis-Tetanus vaccine, unspecified","Toksoid błoniczy (dawka standardowa), toksoid tężcowy i całokomórkowy inaktywowany lub acelularny krztusiec (dawka nieokreślona) szczepionka pediatryczna",True,
VAC0602,"DTaP - Diphtheria-Tetanus-Pertussis vaccine, standard dose, unspecified","Szczepionka pediatryczna zawierająca toksoid błoniczy (dawka standardowa), toksoid tężcowy i wieloskładnikowy acelularny krztusiec (dawka standardowa)",True,
VAC0603,ComVac3,"Diphtheria toxoid (standard dose), tetanus toxoid and pertussis (whole-cell inactivated) pediatric vaccine",False,VAC0136
VAC0610,"Tdap - Diphtheria-Tetanus-Pertussis vaccine, low dose, unspecified","Szczepionka zawierająca toksoid błoniczy (mała dawka), toksoid tężcowy i wieloskładnikową szczepionkę acelularną przeciwko krztuścowi (mała dawka)",True,
VAC0611,SHAN-5,"Diphtheria toxoid (standard dose), tetanus toxoid, pertussis (whole-cell inactivated), Haemophilus influenzae type b (conjugated to tetanus toxoid) and hepatitis B (recombinant) pediatric vaccine - Other name: DTwP-Hep B-Hib Liquid Vaccine",False,VAC1181
VAC0612,DTP-vax FINLAY,"Diphtheria toxoid (standard dose), tetanus toxoid and whole-cell inactivated pertussis pediatric vaccine",False,VAC0136
VAC0613,BORYUNG DTap VACCINE,"Diphtheria toxoid (standard dose), tetanus toxoid and pertussis (multicomponent acellular, standard dose) pediatric vaccine",False,VAC0602
VAC0614,TDAPBOOSTER AJ VACCINES,"Diphtheria toxoid (low dose), tetanus toxoid and pertussis (multicomponent acellular, low dose) vaccine",False,VAC0610
VAC0615,VACCIN T.P. PASTEUR,Tetanus toxoid and inactivated polio (trivalent) vaccine,False,VAC0380
VAC0620,IXCHIQ,Live attenuated chikungunya vaccine,False,VAC1198
VAC0621,"MenC, unspecified","Meningococcal conjugate Vaccine, serogroup C (conjugated to tetanus toxoid, Produced by the Ezequiel Dias Foundation)",False,VAC1184
VAC0622,EOLARIX,Live attenuated measles and rubella vaccine,False,VAC0550
VAC0623,"Measles-mumps vaccine, unspecified",Żywa atenuowana szczepionka przeciwko odrze i śwince,True,
VAC0624,M-M-Vax,Live attenuated measles and mumps vaccine,False,VAC0623
VAC0625,MORATEN,Live attenuated measles vaccine,False,VAC0114
VAC0626,MoRu Viraten,Live attenuated measles and rubella vaccine,False,VAC0550
VAC0627,MORUMAN,Live attenuated measles vaccine,False,VAC0114
VAC0628,Immravax,"Live attenuated measles, mumps and rubella vaccine",False,VAC0130
VAC0631,MENINVACTKIT,"Meningococcal conjugate vaccine, serogroup C (conjugated to CRM197 Protein)",False,VAC1211
VAC0632,OPVERO,"Polio vaccine (live attenuated, trivalent) against polioviruses 1, 2 and 3, oral",False,VAC0320
VAC0633,ZABDENO,Ebola virus vaccine with live non-replicating recombinant virus vector,False,VAC1205
VAC0634,MVABEA,Ebola virus vaccine with non-replicating viral vector,False,VAC1183
VAC0635,PREFLUCEL,"Trivalent inactivated seasonal influenza vaccine, purified antigens",False,VAC0925
VAC0636,FluMist Quadrivalent,Live attenuated quadrivalent seasonal influenza vaccine,False,VAC1112
VAC0637,IPAD DT,Diphtheria toxoid (standard dose) and tetanus toxoid pediatric vaccine,False,VAC0137
VAC0638,IPAD POLIO,Inactivated polio (trivalent) vaccine,False,VAC0270
VAC0639,ADACEL POLIO,"Diphtheria toxoid (low dose), tetanus toxoid, pertussis (multicomponent acellular, 5 components, low dose) and inactivated polio (trivalent) vaccine, adsorbed",False,VAC0585
VAC0640,TRITANRIX HepB+Hib,"Diphtheria toxoid (standard dose), tetanus toxoid, pertussis (whole-cell inactivated), Haemophilus influenzae type b (conjugated to tetanus toxoid) and hepatitis B (recombinant) pediatric vaccine",False,VAC1181
VAC0641,GLOBORIX,"Diphtheria toxoid (standard dose), tetanus toxoid, pertussis (whole-cell inactivated), Haemophilus influenzae type b (conjugated to tetanus toxoid) and meningococcal pediatric vaccine, serogroup A and C",False,VAC1219
VAC0642,Fluzone High-Dose Quadrivalent,"High-dose, quadrivalent inactivated seasonal influenza vaccine, split-virion",False,VAC1146
VAC0643,"Meningococcal ACWY conjugate vaccine, unspecified","Czterowalentna szczepionka skoniugowana przeciwko meningokokom, przeciwko serogrupom A, C, W i Y",True,
VAC0644,QDENGA,"Live attenuated, chimeric recombinant, quadrivalent vaccine against the four serotypes (1, 2, 3 and 4) of dengue virus
Other names: TAK-003; DENVAX",False,VAC1178
VAC0645,IMMU ORR,"Live attenuated measles, mumps and rubella vaccine",False,VAC0130
VAC0646,CECOLIN,"Human Papillomavirus vaccine, based on VLP (Virus Like Particles), bivalent (types 16 and 18), recombinant (Escherichia coli-expressed)",False,VAC0858
VAC0647,ROTASIIL,Rotavirus vaccine,False,VAC0158
VAC0648,"COVID-19 vaccine, unspecified",Szczepionka COVID-19,True,
VAC0649,EFLUELDA TETRA,"High-dose, quadrivalent inactivated seasonal influenza vaccine, split-virion",False,VAC1146
VAC0650,VAXZEVRIA ASTRAZENECA,"COVID-19 vaccine, non-replicating chimpanzee adenoviral vector ChAdOx1 encoding the SARS-CoV-2 spike protein",False,VAC1170
VAC0651,CORONAVAC SINOVAC COVID-19 VACCINE,"COVID-19 vaccine, whole virion inactivated, adjuvanted (adjuvant: aluminium hydroxide)",False,VAC1119
VAC0652,CONVIDECIA,"COVID-19 vaccine, non-replicating adenovirus 5 vector encoding the SARS-CoV-2 spike protein",False,VAC1176
VAC0653,"Hepatitis A + Hepatitis B vaccine Child, unspecified","Skojarzona szczepionka przeciwko wirusowemu zapaleniu wątroby typu A i B, dawka pediatryczna",True,
VAC0654,"Hepatitis A + Hepatitis B vaccine Adult, unspecified","Skojarzona szczepionka przeciw wirusowemu zapaleniu wątroby typu A i B, dawka dla dorosłych",True,
VAC0655,"Diphtheria vaccine, unspecified",Toksoid błoniczy (dawka nieokreślona),True,
VAC0656,"SPIKEVAX 0,2 mg/mL MODERNA",COVID-19 mRNA vaccine,False,VAC1210
VAC0657,Chinese-WIBP-Vero-Inactivated-Covid,"COVID-19 vaccine, whole virion inactivated (Vero cell culture)",False,VAC1124
VAC0658,COMIRNATY 30 µg BIONTECH-PFIZER,"Covid 19 mRNA vaccine, from age 12, 30 micrograms",False,VAC1150
VAC0659,ZIFIVAX ANHUI COVID-19 VACCINE,"COVID-19 vaccine, protein subunit",False,VAC1138
VAC0660,Chinese-IMB-Inactivated-Covid,"COVID-19 vaccine, whole virion inactivated",False,VAC1124
VAC0661,Inovio-DNA-Covid,COVID-19 plasmid DNA vaccine,False,VAC1128
VAC0662,Osaka-DNA-covid / AG0301-COVID19,COVID-19 plasmid DNA vaccine,False,VAC1128
VAC0663,Cadila-DNA-covid,COVID-19 plasmid DNA vaccine,False,VAC1128
VAC0664,GX-19-DNA-Covid,COVID-19 plasmid DNA vaccine,False,VAC1128
VAC0665,COVAXIN BHARAT BIOTECH COVID-19 VACCINE,"COVID-19 vaccine, whole virion inactivated, adjuvated (adjuvant : TLR 7 and 8 agonist imidazoquinoline molecule adsorbed on aluminium hydroxide). Other names: BBV152, Bharat Inactivated Covid Vaccine",False,VAC1119
VAC0666,JCOVDEN (former name: JANSSEN COVID-19 VACCINE),COVID-19 vaccine with non-replicating viral vector (adenovirus),False,VAC1185
VAC0667,NUVAXOVID,"COVID-19 vaccine, protein subunit, recombinant spike protein nanoparticles, with adjuvant (Matrix M) - Other name: NOVAVAX NVX-CoV2373 COVID-19 Vaccine",False,VAC1129
VAC0668,Kentucky-RBD-Covid,"COVID-19 vaccine, protein subunit",False,VAC1138
VAC0669,Arcturus-RNA-Covid,"COVID-19 vaccine, mRNA encoding the SARS-CoV-2 spike protein, ongoing clinical trial",False,VAC1166
VAC0670,SPOUTNIK V,"COVID-19 vaccine, non-replicating adenoviral vector encoding the SARS-CoV-2 spike protein",False,VAC1143
VAC0671,Clover-Spike-SCB-2019-Covid,"COVID-19 vaccine, protein subunit, recombinant spike protein",False,VAC1113
VAC0672,Vaxine-Spike-Covid,"COVID-19 vaccine, protein subunit, recombinant spike protein, with adjuvant (Advax)",False,VAC1113
VAC0673,Queensland-Spike-MF59-Covid,"COVID-19 vaccine, protein subunit, recombinant spike protein, with adjuvant (MF59)",False,VAC1113
VAC0674,Pasteur-MSD Measles vector Covid,"COVID-19 vaccine, replicating measles virus vector encoding the SARS-CoV-2 spike protein",False,VAC1187
VAC0675,Imperial-College-RNA-Covid,"COVID-19 vaccine, mRNA encoding the SARS-CoV-2 spike protein, ongoing clinical trial",False,VAC1166
VAC0676,Curevac-RNA-Covid,"COVID-19 vaccine, mRNA encoding the SARS-CoV-2 spike protein, ongoing clinical trial",False,VAC1166
VAC0677,Chinese-PLA-ARN-Covid,"COVID-19 vaccine, mRNA encoding the SARS-CoV-2 spike protein, ongoing clinical trial",False,VAC1166
VAC0678,Medicago-VLP-Covid,"COVID-19 vaccine, VLP, recombinant spike protein, with adjuvant",False,VAC1106
VAC0679,MEDIGEN-S-2P-CpH1018-COVID,"COVID-19 vaccine, protein subunit, recombinant spike protein, S-2P and CpG1018",False,VAC1144
VAC0680,COVILO SINOPHARM COVID-19 VACCINE,"COVID-19 vaccine, whole virion inactivated, Vero cell-cultured - Other names : SINOPHARM BBIBP-CorV COVID-19 ; COVID-19 Vaccine BIBP ; Hayat-vax",False,VAC1119
VAC0681,GRAd-COV2 COVID-19 Vaccine ReiThera,"COVID-19 vaccine, non-replicating adenoviral vector encoding the SARS-CoV-2 spike protein",False,VAC1143
VAC0682,FLUQUADRI,Quadrivalent inactivated seasonal influenza vaccine with surface antigens,False,VAC0938
VAC0683,EPIVACCORONA,"COVID-19 vaccine, protein subunit, recombinant spike protein",False,VAC1043
VAC0684,QazVac,"COVID-19 vaccine, whole virion inactivated",False,VAC1124
VAC0685,VIDPREVTYN BETA,"COVID-19 vaccine, protein subunit, recombinant spike protein, with ASO3 adjuvant. Other name: Sanofi-GSK Recombinant COVID-19 Vaccine.",False,VAC1043
VAC0686,MULTI-PEPTIDE-pVAC-COVID,"COVID-19 vaccine, protein subunit, recombinant spike protein, adapted to human major histocompatibility complex II molecules",False,VAC1043
VAC0687,UB-612 COVID-19 Vaccine,"COVID-19 vaccine, protein subunit, recombinant spike protein (based on S1 and S2 subunits of the Spike protein and M and N proteins of SARS-CoV-2)",False,VAC1043
VAC0688,Chinese-Influenza-intranasal-covid,"COVID-19 vaccine, replicating influenza virus vector, recombinant RBD protein, intranasal spray",False,VAC1173
VAC0689,CHINESE-RECOMBINANT-Sf9-COVID,"COVID-19 vaccine, protein subunit, recombinant spike protein, expressed by Baculovirus cultured on Sf9 cells",False,VAC1043
VAC0690,Chinese-Ad5-nCoV-covid,"COVID-19 vaccine, non-replicating adenovirus 5 vector encoding the SARS-CoV-2 spike protein",False,VAC1176
VAC0691,FINLAY-FR-1,"COVID-19 vaccine, protein subunit, recombinant spike protein",False,VAC1043
VAC0692,COVAXX,"COVID-19 vaccine, protein subunit",False,VAC1138
VAC0693,VXA-CoV2-1-Covid,"COVID-19 vaccine, non-replicating adenovirus 5 vector encoding the SARS-CoV-2 spike protein, adjuvanted, oral tableted",False,VAC1176
VAC0694,LMU-MVA-SARS-2-S-Covid,"COVID-19 vaccine, non-replicating modified Vaccinia Virus Ankara vector encoding the SARS-CoV-2 spike protein",False,VAC1189
VAC0695,RBD-HBsAg-VLPs-Covid,"COVID-19 vaccine, VLP, recombinant spike protein. The RBD antigen of SARS-Cov-2 is conjugated to the HBs antigen of hepatitis B virus",False,VAC1106
VAC0696,KCONVAC MINHAI COVID-19 VACCINE,"COVID-19 vaccine, whole virion inactivated (Vero cell culture)",False,VAC1124
VAC0697,V590 (COVID-19 Vaccine),"COVID-19 vaccine, replicating vesicular stomatitis virus vector encoding the SARS-CoV-2 spike protein",False,VAC1190
VAC0698,hAd5-COVID-19,"COVID-19 vaccine, non-replicating adenovirus 5 vector encoding the SARS-CoV-2 S and N protein",False,VAC1176
VAC0699,IIBR's RECOMBINANT VSV-DeltaG-spike VACCINE,"COVID-19 vaccine, replicating vesicular stomatitis virus vector encoding the SARS-CoV-2 spike protein",False,VAC1190
VAC0701,bacTRL-Spike,"COVID-19 plasmid DNA vaccine, encoding the spike protein of SARS-CoV-2 carried by Bifidobacterium longum, oral",False,VAC1128
VAC0702,rRBD produced in CHO-cell chemically conjugate to tetanus toxoid,"COVID-19 vaccine, protein subunit, conjugated to tetanus toxoid",False,VAC1138
VAC0703,Adjuvanted protein subunit (RBD),"COVID-19 vaccine, protein subunit, adjuvanted",False,VAC1138
VAC0705,INFLUSPLIT TETRA,Quadrivalent inactivated seasonal influenza vaccine with surface antigens,False,VAC0938
VAC0706,FLUZONE QUADRIVALENT,Quadrivalent inactivated seasonal influenza vaccine with surface antigens,False,VAC0938
VAC0707,Coronavirus SARS-CoV-2 inactivé,"COVID-19 vaccine, whole virion inactivated (Vero cell culture)",False,VAC1124
VAC0708,CORVax12,"COVID-19 plasmid DNA vaccine, S-protein with or without the IL-12p70 plasmid combination",False,VAC1128
VAC0709,COVI-VAC,"COVID-19 vaccine, live attenuated",False,VAC1202
VAC0710,COVID-19 mRNA Vaccine BNT162b2,"COVID-19 mRNA vaccine, initial trade name, adult dosage 30 micrograms",False,VAC1150
VAC0711,"Typhoid conjugate vaccine, unspecified",Polisacharydowa szczepionka skoniugowana przeciwko durowi brzusznemu,True,
VAC0712,"Typhoid-hepatitis A vaccine, unspecified",Skojarzona szczepionka przeciwko durowi brzusznemu i wirusowemu zapaleniu wątroby typu A,True,
VAC0713,"Typhoid polysaccharide vaccine, unspecified",Polisacharydowa szczepionka przeciwko durowi brzusznemu (antygen kapsulowy Vi),True,
VAC0714,"COVID-19 VACCINE (INACTIVATED, ADJUVANTED) VALNEVA","COVID-19 vaccine, whole virion inactivated, adjuvanted with CpG 10183 ! (cytosine phospho-guanine) a) in combination with aluminium hydroxide - Other name: Valneva VLA2001",False,VAC1119
VAC0715,ERUCOV-VAC,"COVID-19 vaccine, whole virion inactivated",False,VAC1124
VAC0716,SARS-CoV-2-RBD-Fc fusion protein,"COVID-19 vaccine, protein subunit",False,VAC1138
VAC0717,CIGB-669,"COVID-19 vaccine, protein subunit (RBD protein + hepatitis B virus core antigen)",False,VAC1138
VAC0718,CIGB-66,"COVID-19 vaccine, protein subunit (RBD protein + hepatitis B virus core antigen)",False,VAC1138
VAC0719,NANOCOVAX,"COVID-19 vaccine, protein subunit, recombinant spike protein",False,VAC1113
VAC0720,S-268019,"COVID-19 vaccine, protein subunit, recombinant spike protein, expressed by baculovirus",False,VAC1113
VAC0721,AdimrSC-2f,"COVID-19 vaccine, protein subunit, aluminium-adjuvanted and non-aluminium-adjuvanted",False,VAC1138
VAC0722,Covigenix VAX-001,"COVID-19 plasmid DNA vaccine, coding for the nucleocapsid protein",False,VAC1128
VAC0723,GLS-5310,COVID-19 plasmid DNA vaccine,False,VAC1128
VAC0724,ChulaCov19,"COVID-19 vaccine, mRNA encoding the SARS-CoV-2 spike protein, ongoing clinical trial (encapsulated in a lipid nanoparticle)",False,VAC1166
VAC0725,COH04S1,"COVID-19 vaccine, non-replicating modified Vaccinia Virus Ankara vector encoding the SARS-CoV-2 spike protein, containing DNA fragments encoding the spike protein and the nucleocapsid of SARS-CoV-2",False,VAC1189
VAC0726,AdCOVID,"COVID-19 vaccine, non-replicating adenoviral vector encoding the SARS-CoV-2 spike protein",False,VAC1143
VAC0727,AdCLD-CoV19,"COVID-19 vaccine, non-replicating adenovirus 5/35 vector encoding the SARS-CoV-2 spike protein",False,VAC1176
VAC0728,Covid-19/aAPC,COVID-19 vaccine prepared by applying lentivirus modification with immune modulatory genes and the viral minigenes to the artificial antigen presenting cells (aAPCs),False,VAC1186
VAC0729,LV-SMENP-DC vaccine,"COVID-19 vaccine, non-replicating viral vector, with antigen presenting cells. Lentivirus-modified dendritic cells expressing a synthetic minigene based on SARS-CoV-2 viral protein extracts. This vaccine is also administered with recombinant T cells specific for SARS-CoV-2 antigens",False,VAC1142
VAC0730,Dendritic cell AV-COVID-19,"COVID-19 vaccine, autologous dendritic cells loaded with antigens from SARS-CoV-2, with or without GM-CSF",False,VAC1186
VAC0731,DITANRIX,"Diphtheria vaccine (toxoid, reduced dose) and tetanus vaccine (toxoid), adult dose",False,VAC0920
VAC0732,COVAC-1 - COVAC-2,"COVID-19 vaccine, protein subunit, recombinant spike protein, with adjuvant (squalene)",False,VAC1113
VAC0733,HEPLISAV-B,"Recombinant hepatitis B vaccine, adult dose",False,VAC0915
VAC0734,POLIO BOOSTRIX,"Diphtheria toxoid (low dose), tetanus toxoid, pertussis (multicomponent acellular, 5 components, low dose) and inactivated polio (trivalent) vaccine, adsorbed",False,VAC0585
VAC0735,POLIOINFANRIX,"Diphtheria toxoid (standard dose), tetanus toxoid, pertussis (multicomponent acellular, standard dose) and inactivated polio (trivalent) pediatric vaccine",False,VAC0551
VAC0736,TRIAXIS POLIO,"Diphtheria toxoid (low dose), tetanus toxoid, pertussis (multicomponent acellular, 5 components, low dose) and inactivated polio (trivalent) vaccine, adsorbed",False,VAC0585
VAC0737,GBP510,"COVID-19 vaccine, protein subunit, recombinant spike protein, with adjuvant (AS03)",False,VAC1113
VAC0739,RAZI Cov Pars,"COVID-19 vaccine, protein subunit, recombinant spike protein, with adjuvant unspecidfied",False,VAC1113
VAC0740,PTX-COVID19-B,"COVID-19 vaccine, mRNA encoding the SARS-CoV-2 spike protein, ongoing clinical trial",False,VAC1166
VAC0741,COVID-eVax,"COVID-19 plasmid DNA vaccine, encoding the Spike protein of SARS-CoV-2",False,VAC1128
VAC0742,COVIGEN,COVID-19 plasmid DNA vaccine,False,VAC1128
VAC0743,BBV154,"COVID-19 vaccine, non-replicating adenoviral vector encoding the SARS-CoV-2 spike protein",False,VAC1143
VAC0744,COVID-19 inactivated vaccine,"COVID-19 vaccine, whole virion inactivated",False,VAC1124
VAC0745,MF59 adjuvanted SARS-CoV-2 Sclamp vaccine,"COVID-19 vaccine, protein subunit, recombinant spike protein, with adjuvant (squalene)",False,VAC1113
VAC0752,COVISHIELD,"COVID-19 vaccine, non-replicating chimpanzee adenoviral vector ChAdOx1 encoding the SARS-CoV-2 spike protein",False,VAC1170
VAC0753,Inactivated SARS-CoV-2 vaccine FAKHRAVAC (MIVAC),"COVID-19 vaccine, whole virion inactivated",False,VAC1124
VAC0754,Inactivated Koçak-19 Inaktif Adjuvant COVID-19 Vaccine,"COVID-19 vaccine, whole virion inactivated, adjuvanted (adjuvant unspecified)",False,VAC1124
VAC0755,Adjuvanted inactivated vaccine against SARS-CoV-2,"COVID-19 vaccine, whole virion inactivated, adjuvanted (adjuvant : aluminium hydroxide + TLR9 agonist (CpG ODN)",False,VAC1124
VAC0756,MV-014-212,"COVID-19 vaccine, live attenuated, expressing the SARS-CoV-2 spike protein",False,VAC1202
VAC0757,NBP 2001,"COVID-19 vaccine, protein subunit, recombinant spike protein, with adjuvant (aluminum hydroxide)",False,VAC1113
VAC0758,SpFN COVID 19 vaccine + AFLQ,"COVID-19 vaccine, protein subunit, recombinant spike protein, with adjuvant (AFKQ: liposomal containing saponin QS21)",False,VAC1113
VAC0759,EuCorVac-19,"COVID-19 vaccine, protein subunit, recombinant spike protein, with adjuvant unspecified",False,VAC1113
VAC0760,ReCOV,"COVID-19 vaccine, protein subunit, recombinant spike protein, with adjuvant unspecified",False,VAC1535
VAC0761,V-01,"COVID-19 vaccine, protein subunit, recombinant spike protein, fusion protein",False,VAC1113
VAC0762,CoV2 SAM (LNP) vaccine,"COVID-19 vaccine, self-amplifying mRNA (SAM) lipid nanoparticle (LNP) encoding the SARS-CoV-2 spike protein, ongoing clinical trial",False,VAC1206
VAC0763,mRNA-1273.351,"COVID-19 vaccine, mRNA encoding the SARS-CoV-2 variant B.1.351 spike protein, ongoing clinical trial (encapsulated in a lipid nanoparticle)",False,VAC1166
VAC0764,MRT5500,"COVID-19 vaccine, mRNA encoding the SARS-CoV-2 spike protein, ongoing clinical trial",False,VAC1166
VAC0765,DS-5670a,"COVID-19 vaccine, mRNA encoding the SARS-CoV-2 spike protein, ongoing clinical trial",False,VAC1166
VAC0766,HDT-301,"COVID-19 vaccine, mRNA encoding the SARS-CoV-2 spike protein, ongoing clinical trial (encapsulated in a lipid nanoparticle)",False,VAC1166
VAC0767,ChAdV68 SAM-LNP rS-TCE GRITSTONE ONCOLOGY COVID-19 VACCINE,"COVID-19 vaccine with chimpanzee adenovirus and self-amplifying mRNA: 1. A non-replicating viral vector, chimpanzee adenovirus, serotype 68 (ChAdV68), encoding the spike protein of SARS-CoV-2 (ChAdV68-S) and/or spike protein plus additional SARS-CoV-2 epitopes recognized by T cells (ChAdV68-S-TCE) and 2. A self-amplifying mRNA (SAM) in lipid nanoparticles (SAM-LNP) encoding SARS-CoV-2 spike protein (SAM-S) and/or spike protein plus additional SARS-CoV-2 epitopes recognized by T cells (SAM-S-TCE), SAM vector based on Venezuelan equine encephalitis virus (VEEV)",False,VAC1197
VAC0768,COVIVAC,"COVID-19 vaccine, non-replicating Newcastle disease virus vector encoding the SARS-CoV-2 spike protein, with or without CpG 1018 adjuvant",False,VAC1139
VAC0769,SC-Ad6-1,"COVID-19 vaccine, non-replicating adenoviral 6 vector encoding the SARS-CoV-2 spike protein",False,VAC1143
VAC0770,NDV-HXP-S,"COVID-19 vaccine, replicating Newcastle disease virus vector encoding the SARS-CoV-2 spike protein, with or without CpG 1018 adjuvant",False,VAC1207
VAC0771,VBI-2902a,"COVID-19 vaccine, VLP, recombinant spike protein, with adjuvant (aluminum phosphate)",False,VAC1106
VAC0772,SARS-CoV-2 VLP Vaccine,"COVID-19 vaccine, VLP, recombinant spike protein, expressed protein of SARS-CoV-2 unspecified, with adjuvants (aluminium of unspecified type + CpGODN-K3, a TLR9 agonist)",False,VAC1106
VAC0773,ABNCoV2,"COVID-19 vaccine, VLP, recombinant spike protein, with or without adjuvant MF56 (squalene)",False,VAC1106
VAC0774,"FSME-IMMUN 0,25 mL","Tick-borne encephalitis vaccine, whole-virus inactivated, pediatric dose",False,VAC1037
VAC0775,"DTwPHib, unspecified","Toksoid błoniczy (dawka standardowa), toksoid tężcowy, całokomórkowy inaktywowany krztusiec i haemophilus influenzae typu b (skoniugowana nieokreślona) szczepionka pediatryczna",True,
VAC0776,TETRABIK,"Diphtheria toxoid (standard dose), tetanus toxoid, pertussis (multicomponent acellular, standard dose) and inactivated polio (trivalent) pediatric vaccine",False,VAC0551
VAC0777,ADJUPANRIX,"Influenza A(H5N1) vaccine (fragmented virion, inactivated, adjuvanted)",False,VAC0084
VAC0778,VAXCHORA,Live attenuated cholera vaccine (attenuated V. cholerae strain CVD 103-HgR produced by recombinant DNA technology),False,VAC0806
VAC0779,BATREVAC,"Trivalent inactivated seasonal influenza vaccine, surface antigen",False,VAC0925
VAC0780,VAXNEUVANCE,"Pneumococcal polysaccharide conjugate vaccine, 15-valent, adsorbed, serotypes 1, 3, 4, 5, 6A, 6B, 7F, 9V, 14, 18C, 19A, 19F, 22F, 23F and 33F",False,VAC1239
VAC0781,RABIVAC,"Whole virion inactivated rabies vaccine, Flury LEP strain, purified chick embryo cell vaccine (PCECV), inactivated with ß-propiolactone",False,VAC0942
VAC0782,RASILVAX,"Whole virion inactivated rabies vaccine, Flury LEP strain, purified chick embryo cell vaccine (PCECV), inactivated with ß-propiolactone",False,VAC0942
VAC0783,R-COVI,"COVID-19 vaccine, non-replicating chimpanzee adenoviral vector ChAdOx1 encoding the SARS-CoV-2 spike protein",False,VAC1170
VAC0784,PERTAGEN,"Pertussis (multicomponent acellular, low dose) vaccine",False,VAC1232
VAC0785,BOOSTAGEN,"Diphtheria toxoid (low dose), tetanus toxoid and pertussis (multicomponent acellular, low dose) vaccine",False,VAC0610
VAC0786,PREVNAR 20,"Pneumococcal polysaccharide conjugate vaccine, 20-valent, adsorbed, serotypes 1, 3, 4, 5, 6A, 6B, 7F, 8, 9V, 10A, 11A, 12F, 14, 15B, 18C, 19A, 19F, 22F, 23F and 33F",False,VAC1163
VAC0787,"Diphtheria-Tetanus-Rubella, unspecified","Toksoid błoniczy (dawka nieokreślona), toksoid tężcowy i szczepionka przeciw różyczce (żywa atenuowana)",True,
VAC0788,"Hib-IPV, unspecified","Haemophilus influenzae typu b (skoniugowana, nieokreślona) i inaktywowana szczepionka przeciwko polio (trójwartościowa)",True,
VAC0789,COMVAC4,"Diphtheria toxoid (standard dose), tetanus toxoid, pertussis (whole-cell inactivated) and hepatitis B (recombinant) pediatric vaccine",False,VAC1208
VAC0790,"Diphtheria-Tetanus-Hepatitis B vaccine, unspecified","Toksydy błonicze (dawka nieokreślona), toksoid tężcowy i szczepionka przeciw wirusowemu zapaleniu wątroby typu B (rekombinowana)",True,
VAC0791,"Hexavalent Diphtheria-Tetanus-Pertussis-Polio-Hepatitis B-Hib vaccine, unspecified","Toksoid błoniczy (dawka standardowa), toksoid tężcowy, krztusiec (nieokreślony), Haemophilus influenzae typu b (skoniugowany, nieokreślony), inaktywowana szczepionka przeciw polio (trójwartościowa) i szczepionka przeciw wirusowemu zapaleniu wątroby typu B (rekombinowana) dla dzieci",True,
VAC0792,"Diphtheria-Tetanus-Pertussis-Polio-Hepatitis B pentavalent vaccine, unspecified","Toksoid błoniczy (dawka nieokreślona), toksoid tężcowy, acelularny lub całokomórkowy inaktywowany krztusiec (dawka nieokreślona), inaktywowana szczepionka przeciwko polio (trójwalentna) oraz szczepionka przeciwko wirusowemu zapaleniu wątroby typu B (rekombinowana)",True,
VAC0793,"Diph-T, unspecified",Diphtheria toxoid (low dose) and tetanus toxoid vaccine,False,VAC0920
VAC0794,"T-igT, unspecified",Szczepionka zawierająca toksoid tężcowy w połączeniu z immunoglobuliną tężcową,True,
VAC0795,"Acellular pertussis vaccine, unspecified","Acelularna szczepionka przeciw krztuścowi, dawka nieokreślona",True,
VAC0796,"Pertussis vaccine, unspecified",Szczepionka przeciwko krztuścowi (acelularna lub inaktywowana całokomórkowa),True,
VAC0797,"Diph-T-aP/ap, unspecified","Szczepionka zawierająca toksoid błoniczy (dawka nieokreślona), toksoid tężcowy i acelularny krztusiec (dawka nieokreślona)",True,
VAC0798,"Hib-MeningoC vaccine, unspecified",Haemophilus influenzae typu b i szczepionka skoniugowana przeciwko meningokokom typu C,True,
VAC0799,"DT-Hib vaccine, unspecified","Toksoid błoniczy (dawka standardowa), toksoid tężcowy i szczepionka pediatryczna przeciwko Haemophilus influenzae typu b (skoniugowana, nieokreślona)",True,
VAC0800,"Diphtheria-tetanus-pertussis-Hib vaccine, unspecified","Szczepionka pediatryczna przeciwko błonicy (dawka standardowa), toksoidowi tężcowemu, krztuścowi (acelularna dawka standardowa lub całkowicie inaktywowana) i Haemophilus influenzae typu b (skoniugowana, nieokreślona)",True,
VAC0801,"HepB-Hib, unspecified",Szczepionka przeciwko Haemophilus influenzae typu b i wirusowemu zapaleniu wątroby typu B,True,
VAC0802,"Monovalent oral polio vaccine - type unknown, unspecified","Szczepionka przeciwko polio (żywa, atenuowana, monowalentna), doustna",True,
VAC0803,Polio Sabin One and Three GSK,"Polio vaccine (live attenuated, bivalent) against poliovirus types 1 and 3, oral",False,VAC0600
VAC0804,"Anthrax vaccine, unspecified",Szczepionka przeciwko wąglikowi,True,
VAC0805,"Whole-cell inactivated cholera vaccine, unspecified","Inaktywowana, pełnokomórkowa szczepionka przeciwko cholerze do wstrzykiwań",True,
VAC0806,"Live attenuated cholera vaccine, unspecified",Żywa atenuowana szczepionka przeciwko cholerze,True,
VAC0807,"Cholera-Typhoid inactivated vaccine, unspecified","Inaktywowana, całokomórkowa szczepionka przeciwko cholerze w połączeniu z inaktywowaną, całokomórkową szczepionką przeciwko durowi brzusznemu, do wstrzykiwań",True,
VAC0808,"Hib-MenCY, unspecified",Haemophilus influenzae typu b oraz szczepionka skoniugowana przeciwko meningokokom C i Y,True,
VAC0809,"Meningococcal monovalent polysaccharide vaccine, unspecified","Monowalentna szczepionka meningokokowa, skoniugowana lub nieskoniugowana polisacharydowa",True,
VAC0810,"Meningococcal polyvalent polysaccharide vaccine, unspecified","Poliwalentna, nieskoniugowana szczepionka polisacharydowa przeciwko meningokokom",True,
VAC0811,"Meningococcal B vaccine, unspecified","Szczepionka meningokokowa typu B, rodzaj szczepionki nieokreślony",True,
VAC0812,"Inactivated whole plague vaccine, unspecified",Szczepionka przeciwko dżumie - cała inaktywowana,True,
VAC0813,"Pneumococcal unconjugated polysaccharide vaccine, unspecified","Nieskonjugowana polisacharydowa szczepionka przeciw pneumokokom, serotypy nieokreślone",True,
VAC0814,"Pneumococcal conjugate vaccine, serotypes unspecified","Szczepionka pneumokokowa polisacharydowa skoniugowana, liczba serotypów nieokreślona",True,
VAC0815,"Pneumo-Hib, unspecified","Szczepionka przeciwko Haemophilus influenzae typu b i pneumokokom - skoniugowana, nieokreślona",True,
VAC0816,PEDATYPH,"Typhoid conjugate vaccine, Vi polysaccharide linked to tetanus toxoid",False,VAC0711
VAC0817,"Inactivated Typhoid vaccine, unspecified",Inaktywowana szczepionka przeciw durowi brzusznemu w całości,True,
VAC0818,"Typhoid-Paratyphoid vaccine, unspecified","Szczepionka przeciwko durowi brzusznemu i paratyfusowi, cała inaktywowana",True,
VAC0819,"Inactivated Japanese Encephalitis vaccine, unspecified",Inaktywowana w całości szczepionka przeciwko japońskiemu zapaleniu mózgu,True,
VAC0820,"Inactivated whole influenza vaccine, unspecified",Inaktywowana w całości szczepionka przeciwko grypie sezonowej,True,
VAC0821,"Inactivated influenza vaccine, split or subunit, unspecified",Inaktywowana szczepionka przeciwko grypie sezonowej,True,
VAC0822,"Influenza vaccine, live attenuated, unspecified","Szczepionka przeciwko grypie sezonowej, żywa, atenuowana",True,
VAC0823,"VLP influenza vaccine, unspecified",Szczepionka przeciwko grypie sezonowej zawierająca cząsteczki wirusopodobne (VLP),True,
VAC0824,"Hepatitis A virosome vaccine, unspecified","Inaktywowana szczepionka przeciwko wirusowemu zapaleniu wątroby typu A, wirusowa, dziecięca lub dla dorosłych",True,
VAC0825,"Combined hepatitis A and hepatitis B vaccine, unspecified",Skojarzona szczepionka przeciwko wirusowemu zapaleniu wątroby typu A i B,True,
VAC0826,MEASLES AND RUBELLA VACCINE SII,Live attenuated measles and rubella vaccine,False,VAC0550
VAC0827,"MMRV - Measles-Mumps-Rubella-Varicella vaccine, unspecified","Żywa atenuowana szczepionka przeciwko odrze, śwince, różyczce i ospie wietrznej",True,
VAC0828,"Rotavirus pentavalent vaccine, unspecified","Żywa atenuowana pięciowartościowa szczepionka przeciwko rotawirusom, doustna",True,
VAC0829,"Rubella-Mumps vaccine, unspecified",Żywa atenuowana szczepionka przeciwko różyczce i śwince,True,
VAC0830,"Subunit shingles vaccine, unspecified",Podjednostkowa szczepionka przeciwko półpaścowi (obecnie odpowiada glikoproteinie E),True,
VAC0831,"Ebola vaccine, unspecified",Szczepionka przeciwko wirusowi Ebola,True,
VAC0832,"Herpes Simplex vaccine, unspecified",Inaktywowana szczepionka przeciwko herpes simplex,True,
VAC0833,COMIRNATY 10 µg  BIONTECH-PFIZER,"Covid 19 mRNA vaccine, 10 micrograms, paediatric dose 5-11 years",False,VAC0927
VAC0835,FIOCRUZ COVID-19 VACCINE,"COVID-19 vaccine, non-replicating chimpanzee adenoviral vector ChAdOx1 encoding the SARS-CoV-2 spike protein",False,VAC1170
VAC0836,FLUAD TETRA,Quadrivalent inactivated seasonal influenza vaccine with surface antigens,False,VAC0938
VAC0837,COVOVAX SII,"COVID-19 vaccine, protein subunit, recombinant spike protein nanoparticles, with adjuvant (Matrix M) - Other name: NOVAVAX NVX-CoV2373 COVID-19 Vaccine",False,VAC1129
VAC0838,COVOVAX NOVAVAX,"COVID-19 vaccine, protein subunit, recombinant spike protein nanoparticles, with adjuvant (Matrix M) - Other name: NOVAVAX NVX-CoV2373 COVID-19 Vaccine",False,VAC1129
VAC0839,"Inactivated whole-cell brucella vaccine, unspecified","Inaktywowana, pełnokomórkowa szczepionka przeciwko brucelozie",True,
VAC0840,ADDIGRIP,"Trivalent inactivated seasonal influenza vaccine, surface antigen",False,VAC0925
VAC0841,"INFLUVAC 0,25 mL","Trivalent inactivated seasonal influenza vaccine, surface antigen, paediatric dose",False,VAC0925
VAC0842,NEORABIS,"Whole virion inactivated rabies vaccine, Wistar virus strain PM1503-3M, cultured on Vero cells",False,VAC1116
VAC0843,NOVIRAB,"Whole virion inactivated rabies vaccine, WISTAR PM/WI 38-1503-3M strain, cultured on Vero cells, inactivated with ß-propiolactone",False,VAC1116
VAC0844,VERORABVAX,"Whole virion inactivated rabies vaccine, WISTAR PM/WI 38-1503-3M strain, cultured on Vero cells, inactivated with ß-propiolactone",False,VAC1116
VAC0845,ORAL POLIO VACCINE PRODUCED ON VERO MERIEUX CELLS,"Inactivated polio (trivalent) vaccine, oral",False,VAC1212
VAC0846,VACCIN POLIOMYELITIQUE ORAL BIVALENT TYPES 1 et 3,"Polio vaccine (live attenuated, bivalent) against poliovirus types 1 and 3, oral",False,VAC0600
VAC0847,VACCIN PNEUMOCOCCIQUE SARBACH,"Unconjugated pneumococcal polysaccharide vaccine, 15-valent, serotypes 1, 2, 3, 4, 6B, 7F, 8, 9N, 11A, 12F, 14, 15F, 18C, 19F, and 23F",False,VAC1234
VAC0848,VACCIN BCG INSTITUT MERIEUX,Tuberculosis vaccine,False,VAC0134
VAC0849,"Szczepionka na tularemię, nieokreślona",Szczepionka przeciwko tularemii,True,
VAC0850,NEISVAC-C,"Meningococcal conjugate vaccine, serogroup C (conjugated to tetanus toxoid)",False,VAC1184
VAC0851,POLIO SABIN MONO TWO (ORAL) GSK,"Polio vaccine (live attenuated, monovalent) against polioviruses type 2, oral",False,VAC0852
VAC0852,"mOPV2 Sabin, monowalentna doustna szczepionka przeciw polio typu 2, nieokreślona","Szczepionka przeciwko polio (żywa, atenuowana, monowalentna) przeciwko polio wirusom typu 2, doustna",True,
VAC0853,"mOPV1 Sabin, monowalentna doustna szczepionka przeciw polio typu 1, nieokreślona","Szczepionka przeciwko polio (żywa, atenuowana, monowalentna) przeciwko poliovirusowi typu 1, doustna",True,
VAC0854,"mOPV3 Sabin, monowalentna doustna szczepionka przeciw polio typu 3, nieokreślona","Szczepionka przeciwko polio (żywa, atenuowana, jednowalentna) przeciwko poliovirusowi typu 3, doustna",True,
VAC0855,"Szczepionka przeciw błonicy, tężcowi i polio, nieokreślona","Toksoid błoniczy (dawka nieokreślona), toksoid tężcowy i inaktywowana szczepionka przeciwko polio (trójwalentna), adsorbowana",True,
VAC0856,"Szczepionka DTaPHib, nieokreślona","Szczepionka pediatryczna zawierająca toksoid błoniczy (dawka standardowa), toksoid tężcowy i wieloskładnikowy acelularny krztusiec (dawka standardowa) oraz Haemophilus influenzae typu b (skoniugowana, nieokreślona)",True,
VAC0857,"Szczepionka przeciw błonicy, tężcowi, krztuścowi i wirusowemu zapaleniu wątroby typu B, nieokreślona","Szczepionka pediatryczna zawierająca toksoid błoniczy (dawka standardowa), toksoid tężcowy, krztusiec (acelularny w dawce standardowej lub w całości inaktywowany) i wirusowe zapalenie wątroby typu B (rekombinowane)",True,
VAC0858,"Szczepionka przeciw HPV dwuwalentna, nieokreślona","Dwuwalentna rekombinowana szczepionka przeciwko wirusowi brodawczaka ludzkiego, typ 16 i 18",True,
VAC0859,"Szczepionka przeciwko HPV czterowalentna, nieokreślona","Poczwórna rekombinowana szczepionka przeciwko wirusowi brodawczaka ludzkiego, typy 6, 11, 16 i 18",True,
VAC0860,"Szczepionka przeciwko HPV nieważna, nieokreślona","Niewalentna rekombinowana szczepionka przeciwko wirusowi brodawczaka ludzkiego, typy 6, 11, 16, 18, 31, 33, 45, 52 i 58",True,
VAC0861,"Wieloskładnikowa szczepionka przeciw meningokokom typu B, nieokreślona",Szczepionka przeciwko meningokokom serogrupy B (wieloskładnikowa - wiele białek),True,
VAC0862,"Immunoglobulina odry, nieokreślona",Immunoglobulina przeciwko gorączce,True,
VAC0863,"Immunoglobulina przeciw wirusowi zapalenia wątroby typu B, nieokreślona",Immunoglobulina przeciw wirusowemu zapaleniu wątroby typu B,True,
VAC0864,"Immunoglobulina przeciwko ospie wietrznej i półpaścu, nieokreślona",Immunoglobulina przeciwko Varicella-Zoster,True,
VAC0865,"Szczepionka polisacharydowa przeciwko meningokokom typu A, nieokreślona","Nieskoniugowana polisacharydowa szczepionka przeciw meningokokom, serogrupa A",True,
VAC0866,"Szczepionka skoniugowana przeciwko meningokokom A, nieokreślona",Polisacharydowa szczepionka skoniugowana przeciwko meningokokom typu A,True,
VAC0867,"Antytoksyna błonicza, nieokreślona",Antytoksyna błonicza,True,
VAC0868,MENPOVAX A,"Unconjugated meningococcal polysaccharide vaccine, serogroup A",False,VAC0865
VAC0869,MENPOVAX C,"Unconjugated meningococcal polysaccharide vaccine, serogroup C",False,VAC1110
VAC0870,TYPBAR,"Typhoid conjugate vaccine, Vi polysaccharide linked to tetanus toxoid protein",False,VAC0711
VAC0871,SUPEMTEK TETRA,"Quadrivalent inactivated seasonal influenza vaccine, cell-based",False,VAC1200
VAC0872,INFLUPOZZI SUBUNITA,"Trivalent inactivated seasonal influenza vaccine, egg-based, surface antigen",False,VAC0925
VAC0873,INFLUPOZZI ADIUVATO,"Trivalent inactivated seasonal influenza vaccine, egg-based, surface antigen, adjuvanted with MF59C.1",False,VAC0925
VAC0874,INNOFLU,"Trivalent inactivated seasonal influenza vaccine, egg-based, surface antigen, adjuvanted with MF59C.2",False,VAC0925
VAC0875,PANDEMIC INFLUENZA VACCINE H5N1 ASTRAZENECA,"Pre-pandemic influenza A(H5N1) vaccine, live attenuated, nasal",False,VAC0084
VAC0876,CINQUERIX,"Diphtheria toxoid (standard dose), tetanus toxoid, pertussis (multicomponent acellular, standard dose), Haemophilus influenzae type b (conjugated to tetanus toxoid) and inactivated polio (trivalent) pediatric vaccine, adsorbed",False,VAC1115
VAC0877,INFANRIX HEPB,"Diphtheria toxoid (standard dose), tetanus toxoid, pertussis (multicomponent acellular, standard dose) and hepatitis B pediatric vaccine, adsorbed",False,VAC1216
VAC0878,TRITANRIX,"Diphtheria toxoid (standard dose), tetanus toxoid and pertussis (whole-cell inactivated) pediatric vaccine",False,VAC0136
VAC0879,ACELLUVAX,"Pertussis (multicomponent acelullar, 3 components, standard dose) vaccine",False,VAC1167
VAC0880,"Pentawalentna szczepionka przeciwko błonicy, tężcowi, krztuścowi, Hib-Polio (DTPerHibIPV), nieokreślona","Toksoid błoniczy (dawka standardowa), toksoid tężcowy, krztusiec (nieokreślony), skoniugowana szczepionka przeciwko Haemophilus influenzae typu b (skoniugowana, nieokreślona) oraz inaktywowana szczepionka przeciwko polio (trójwalentna) pediatryczna, adsorbowana",True,
VAC0881,"Żywa, atenuowana szczepionka przeciwko japońskiemu zapaleniu mózgu, nieokreślona","Żywa atenuowana szczepionka przeciwko japońskiemu zapaleniu mózgu, szczep i platforma produkcyjna nieokreślone",True,
VAC0882,CANDID 1,"Live attenuated Argentine hemorrhagic fever vaccine, Junin virus",False,VAC1134
VAC0883,ENTEROVACCINO TIFICO SCLAVO,"Whole-cell inactivated typhoid vaccine, oral",False,VAC0817
VAC0884,DIF-PER-TET-ALL CHIRON,"Diphtheria toxoid (standard dose), tetanus toxoid and pertussis (multicomponent acellular, 3 components, standard dose) pediatric vaccine, adsorbed",False,VAC0602
VAC0885,INFLUPOZZI ZONALE,"Trivalent inactivated seasonal influenza vaccine, egg-based, surface antigen",False,VAC0925
VAC0886,MONO OPV1,"Polio vaccine (live attenuated, monovalent) against poliovirus types 1, oral",False,VAC0853
VAC0887,POLIORAL,"Polio vaccine (live attenuated, trivalent) against polioviruses 1, 2 and 3, oral",False,VAC0320
VAC0888,QUATTVAXEM,"Diphtheria toxoid (standard dose), tetanus toxoid, pertussis (whole-cell inactivated), Haemophilus influenzae type b (conjugated to diphtheria toxoid) and hepatitis B (recombinant) pediatric vaccine",False,VAC1192
VAC0889,MONO OPV3,"Polio vaccine (live attenuated, monovalent) against poliovirus type 3, oral",False,VAC0854
VAC0890,NEOTYF,"Live attenuated typhoid vaccine, Salmonella Typhi Strain Ty21A, oral",False,VAC0424
VAC0891,PNEUMOPUR,"Unconjugated pneumococcal polysaccharide vaccine, 23-valent, serotypes 1, 2, 3, 4, 5, 6B, 7F, 8, 9N, 9V, 10A, 11A, 12F, 14, 15B, 17F, 18C, 19F, 19A, 20, 22F, 23F and 33F",False,VAC0339
VAC0892,POLIOVAX-IN,Inactivated polio (trivalent) vaccine,False,VAC0270
VAC0893,VACCINO ANTICOLERICO SCLAVO,"Cholera vaccine, unspecified",False,VAC0144
VAC0894,"Adenovirus vaccine, unspecified","Szczepionka adenowirusowa, nieokreślony typ",True,
VAC0895,"Wenezuelska szczepionka przeciwko zapaleniu mózgu koni, nieokreślona",Szczepionka przeciwko wenezuelskiemu zapaleniu mózgu koni,True,
VAC0896,"Szczepionka na gorączkę Q, nieokreślona",Szczepionka przeciwko gorączce Q,True,
VAC0897,"Szczepionka hantawirusowa, nieokreślona",Szczepionka przeciwko hantawirusowi,True,
VAC0898,"Szczepionka na leiszmaniozę, nieokreślona",Szczepionka przeciwko leiszmaniozie,True,
VAC0899,"Szczepionka przeciwko ludzkiemu wirusowi paragrypy, nieokreślona",Szczepionka przeciwko ludzkiemu wirusowi parainfluenzy,True,
VAC0900,PREVENAR 20 (previously APEXXNAR),"Pneumococcal polysaccharide conjugate vaccine, 20-valent, adsorbed, serotypes 1, 3, 4, 5, 6A, 6B, 7F, 8, 9V, 10A, 11A, 12F, 14, 15B, 18C, 19A, 19F, 22F, 23F and 33F - Other name : Prevnar 20 in the USA",False,VAC1163
VAC0901,MENCEVAX ACW,"Unconjugated meningococcal polysaccharide vaccine, serogroups A, C and W",False,VAC1109
VAC0902,"RSzczepionka przeciwko wściekliźnie typu Semple, nieokreślona","Inaktywowana szczepionka przeciwko wściekliźnie, zawierająca cały wirion, przygotowana z koziej lub owczej tkanki mózgowej zakażonej wirusem wścieklizny, zawierająca mielinę",True,
VAC0903,"Szczepionka przeciwko wściekliźnie typu Fuenzalida, nieokreślona","Inaktywowana w całości szczepionka przeciwko wściekliźnie, przygotowana z tkanki mózgowej myszy zakażonej wirusem wścieklizny, o zmniejszonej zawartości mieliny",True,
VAC0904,"Szczepionka przeciwko wściekliźnie zarodków kaczych, nieokreślona","Inaktywowana w całości szczepionka przeciwko wściekliźnie, oczyszczona szczepionka z zarodków kaczek (PDEV), inaktywowana ß-propiolaktonem",True,
VAC0905,"Szczepionka przeciwko wściekliźnie PHKCV, nieokreślona","Inaktywowana szczepionka zawierająca całe wirusy wścieklizny, oparta na kulturach komórkowych, szczep z pierwotnych komórek nerkowych chomika (PHKCV), szczep pekiński, inaktywacja formaliną",True,
VAC0906,"Szczepionka na półpasiec, nieokreślona",Szczepionka przeciwgrzybicza,True,
VAC0907,"Szczepionka przeciwko adenowirusowi typu 4, nieokreślona",Szczepionka przeciwko adenowirusowi typu 4,True,
VAC0908,"Szczepionka przeciwko adenowirusowi typu 7, nieokreślona",Szczepionka przeciwko adenowirusowi typu 7,True,
VAC0909,Antytoksyna botulinowa,Antytoksyna przeciwko botulizmowi,True,
VAC0910,"Inaktywowana szczepionka przeciwko wirusowemu zapaleniu wątroby typu A, dawka dla dorosłych, nieokreślona","Inaktywowana szczepionka przeciwko wirusowemu zapaleniu wątroby typu A, dawka dla dorosłych",True,
VAC0911,"Wirusowe zapalenie wątroby Szczepionka cała inaktywowana, jednoważna, dawka pediatryczna, nieokreślona","Inaktywowana szczepionka zawierająca całe wirusy, monowalentna, dawka pediatryczna",True,
VAC0912,"Szczepionka przeciwko wirusowemu zapaleniu wątroby typu A, dawka pediatryczna, nieokreślona","Inaktywowana szczepionka przeciwko wirusowemu zapaleniu wątroby typu A, dawka pediatryczna, postać nieokreślona (monowalentna lub dwuwartościowa z wirusowym zapaleniem wątroby typu B)",True,
VAC0913,BIMERVAX,"COVID-19 vaccine, protein subunit, recombinant spike protein, RBD fusion heterodimer, adjuvanted",False,VAC1138
VAC0914,"Szczepionka przeciwko wirusowemu zapaleniu wątroby typu B, monowalentna, dawka pediatryczna, nieokreślona","Rekombinowana szczepionka przeciw wirusowemu zapaleniu wątroby typu B, monowalentna, dawka pediatryczna",True,
VAC0915,"Szczepionka przeciwko wirusowemu zapaleniu wątroby typu B, monowalentna, dawka dla dorosłych, nieokreślona","Rekombinowana szczepionka przeciw wirusowemu zapaleniu wątroby typu B, monowalentna, dawka dla dorosłych",True,
VAC0916,"Szczepionka przeciwko wirusowemu zapaleniu wątroby typu B, monowalentna, dawka dla pacjentów dializowanych, nieokreślona","Rekombinowana szczepionka przeciwko wirusowemu zapaleniu wątroby typu B, monowalentna, dawkowana dla pacjentów dializowanych",True,
VAC0917,"Szczepionka przeciwko wirusowemu zapaleniu wątroby typu E, nieokreślona",Rekombinowana szczepionka peptydowa przeciwko wirusowemu zapaleniu wątroby typu E,True,
VAC0918,"Szczepionka PRP-D Hib, nieokreślona",Szczepionka skoniugowana przeciwko Hemophilus influenzae typu b składająca się z PRP (fosforan polirybozylobitolu) skoniugowanego z toksoidem błoniczym,True,
VAC0919,"Szczepionka Hib hbOC, nieokreślona","Szczepionka Haemophilus influenzae typu b, oligozydy otoczkowe (fosforan polirybozylobitolu, PRP) sprzężone ze zmutowaną toksyną błoniczą CRM197",True,
VAC0920,"Szczepionka przeciw błonicy i tężcowi Td, nieokreślona","Szczepionka przeciwko błonicy (toksoid, dawka zmniejszona) i tężcowi (toksoid)",True,
VAC0921,"Szczepionka przeciwko japońskiemu zapaleniu mózgu, nieokreślona",Szczepionka przeciwko japońskiemu zapaleniu mózgu,True,
VAC0922,"Żywa, atenuowana szczepionka adenowirusowa typu 4 i typu 7, doustna",Szczepionka przeciwko adenowirusowi typu 7 i 4,True,
VAC0923,"Przeciwciało monoklonalne przeciwko wirusowi syncytialnemu układu oddechowego, nieokreślone",Przeciwciało monoklonalne przeciwko RSV,True,
VAC0924,FLUZONE INTRADERMAL,"Trivalent inactivated seasonal influenza vaccine, high dose, intradermal",False,VAC1249
VAC0925,"Trójwalentna inaktywowana szczepionka przeciw grypie, nieokreślona","Trójwartościowa inaktywowana szczepionka przeciwko grypie sezonowej, podzielona lub podjednostkowa, dawka standardowa",True,
VAC0926,FLUCELVAX,"Trivalent inactivated seasonal influenza vaccine, produced in cell culture",False,VAC1175
VAC0927,"Szczepionka mRNA przeciwko COVID-19, dawka pediatryczna, nieokreślona","Szczepionka COVID-19 mRNA, dawka pediatryczna",True,
VAC0928,"Żywa, atenuowana szczepionka przeciwko wirusowemu zapaleniu wątroby typu A, nieokreślona",Żywa atenuowana szczepionka przeciwko wirusowemu zapaleniu wątroby typu A,True,
VAC0929,"Czterowalentna inaktywowana szczepionka przeciw grypie, dawka pediatryczna, nieokreślona","Szczepionka przeciwko grypie sezonowej, inaktywowana, czterowalentna, dawka pediatryczna",True,
VAC0930,Ad5-nCoV COVID-19 INHALATION VACCINE,"COVID-19 vaccine, non-replicating viral vector, adenovirus type 5, for inhalation",False,VAC1135
VAC0931,FLUBLOK QUADRIVALENT,Quadrivalent recombinant seasonal influenza vaccine,False,VAC0932
VAC0932,"Czterowalentna rekombinowana szczepionka przeciw grypie, nieokreślona",Czterowalentna rekombinowana szczepionka przeciwko grypie sezonowej,True,
VAC0933,"TICOVAC 2,7µg","Tick-borne encephalitis vaccine, whole-virus inactivated, Neudörfl strain, adult dose",False,VAC1038
VAC0934,VACCIN OREILLONS AVENTIS PASTEUR MSD,Live attenuated mumps vaccine,False,VAC0153
VAC0935,VACCIN RABIQUE INACTIVE MERIEUX,"Whole virion inactivated rabies vaccine, WISTAR PM/WI 38-1503-3M strain, grown on Vero cells, inactivated with ß-propiolactone",False,VAC1116
VAC0936,VACCIN PNEUMOCOCCIQUE POLYOSIDIQUE AVENTIS PASTEUR MSD,"Unconjugated polysaccharide pneumococcal vaccine, 23-valent, serotypes 1, 2, 3, 4, 5, 6B, 7F, 8, 9N, 9V, 10A, 11A, 12F, 14, 15B, 17F, 18C, 19A, 19F, 20, 22F, 23F and 33F",False,VAC0339
VAC0937,"Szczepionka na botulizm, nieokreślona",Szczepionka przeciwko botulizmowi,True,
VAC0938,"Czterowalentna szczepionka przeciw grypie, nieokreślona","Czterowalentna inaktywowana szczepionka przeciwko grypie sezonowej, szczepionka z rozszczepionym wirionem lub antygenem powierzchniowym",True,
VAC0939,PREHEVBRIO,"Recombinant hepatitis B vaccine, three antigens (HbS, pre-S1 and pre-S2)",False,VAC1145
VAC0940,SPUTNIK-LIGHT,"COVID-19 vaccine with non-replicating viral vector, adenovirus encoding the peak protein of SARS-CoV-2",False,VAC1195
VAC0941,"Immunoglobulina przeciw wąglikowi, nieokreślona",Immunoglobulina Antrax,True,
VAC0942,"Szczepionka przeciwko wściekliźnie zarodków kurcząt, nieokreślona","Inaktywowana, pełna szczepionka przeciwko wściekliźnie, hodowana w komórkach embrionu kurzego (CEEC), inaktywowana ß-propiolaktonem",True,
VAC0943,"RabKomórki diploidalne szczepionki przeciw wściekliźnie, nieokreślone","Inaktywowana cała szczepionka przeciwko wściekliźnie, przygotowana w ludzkiej diploidalnej kulturze komórkowej (HDCV) MRC-5, inaktywowana ß-propiolaktonem",True,
VAC0944,"Inaktywowana doustna szczepionka przeciw cholerze z całym wirionem, nieokreślona",Inaktywowana cała doustna szczepionka przeciwko cholerze,True,
VAC0945,"Grupa serologiczna szczepionki przeciw meningokokom nieznana, nieokreślona",Szczepionka przeciw meningokokom o nieokreślonej serogrupie,True,
VAC0946,TYPHIDRALL,"Typhoid and paratyphoid A and B vaccine, whole-cell inactivated",False,VAC0818
VAC0947,IMMU-PHILUS,"Haemophilus influenzae type b vaccine, PRP polysaccharide conjugated to Neisseria meningitidis serogroup B outer membrane protein",False,VAC0344
VAC0948,BACITHRAX,"Acellular anthrax vaccine, 50 micrograms per 0.5 mL dose, adjuvanted",False,VAC1279
VAC0949,IMOVAX BCG,Tuberculosis vaccine,False,VAC0134
VAC0950,IMOVAX DTP,"Diphtheria toxoid (standard dose), tetanus toxoid and inactivated polio (trivalent) pediatric vaccine",False,VAC0088
VAC0951,IMOVAX POLIO ORALE,"Polio vaccine (live attenuated, trivalent) against polioviruses 1, 2 and 3, oral",False,VAC0320
VAC0952,IMOVAX COLERA,Inactivated whole-cell cholera vaccine for injection,False,VAC0805
VAC0953,PROCOMVAX,Hepatitis B and Haemophilus influenzae type b vaccine (OMP conjugate),False,VAC1217
VAC0954,JAPANESE ENCEPHALITIS VACCINE,"Whole inactivated Japanese encephalitis vaccine, prepared in murine brain tissue, Nakayama strain, injectable, Korean Green Cross Corporation vaccine",False,VAC1196
VAC0955,PULMOVAX,"Unconjugated pneumococcal polysaccharide vaccine, 23-valent, serotypes 1, 2, 3, 4, 5, 6B, 7F, 8, 9N, 9V, 10A, 11A, 12F, 14, 15B, 17F, 18C, 19A, 19F, 20, 22F, 23F and 33F",False,VAC0339
VAC0956,VACCINO COLERICO BERNA,Inactivated whole-cell cholera vaccine for injection,False,VAC0805
VAC0957,VACCINO BCG BERNA,Live attenuated tuberculosis vaccine,False,VAC0134
VAC0958,ADIUGRIP,"Trivalent inactivated seasonal influenza vaccine, egg-based, surface antigen",False,VAC0925
VAC0959,STREPTOPUR,"Pneumococcal unconjugated polysaccharide vaccine, 23-valent, serotypes 1, 2, 3, 4, 5, 6B, 7F, 8, 9N, 9V, 10A, 11A, 12F, 14, 15B, 17F, 18C, 19A, 19F, 20, 22F, 23F and 33F",False,VAC0339
VAC0960,VIATIM,"Hepatitis A (inactivated, adsorbed) and typhoid vaccine (polysaccharide)",False,VAC1114
VAC0961,ANATOXAL TE N,Tetanus vaccine vaccine,False,VAC0132
VAC0962,ANATOXAL DI TE N ADULT,Diphtheria toxoid (low dose) and tetanus toxoid vaccine,False,VAC0920
VAC0963,ANATOXAL DI TE PER,"Diphtheria toxoid (standard dose), tetanus toxoid and pertussis (whole-cell inactivated) pediatric vaccine",False,VAC0136
VAC0964,ANATOXAL DI,Diphtheria toxoid vaccine (reduced dose),False,VAC1172
VAC0965,ANATOXAL TE TAB,"Tetanus toxoid, typhoid (whole-cell inactivated) and paratyphoid A and B (whole-cell inactivated) vaccines",False,VAC1194
VAC0966,JYNNEOS,"Smallpox vaccine, third generation, modified vaccinia virus Ankara, non-replicative",False,VAC1157
VAC0967,HEPASOMA,"Inactivated whole-cell hepatitis A vaccine, virosome, pediatric or adult",False,VAC0824
VAC0968,INFLEXAL V,"Trivalent inactivated seasonal influenza vaccine, virosome",False,VAC0925
VAC0969,LYSSAVAC N BERNA,"Whole virion inactivated rabies vaccine, cultured on Vero cells",False,VAC1116
VAC0970,TETATOX,Tetanus toxoid vaccine,False,VAC0132
VAC0971,VACCINO ANTIVAIOLOSO LANCY,"Smallpox vaccine, first-generation, live vaccinia virus",False,VAC1122
VAC0972,VIROFLUSOMA,"Trivalent inactivated seasonal influenza vaccine, surface antigen",False,VAC0925
VAC0973,VIROFLU,"Trivalent inactivated seasonal influenza vaccine, virosome",False,VAC0925
VAC0974,MENCEVAX AC,"Unconjugated meningococcal polysaccharide vaccine, serogroups A and C",False,VAC0151
VAC0975,PERTURIX,"Pertussis  (acellular multicomponent, 3 components) vaccine",False,VAC1167
VAC0976,VACCINO ANTICOLERICO ISI,"Cholera vaccine, unspecified",False,VAC0144
VAC0977,ENTEROVACCINO ISI,"Inactivated whole typhoid vaccine, oral",False,VAC0817
VAC0978,VAC.DIFTO TETANO ISI,Diphtheria toxoid (unspecified dose) and tetanus toxoid vaccine,False,VAC0382
VAC0979,VACCINO ANTITETANICO ISI,Tetanus toxoid vaccine,False,VAC0132
VAC0980,VAC.DPT ISI,"Diphtheria toxoid (unspecified dose), tetanus toxoid and pertussis (acellular, unspecified dose) vaccine",False,VAC0797
VAC0981,VACCINO PERTOSSE ISI,"Pertussis vaccine, unspecified",False,VAC0796
VAC0982,VACCINO TIFICO ISI,"Typhoid vaccine, unspecified",False,VAC0112
VAC0983,VACCINO ANTIPOL ISI,"Polio vaccine (whole inactivated, trivalent)",False,VAC0270
VAC0984,VACCINO ANTIVAIOLOSO ISI,"Smallpox vaccine, first-generation, live vaccinia virus",False,VAC1122
VAC0985,VACCINO TAB TE ISI,"Tetanus toxoid, typhoid (whole-cell inactivated) and paratyphoid A and B (whole-cell inactivated) vaccine",False,VAC1194
VAC0986,H ATETAL ISI,Tetanus toxoid vaccine,False,VAC0132
VAC0987,TANRIX,Tetanus toxoid vaccine,False,VAC0132
VAC0988,VACCINO MENINGOCOCCICO POLISACCARIDICO TETRAVALENTE GSK,"Unconjugated meningococcal polysaccharide vaccine, serogroups A, C, W and Y",False,VAC0152
VAC0989,HANTAVAX,Whole-virion Inactivated vaccine against haemorrhagic fever with renal syndrome (HFRS) caused by hantavirus,False,VAC0897
VAC0990,ALPHARIX,Trivalent inactivated seasonal influenza vaccine with purified antigens,False,VAC0925
VAC0991,FLULAVAL QUADRIVALENT,Quadrivalent inactivated seasonal influenza vaccine with surface antigens,False,VAC0938
VAC0992,AFLURIA QUADRIVALENT,Quadrivalent inactivated seasonal influenza vaccine with surface antigens,False,VAC0938
VAC0993,TD ADSORBED,Diphtheria toxoid (reduced dose) and tetanus toxoid vaccine,False,VAC0920
VAC0994,VARIVAX II,Live attenuated chickenpox vaccine,False,VAC0159
VAC0995,IMVAMUNE,"Smallpox vaccine, third generation, modified vaccinia virus Ankara, non-replicative",False,VAC1157
VAC0996,ACAM2000,"Smallpox vaccine, second generation, cell-cultured vaccinia virus",False,VAC1160
VAC0997,"13-walentna szczepionka skoniugowana przeciwko pneumokokom, nieokreślona","13-walentna pneumokokowa szczepionka skoniugowana, adsorbowana, serotypy 1, 3, 4, 5, 6A, 6B, 7F, 9V, 14, 18C, 19A, 19F i 23F",True,
VAC0998,LC16,"Smallpox vaccine, third generation (cell cultured vaccinia virus)",False,VAC1177
VAC0999,WETVAX APSV,"Smallpox vaccine, first-generation, live vaccinia virus",False,VAC1122
VAC1000,VACV VACCINIA VIRUS LISTER ELSTREE,"Smallpox vaccine, first-generation, live vaccinia virus",False,VAC1122
VAC1001,V4020 VEEV VACCINE,Live-attenuated V4020 for Venezuelan equine encephalitis virus vaccine,False,VAC0895
VAC1002,Q-VAX,Inactivated Q fever vaccine,False,VAC0896
VAC1003,TEDIVAX PRO ADULTO,Diphtheria toxoid (low dose) and tetanus toxoid vaccine,False,VAC0920
VAC1004,TEDIVAX,"Paediatric diphtheria vaccine (toxoid, standard dose) and tetanus vaccine (toxoid), paediatric dose",False,VAC0137
VAC1005,REVAC-B PLUS ADULT VACCINE,"Recombinant hepatitis B vaccine, adult dose",False,VAC0915
VAC1006,SHANVAC B,"Recombinant hepatitis B vaccine, HBsAg 20 µg, children and adult dose",False,VAC0915
VAC1007,ISTIVAC4,"Quadrivalent inactivated seasonal influenza vaccine, split virion",False,VAC0938
VAC1008,DITEMER,Diphtheria toxoid (standard dose) and tetanus toxoid vaccine,False,VAC0137
VAC1009,TETAMER,Tetanus toxoid vaccine,False,VAC0132
VAC1010,TRIAMER,"Diphtheria toxoid (standard dose), tetanus toxoid and pertussis (whole-cell inactivated) pediatric vaccine",False,VAC0136
VAC1011,DITEKIBOOSTER,"Diphtheria toxoid (low dose), tetanus toxoid and pertussis toxoid (acellular, low dose) vaccine",False,VAC0610
VAC1012,PICOVAX,Inactivated polio (trivalent) vaccine,False,VAC0270
VAC1013,FLUBLOK TRIVALENT,Trivalent recombinant seasonal influenza vaccine,False,VAC1159
VAC1014,PROVARIVAX,Live attenuated chickenpox vaccine,False,VAC0159
VAC1015,COMBIVAX,"Diphtheria toxoid (standard dose), tetanus toxoid and pertussis (whole-cell inactivated) pediatric vaccine",False,VAC0136
VAC1016,IDFLU,"Trivalent inactivated seasonal influenza vaccine, surface antigen",False,VAC0925
VAC1017,SPIKEVAX BIVALENT ORIGINAL/OMICRON BA.1 (50 µg/50 µg)/mL MODERNA,"COVID-19 mRNA vaccine, bivalent, original virus + Omicron variant, 50 micrograms each",False,VAC1536
VAC1018,NOORA VACCINE,"COVID-19 vaccine, recombinant protein subunit",False,VAC1138
VAC1019,"SPIKEVAX 0,1 mg/mL MODERNA","COVID-19 mRNA vaccine, original virus, 50 micrograms",False,VAC1039
VAC1020,Hepatitis A vaccine aventis pasteur MSD,"Whole virion inactivated hepatitis A vaccine, monovalent, adult dose",False,VAC0910
VAC1021,COMIRNATY ORIGINAL/OMICRON BA.1 (15/15 µg) BIONTECH-PFIZER,"COVID-19 vaccine bivalent RNAm, original virus + Omicron variant BA.1, 15 micrograms of each",False,VAC1162
VAC1022,COMIRNATY 3 µg INFANTS AND CHILDREN BIONTECH-PFIZER,"COVID-19 mRNA vaccine, pediatric, 3 micrograms",False,VAC1188
VAC1023,COMIRNATY ORIGINAL/OMICRON BA.4-5 (15/15 µg) BIONTECH-PFIZER,"COVID-19 vaccine bivalent RNAm, original virus + Omicron variant BA.4/5, 15 micrograms of each",False,VAC1169
VAC1024,SPIKEVAX BIVALENT ORIGINAL/OMICRON BA.4-5 (50 µg/50 µg)/mL MODERNA,"COVID-19 vaccine bivalent RNAm, original virus + Omicron variant BA.4/5, 50 micrograms of each",False,VAC1430
VAC1025,CORBEVAX,"COVID-19 vaccine, protein subunit, recombinant spike protein; other name: BECOV2A",False,VAC1113
VAC1026,SOBERANA 02 FINLAY-FR-2 COVID-19 VACCINE,"COVID-19 vaccine, protein subunit, recombinant spike protein (RBD domain conjugated to tetanus toxoid + adjuvant)",False,VAC1138
VAC1027,COVIVAC CHUMAKOV COVID-19 VACCINE,"COVID-19 vaccine, whole virion inactivated; other name: Kovivac",False,VAC1044
VAC1028,RECOMBIVAX HB DIALYSIS,"Recombinant hepatitis B vaccine, dialysis patient dosage",False,VAC0916
VAC1029,QUINTANRIX,"Diphtheria toxoid (standard dose), tetanus toxoid, pertussis (whole-cell inactivated, standard dose), Haemophilus influenzae type b (conjugated to tetanus toxoid)  and hepatitis B (recombinant) pediatric vaccine",False,VAC1181
VAC1030,GEMCOVAC-19,"COVID-19 vaccine, mRNA encoding the SARS-CoV-2 spike protein, ongoing clinical trial",False,VAC1166
VAC1031,SPIKEVAX 50 µg MONODOSE MODERNA,"COVID-19 mRNA vaccine, original virus, 50 micrograms, pre-filled syringe",False,VAC1039
VAC1032,SPIKEVAX BIVALENT ORIGINAL/OMICRON BA.1 (25 µg/25 µg) MODERNA,"COVID-19 bivalent mRNA vaccine, original virus + Omicron BA.1 variant, 25 micrograms each",False,VAC1538
VAC1033,COMIRNATY ORIGINAL/OMICRON BA.4-5 (5/5 µg) BIONTECH-PFIZER,"COVID-19 bivalent mRNA vaccine, original virus + Omicron BA.4/5 variant, 5 micrograms each, paediatric dose 5-11 years",False,VAC1117
VAC1034,HEBERBIOVAC B 10 µg,"Recombinant hepatitis B vaccine, pediatric dose",False,VAC0914
VAC1035,HEBERBIOVAC HB 20 µg,"Recombinant hepatitis B vaccine, adult dose",False,VAC0915
VAC1036,SPIKEVAX BIVALENT ORIGINAL/OMICRON BA.4-5 25 µg/25 µg MODERNA,"COVID-19 vaccine bivalent RNAm, original virus + Omicron variant BA.4/5, 25 micrograms of each",False,VAC1140
VAC1037,"Szczepionka na kleszczowe zapalenie mózgu, szczep Neudörfl, dawka pediatryczna, nieokreślona","Szczepionka na kleszczowe zapalenie mózgu, inaktywowana całym wirusem, szczep Neudörfl, dawka pediatryczna",True,
VAC1038,"Szczepionka na kleszczowe zapalenie mózgu, szczep Neudörfl, dawka dla dorosłych, nieokreślona","Szczepionka na kleszczowe zapalenie mózgu, inaktywowana całym wirusem, szczep Neudörfl, dawka dla dorosłych",True,
VAC1039,"Szczepionka mRNA przeciwko COVID-19, wirus oryginalny, 50 µg, nieokreślony","Szczepionka mRNA przeciwko COVID-19, oryginalny wirus, 50 mikrogramów na dawkę",True,
VAC1040,AREXVY,"Respiratory syncytial virus (RSV) vaccine, recombinant, RSVPreF3 antigen derived from F protein, adjuvanted",False,VAC1228
VAC1041,"Szczepionka RNA przeciwko Covid-19, nieokreślona",Szczepionka RNA przeciwko Covid-19,True,
VAC1042,"Szczepionka przeciwko COVID-19, niereplikujący wektor wirusowy, nieokreślony","Szczepionka przeciwko COVID-19, niereplikujący wektor wirusowy",True,
VAC1043,"Szczepionka przeciwko COVID-19, podjednostka białka, nieokreślona","Szczepionka przeciwko COVID-19, podjednostka białka",True,
VAC1044,"Szczepionka przeciwko COVID-19, inaktywowany cały wirion, nieokreślony","Szczepionka na Covid-19, inaktywowany cały wirion",True,
VAC1045,INFANRIX-IPV/Hib,"Diphtheria toxoid (standard dose), tetanus toxoid, pertussis (multicomponent acellular, standard dose), inactivated polio (trivalent) and Haemophilus influenzae type b pediatric vaccine",False,VAC1115
VAC1046,BEYFORTUS 50 mg (nirsevimab),Human RSV monoclonal antibody,False,VAC1147
VAC1047,ABRYSVO,"Respiratory Syncytial Virus (RSV) vaccine, recombinant prefusion F glycoproteins of RSV, bivalent (subtypes A and B), non-adjuvanted",False,VAC1224
VAC1048,DECAVAC,Diphtheria toxoid (low dose) and tetanus toxoid vaccine,False,VAC0920
VAC1049,TDVAX,Diphtheria toxoid (low dose) and tetanus toxoid vaccine,False,VAC0920
VAC1050,BEYFORTUS 100 mg (nirsevimab),Human RSV monoclonal antibody,False,VAC1147
VAC1051,COMIRNATY OMICRON XBB.1.5 30 µg,"COVID-19 mRNA vaccine, subvariant Omicron XBB.1.5, 30 micrograms, adult dose (+ 12 years)",False,VAC1244
VAC1052,COMIRNATY OMICRON XBB.1.5 10 µg,"COVID-19 mRNA vaccine, subvariant Omicron XBB.1.5, 30 micrograms, adult dose (+ 12 years)",False,VAC1214
VAC1053,COMIRNATY OMICRON XBB.1.5 3 µg,"COVID-19 mRNA vaccine, subvariant Omicron XBB.1.5, 3 micrograms, paediatric dose (6 months-4 years)",False,VAC1158
VAC1054,"COMIRNATY ORIGINAL/OMICRON BA.4-5 (1,5/1,5 µg)","COVID-19 mRNA vaccine, original virus + Omicron BA.4/5 variant, 1.5 micrograms each, paediatric dose (6 MONTHS-4 YEARS)",False,VAC1132
VAC1055,NUVAXOVID XBB.1.5,"COVID-19 vaccine, protein subunit, recombinant spike protein nanoparticles, with adjuvant (Matrix M), Omicron XBB.1.5 subvariant",False,VAC1236
VAC1056,R21/MATRIX-M,R21/Matrix-M pre-erythrocytic malaria vaccine,False,VAC1237
VAC1057,ENGERIX B JUNIOR,"Hepatitis B recombinant vaccine, pediatric dose",False,VAC0914
VAC1058,SPIKEVAX XBB.1.5 0.1 mg/mL dose 50 µg MODERNA,"COVID-19 mRNA vaccine, subvariant Omicron XBB.1.5, 50 micrograms per dose, multidose vial",False,VAC1243
VAC1059,"SPIKEVAX XBB.1.5 0,1 mg/mL dose 25 µg MODERNA","COVID-19 mRNA vaccine, subvariant Omicron XBB.1.5, 25 micrograms per dose, multidose vial",False,VAC1242
VAC1060,SPIKEVAX XBB.1.5 50 µg MODERNA,"COVID-19 mRNA vaccine, subvariant Omicron XBB.1.5, 50 micrograms per dose",False,VAC1243
VAC1061,PENBRAYA,"Meningococcal polysaccharide (groups A, C, Y, W) tetanus toxoid conjugate, meningococcal B recombinant vaccine",False,VAC1245
VAC1062,Immunoglobulina CMV,"Immunoglobulina przeciw wirusowi cytomegalii, dożylna",True,
VAC1063,"Szczepionka przeciwko wirusowemu zapaleniu wątroby typu C, nieokreślona","Hepatitis C vaccine, unspecified",True,
VAC1064,"Szczepionka przeciwko wirusowi HIV, nieokreślona","HIV vaccine, unspecified",True,
VAC1065,Leprosy vaccine,"Szczepionka na trąd, nieokreślona",True,
VAC1066,"Szczepionka na czerniaka, nieokreślona","Melanoma vaccine, unspecified",True,
VAC1067,"Szczepionka Streptococcus pyogenes, nieokreślona","Streptococcus pyogenes vaccine, unspecified",True,
VAC1068,"Szczepionka na gorączkę Doliny Rift, nieokreślona","Rift Valley fever vaccine, unspecified",True,
VAC1069,Vaccinia immune globulin,Vaccinia immune globulin,True,
VAC1070,Fluzone High-Dose Quadrivalent Southern Hemisphere,"Quadrivalent inactivated influenza vaccine, split or subunit, high-dose",False,VAC1146
VAC1071,"Przeciwciało lub szczepionka przeciwko wirusowi RSV, nieokreślone","RSV antibody or vaccine, unspecified",True,
VAC1072,"Szczepionka mRNA przeciwko COVID-19, wirus oryginalny, 25 µg, nieokreślony","Szczepionka mRNA przeciwko COVID-19, oryginalny wirus, 25 mikrogramów",True,
VAC1073,"Szczepionka na boreliozę, nieokreślona","Lyme disease vaccine, unspecified",True,
VAC1074,CYFENDUS,Adsorbed acellular anthrax vaccine with adjuvant,False,VAC1279
VAC1075,"Bezkomórkowa szczepionka przeciwko wąglikowi, nieokreślona","Bezkomórkowa szczepionka przeciwko wąglikowi, nieokreślona",True,
VAC1076,UROMUNE (MV 140),Vaccine to prevent urinary tract infections in women,False,VAC1191
VAC1077,ENVAX-A71,"Enterovirus A71 vaccine, purified and inactivated virus particles",False,VAC1118
VAC1078,ENVACGEN,Whole inactivated enterovirus A71 vaccine,False,VAC1118
VAC1079,VAX-SPIRAL,"Trivalent vaccine against leptospirosis caused by Canicola serovar canicola, Icterohaemorrhagiae serovar copenhageni and Pomona serovar mozdok",False,VAC1120
VAC1080,COVAXIN,"COVID-19 vaccine, whole virion inactivated",False,VAC1124
VAC1081,BAYGAM,"Human immunoglobulin against certain viruses (hepatitis A, measles, chickenpox and rubella)",False,VAC1127
VAC1082,BAYHEP B,Hepatitis b immune globulin (human),False,VAC0863
VAC1083,BAYRAB,Anti-rabies immune globulin (human),False,VAC0358
VAC1084,BAYTET,Tetanus immune globulin human solvent/detergent treated 250 units,False,VAC0497
VAC1085,MYCOBAX,"Live, attenuated tuberculosis vaccine",False,VAC0134
VAC1086,PNEUMUNE,"Pneumococcal polysaccharide conjugate vaccine, 23-valent, serotypes 1, 2, 3, 4, 5, 6B, 7F, 8, 9N, 9V, 10A, 11A, 12F, 14, 15B, 17F, 18C, 19A, 19F, 20, 22F, 23F and 33F",False,VAC1136
VAC1087,HYPERTET,"Human tetanus immunoglobulin, post-exposure treatment",False,VAC0497
VAC1088,HYPERRAB,"Human rabies immunoglobulin, post-exposure treatment",False,VAC0358
VAC1089,HYPERHEB B,"Human anti-hepatitis B immunoglobulin, post-exposure treatment",False,VAC0863
VAC1090,MENZB,Meningococcal vaccine with outer membrane vesicle proteins,False,VAC0149
VAC1091,VARIZIG,Varicella Zoster Immune Globulin (Human),False,VAC0864
VAC1092,KAMRAB,Human-rabies immunoglobulin 150IU/ml,False,VAC0358
VAC1093,HEPAGAM,Hepatitis B Immune Globulin Intravenous (Human),False,VAC0863
VAC1094,OROCHOL,live oral cholera vaccine,False,VAC1149
VAC1095,MVA85A,Experimental tuberculosis vaccine,False,VAC0134
VAC1096,MORCVAX,Oral Inactivated whole-cell cholera vaccine,False,VAC0944
VAC1097,CYTOGAM,Human intravenous anti-CMV immunoglobulin,False,VAC1062
VAC1098,XANAFLU,Trivalent inactivated influenza vaccine,False,VAC0925
VAC1099,BABYBIG,Intravenous human immunoglobulin against infant botulism types A and B,False,VAC1156
VAC1100,BOTULISM ANTITOXIN BEHRING,"Equine botulinum antitoxin types A, B and E",False,VAC0909
VAC1101,DOTARICIN,Inactivated influenza vaccine with MF59 adjuvant,False,VAC0821
VAC1102,HIB-IMMUNE,Haemophilus influenzae type b non-conjugated polysaccharide vaccine,False,VAC1148
VAC1103,HIB-VAX,Haemophilus influenzae type b non-conjugated polysaccharide vaccine,False,VAC1148
VAC1104,DIPHTHERIA ANTITOXIN B.P.,Anti-diphtheria toxin immunoglobulin of equine origin,False,VAC0867
VAC1105,BAT EMERGENT BIOSOLUTIONS,"Botulism Antitoxin Heptavalent (A, B, C, D, E, F, G) equine",False,VAC0909
VAC1106,"COVID-19 VLP vaccine, unspecified","Covid 19 VLP vaccine, unspecified",True,
VAC1107,"Cholera whole inactivated vaccine, unspecified","Whole inactivated Cholera vaccine, unspecified",True,
VAC1108,"COVID-19 bivalent mRNA vaccine, original virus + Omicron BA.1 variant, unspecified","Bivalent anti-covid 19 mRNA vaccine against the original virus and the Omicron BA.1 variant, unspecified",True,
VAC1109,"Meningococcal ACW unconjugated vaccine, unspecified","Non-conjugated polysaccharide vaccine against meningococci serogroups A, C and W",True,
VAC1110,"Meningococcal C vaccine unconjugated, unspecified","Meningococcal C vaccine unconjugated, unspecified",True,
VAC1111,"Japanese Encephalitis Vaccine, whole inactivated, prepared on Vero cells, unspecified","Whole inactivated Japanese encephalitis vaccine, prepared in Vero cells",True,
VAC1112,"Influenza live attenuated quadrivalent vaccine, unspecified","Live attenuated quadrivalent seasonal influenza vaccine, nasal",True,
VAC1113,"COVID-19 protein subunit vaccine, recombinant spike protein, unspecified","Anti-covid 19 protein subunit vaccine, recombinant spike protein, unspecified",True,
VAC1114,"Typhoid fever and hepatitis A vaccine, unspecified",Typhoid vaccine combined with hepatitis A vaccine,True,
VAC1115,"Diphtheria (standard dose), tetanus, pertussis (multicomponent acellular, standard dose), Haemophilus influenzae type b (tetanus toxoid conjugated) and polio (whole inactivated, trivalent) pentavalent DTPaHibP vaccine, adsorbed, pediatric","Diphtheria (toxoid, standard dose), tetanus (toxoid), pertussis (multicomponent acellular, standard dose), Haemophilus influenzae type b (tetanus toxoid conjugated) and polio (whole inactivated, trivalent) vaccine, adsorbed, pediatric",True,
VAC1116,"Rabies vaccine, whole inactivated, prepared in Vero cell culture, unspecified","Whole inactivated rabies vaccine, prepared in Vero cell culture (PVRV), Wistar strain, inactivation by ß-propiolactone",True,
VAC1117,"COVID-19 bivalent mRNA vaccine against the original virus and the Omicron BA.4/5 variant, 5 micrograms, unspecified","Bivalent anti-covid 19 mRNA vaccine against the original virus and the Omicron BA.4/5 variant, 5 micrograms, unspecified",True,
VAC1118,"Enterovirus A71 vaccine, unspecified","Enterovirus A71 vaccine, unspecified",True,
VAC1119,"COVID-19 inactivated vaccine, whole virus, authorized, unspecified","COVID-19 inactivated vaccine, whole virus, authorized, unspecified",True,
VAC1120,"Leptospirosis trivalent vaccine, unspecified","Trivalent vaccine against leptospirosis caused by Canicola serovar canicola, Icterohaemorrhagiae serovar copenhageni and Pomona serovar mozdok",True,
VAC1121,"Diphtheria (standard dose), tetanus, pertussis (acellular multicomponent, standard dose, Haemophilus influenzae type b (conjugated with tetanus toxoid), poliomyelitis (whole inactivated, trivalent) and hepatitis B (recombinant) hexavalent DTPaHibPHepB vaccine, pediatric","Diphtheria (toxoid, standard dose), tetanus (toxoid), pertussis (acellular multicomponent, standard dose, 3 components), anti-Haemophilus influenzae type b (conjugated with tetanus toxoid), poliomyelitis (whole inactivated, trivalent) and hepatitis B (recombinant), pediatric",True,
VAC1122,"Smallpox 1st generation live vaccine, unspecified","First generation smallpox vaccine, live vaccinia virus",True,
VAC1123,"Influenza trivalent live attenuated vaccine, unspecified","Live attenuated trivalent seasonal influenza vaccine, nasal",True,
VAC1124,"COVID-19 inactivated vaccine, whole virus, in clinical trial, unspecified","COVID-19 inactivated vaccine, whole virus, in clinical trial, unspecified",True,
VAC1125,"Hepatitis B vaccine, unspecified","Hepatitis B vaccine, unspecified",True,
VAC1126,"Diphtheria (standard dose), tetanus, pertussis (whole inactivated), anti-Haemophilus influenzae type b (conjugated with tetanus toxoid) and polio (whole inactivated, trivalent) pentavalent DTP Hib vaccine, pediatric","Diphtheria (toxoid, standard dose), tetanus (toxoid), pertussis (whole inactivated), anti-Haemophilus influenzae type b (conjugated with tetanus toxoid) and polio (whole inactivated, trivalent) vaccine, pediatric",True,
VAC1127,"Hepatitis A, measles, chickenpox and rubella immunoglobulin, unspecified","Immunoglobulin against hepatitis A, measles, chickenpox and rubella, unspecified",True,
VAC1128,"COVID-19 plasmid DNA vaccine, unspecified","Plasmid DNA anti-covid 19 vaccine, unspecified",True,
VAC1129,"COVID-19 protein subunit vaccine, recombinant spike protein in nanoparticles, unspecified","Anti-covid 19 protein subunit vaccine, recombinant spike protein in nanoparticles, unspecified",True,
VAC1130,"Influenza trivalent inactivated and tetanus toxoid vaccine, unspecified","Trivalent inactivated seasonal influenza vaccine, split virion and tetanus (toxoid)",True,
VAC1131,"Pneumococcal 17-valent unconjugated vaccine, unspecified","Unconjugated pneumococcal polysaccharide vaccine, 17-valent, serotypes 1, 2, 3, 4, 6A, 7F, 8, 9N, 11A, 12F, 14, 15F, 17F, 18C, 19F, 23F and 25",True,
VAC1132,"COVID-19 bivalent mRNA vaccine, original virus + Omicron BA.4/5 variant, 1.5 micrograms, unspecified","Bivalent anti-covid 19 mRNA vaccine against the original virus and the Omicron BA.4/5 variant, 1.5 micrograms, unspecified",True,
VAC1133,"Meningococcal ACWY polysaccharide conjugate vaccine, unspecified","Quadrivalent meningococcal polysaccharide conjugate vaccine against serogroups A, C, W and Y (conjugated to CRM 197 protein)",True,
VAC1134,"Argentine hemorrhagic fever live attenuated vaccine against, Junin virus, unspecified","Live attenuated vaccine against Argentine hemorrhagic fever, Junin virus, unspecified",True,
VAC1135,"COVID-19 Plasmid DNA vaccine with non-replicating viral vector, adenovirus encoding the spike protein of SARS-CoV-2, by inhalation, unspecified","Anti-covid 19 vaccine with non-replicating viral vector, adenovirus encoding the spike protein of SARS-CoV-2, by inhalation, unspecified",True,
VAC1136,"23-walentna skoniugowana szczepionka przeciw pneumokokom, nieokreślona","23-walentna skoniugowana szczepionka przeciw pneumokokom, serotypy 1, 2, 3, 4, 5, 6B, 7F, 8, 9N, 9V, 10A, 11A, 12F, 14, 15B, 17F, 18C, 19A, 19F, 20, 22F, 23F i 33F",True,
VAC1137,"Tick-borne encephalitis whole inactivated vaccine, strain K23, unspecified","Whole inactivated tick-borne encephalitis vaccine, strain K23, unspecified",True,
VAC1138,COVID-19 recombinant protein subunit vaccine,Recombinant protein subunit anti-covid 19 vaccine,True,
VAC1139,"COVID-19 vaccine, non-replicating vector, Newcastle disease virus encoding the SARS-CoV-2 spike protein, unspecified","COVID-19 vaccine, non-replicating vector, Newcastle disease virus encoding the SARS-CoV-2 spike protein, unspecified",True,
VAC1140,"COVID-19 bivalent mRNA vaccine against the original virus and the Omicron BA.4/5 variant, 25 micrograms, unspecified","Covid 19 bivalent mRNA vaccine against the original virus and the Omicron BA.4/5 variant, 25 micrograms, unspecified",True,
VAC1141,"Bird Flu H5N8 Vaccine, unspecified","Bird Flu H5N8 Vaccine, unspecified",True,
VAC1142,"COVID-19 vaccine, non-replicating vector, antigen-presenting cells, unspecified","COVID-19 vaccine, non-replicating vector, antigen-presenting cells, unspecified",True,
VAC1143,"COVID-19 vaccine with non-replicating viral vector, adenovirus encoding the spike protein of SARS-CoV-2, unspecified","Anti-covid 19 vaccine with non-replicating viral vector, adenovirus encoding the spike protein of SARS-CoV-2, unspecified",True,
VAC1144,"COVID-19 protein subunit vaccine, recombinant SARS-CoV-2 spike protein, S-2P and CpG1018, unspecified","Anti-covid 19 protein subunit vaccine, recombinant SARS-CoV-2 spike protein, S-2P and CpG1018, unspecified",True,
VAC1145,"Hepatitis B recombinant vaccine, three antigens, unspecified","Recombinant hepatitis B vaccine, three antigens (HbS, pre-S1 and pre-S2)",True,
VAC1146,"Influenza inactivated quadrivalent vaccine, high dose, unspecified","Inactivated quadrivalent influenza vaccine, split or subunit, high dose",True,
VAC1147,"Respiratory syncytial virus (RSV) human monoclonal antibody, nirsevimab, unspecified","Human monoclonal antibody against respiratory syncytial virus (RSV), nirsevimab, unspecified",True,
VAC1148,"Haemophilus influenzae type b vaccine, unconjugated polysaccharide, unspecified","Haemophilus influenzae type b vaccine, unconjugated polysaccharide, unspecified",True,
VAC1149,"Cholera oral live attenuated vaccine, unspecified","Oral live attenuated cholera vaccine, unspecified",True,
VAC1150,"COVID-19 mRNA vaccine encoding the spike protein of SARS-CoV-2, original virus, 30 micrograms, unspecified","Anti-covid 19 mRNA vaccine encoding the spike protein of SARS-CoV-2, original virus, 30 micrograms, unspecified",True,
VAC1151,"Diphtheria (standard dose), tetanus, pertussis (whole inactivated), and polio (whole inactivated, trivalent) quadrivalent DTPeP vaccine, pediatric","Diphtheria (standard dose), tetanus (toxoid), pertussis (whole inactivated), and polio (whole inactivated, trivalent) vaccine, pediatric",True,
VAC1152,"Meningococcal B vaccine containing fHbp of subfamilies A and B, unspecified","Meningococcal B vaccine containing fHbp of subfamilies A and B, unspecified",True,
VAC1153,"Meningococcal ACWY vaccine, diphtheria toxoid conjugate, unspecified","Quadrivalent meningococcal polysaccharide conjugate vaccine against serogroups A, C, W and Y (diphtheria toxoid conjugate)",True,
VAC1154,"Mumps whole inactivated vaccine, unspecified","Whole inactivated mumps vaccine, unspecified",True,
VAC1155,"Hepatitis B plasma vaccine, unspecified","Plasma hepatitis B vaccine, unspecified",True,
VAC1156,"Botulism immunoglobulin, unspecified",Intravenous human immunoglobulin against infant botulism types A and B,True,
VAC1157,"Smallpox 3rd generation vaccine, modified Ankara vaccinia virus, unspecified","Third generation smallpox vaccine, modified vaccinia Ankara virus, non-replicating",True,
VAC1158,"COVID-19 mRNA vaccine against the Omicron XBB.1.5 variant, 3 micrograms, unspecified","COVID-19 mRNA vaccine encoding the SARS-CoV-2 spike protein, Omicron XBB.1.5 variant, 3 micrograms",True,
VAC1159,"Influenza trivalent recombinant vaccine, unspecified",Trivalent Recombinant Seasonal Influenza Vaccine,True,
VAC1160,"Smallpox 2nd generation live vaccine, unspecified","Second generation smallpox vaccine, vaccinia virus obtained by cell culture",True,
VAC1161,"Diphtheria (standard dose), tetanus, pertussis (whole inactivated) and Haemophilus influenzae type b (tetanus toxoid conjugated) quadrivalent DTPeP vaccine, pediatric","Diphtheria (standard dose), tetanus, pertussis (whole inactivated) and Haemophilus influenzae type b (tetanus toxoid conjugated) vaccine, pediatric",True,
VAC1162,"COVID-19 mRNA vaccine, bivalent, original virus and Omicron BA.1 variant, 15 micrograms, unspecified","COVID-19 mRNA vaccine, bivalent, original virus and Omicron BA.1 variant, 15 micrograms, unspecified",True,
VAC1163,"20-walentna skoniugowana szczepionka przeciw pneumokokom, nieokreślona","20-walentna skoniugowana szczepionka przeciw pneumokokom, adsorbowana, serotypy 1, 3, 4, 5, 6A, 6B, 7F, 8, 9V, 10A, 11A, 12F, 14, 15B, 18C, 19A, 19F, 22F, 23F i 33F",True,
VAC1164,"Diphtheria (toxoid, standard dose), tetanus (toxoid), pertussis (acellular multicomponent, standard dose) and Haemophilus influenzae type b (tetanus toxoid conjugate) quadrivalent vaccine DTPaHib, pediatric","Diphtheria (toxoid, standard dose), tetanus (toxoid), pertussis (acellular multicomponent, standard dose) and Haemophilus influenzae type b (tetanus toxoid conjugate) vaccine, pediatric",True,
VAC1165,"Diphtheria toxoid, standard dose, unspecified","Pediatric diphtheria vaccine (toxoid, standard dose)",True,
VAC1166,"COVID-19 mRNA vaccine encoding the SARS-CoV-2 spike protein, currently in clinical trial, unspecified","Anti-covid 19 mRNA vaccine encoding the SARS-CoV-2 spike protein, currently in clinical trial, unspecified",True,
VAC1167,"Pertussis acellular vaccine, unspecified","Acellular pertussis vaccine, standard dose",True,
VAC1168,"Diphtheria (standard dose), tetanus, pertussis (whole inactivated) and Haemophilus influenzae type b (diphtheria toxoid conjugate) vaccine (DTPeHib), pediatric","Diphtheria (toxoid, standard dose), tetanus (toxoid), pertussis (whole inactivated) and Haemophilus influenzae type b (diphtheria toxoid conjugate) vaccine, pediatric",True,
VAC1169,"COVID-19 Bivalent mRNA vaccine, original virus + Omicron BA.4/5 variant, 15 micrograms, unspecified","Bivalent anti-covid 19 mRNA vaccine against the original virus and the Omicron BA.4/5 variant, 15 micrograms, unspecified",True,
VAC1170,"COVID-19 non-replicating viral vector vaccine, chimpanzee adenovirus ChadOx1 encoding the SARS-CoV-2 spike protein","Non-replicating viral vector anti-covid 19 vaccine, chimpanzee adenovirus ChadOx1 encoding the SARS-CoV-2 spike protein",True,
VAC1171,"Influenza trivalent vaccine, inactivated, split or subunit, high dose, unspecified","Trivalent inactivated influenza vaccine, split or subunit, high dose",True,
VAC1172,"Diphtheria toxoid, reduced dose, unspecified","Diphtheria vaccine (anatoxin, reduced dose)",True,
VAC1173,"COVID-19 vaccine with replicative viral vector, influenza virus encoding the spike protein of SARS-CoV-2, unspecified","Anti-covid 19 vaccine with replicative viral vector, influenza virus encoding the spike protein of SARS-CoV-2, unspecified",True,
VAC1174,"Diphtheria (standard dose), tetanus, pertussis (multicomponent acellular, standard dose), polio (whole inactivated, trivalent) and hepatitis B (recombinant) vaccine (DTPaPHepB), pediatric","Diphtheria (toxoid, standard dose), tetanus (toxoid), pertussis (multicomponent acellular, standard dose), polio (whole inactivated, trivalent) and hepatitis B (recombinant) vaccine, pediatric",True,
VAC1175,"Influenza trivalent vaccine, inactivated cell culture, split or subunit, normal dose","Trivalent inactivated cell culture influenza vaccine, split or subunit, normal dose",True,
VAC1176,"COVID-19 vaccine with non-replicating viral vector, adenovirus 5 encoding the S and N proteins of SARS-CoV-2, unspecified","Anti-covid 19 vaccine with non-replicating viral vector, adenovirus 5 encoding the S and N proteins of SARS-CoV-2, unspecified",True,
VAC1177,"Smallpox 3rd generation vaccine, live vaccinia virus with minimal replication, unspecified","Third generation smallpox vaccine, obtained in cell culture, minimally replicating live vaccinia virus",True,
VAC1178,"Dengue tetravalent vaccine, live attenuated chimeric recombinant, unspecified","Live attenuated, chimeric, recombinant, quadrivalent vaccine against the four serotypes (1, 2, 3 and 4) of dengue virus",True,
VAC1179,"Cholera and typhoid vaccine, injectable, unspecified","Cholera (whole inactivated) and typhoid vaccine (unconjugated, purified Vi polysaccharide antigen), injectable",True,
VAC1180,"Lyme disease recombinant vaccine, unspecified",Recombinant anti-Borrelia burgdorferi vaccine - outer surface protein A (OspA),True,
VAC1181,"Diphtheria (standard dose), tetanus, pertussis (whole intact), Haemophilus influenzae type b (tetanus toxoid conjugated) and hepatitis B (recombinant) vaccine, pediatric","Diphtheria (standard dose), tetanus, pertussis (whole intact), Haemophilus influenzae type b (tetanus toxoid conjugated) and hepatitis B (recombinant) vaccine, pediatric",True,
VAC1182,"Meningococcal ACWY polysaccharide vaccine conjugated to tetanus toxoid, unspecified","Quadrivalent polysaccharide conjugate vaccine against meningococci serogroups A, C, W and Y (conjugated with tetanus toxoid)",True,
VAC1183,"Ebola non-replicating viral vector vaccine, unspecified","Non-replicating viral vector Ebola vaccine, modified Vaccine Ankara",True,
VAC1184,"Meningococcal C polysaccharide vaccine conjugated to tetanus toxoid, unspecified","Meningococcal C polysaccharide vaccine conjugated to tetanus toxoid, unspecified",True,
VAC1185,"COVID-19 vaccine with non-replicating viral vector, adenovirus 26 encoding the spike protein of SARS-CoV-2, unspecified","Anti-covid 19 vaccine with non-replicating viral vector, adenovirus 26 encoding the spike protein of SARS-CoV-2, unspecified",True,
VAC1186,"COVID-19 vaccine with replicative viral vector with antigen-presenting cells, unspecified","Anti-covid 19 vaccine with replicative viral vector with antigen-presenting cells, unspecified",True,
VAC1187,"COVID-19 vaccine with replicative viral vector, measles virus encoding the SARS-CoV-2 spike protein, unspecified","Anti-covid 19 vaccine with replicative viral vector, measles virus encoding the SARS-CoV-2 spike protein, unspecified",True,
VAC1188,"COVID-19 mRNA vaccine encoding the spike protein of SARS-CoV-2, original virus, 3 micrograms, unspecified","Anti-covid 19 mRNA vaccine encoding the spike protein of SARS-CoV-2, original virus, 3 micrograms, unspecified",True,
VAC1189,"COVID-19 non-replicating vector vaccine, modified Ankara vaccine encoding the SARS-CoV-2 spike protein, unspecified","COVID-19 non-replicating vector vaccine, modified Ankara vaccine encoding the SARS-CoV-2 spike protein, unspecified",True,
VAC1190,"COVID-19 vaccine with replicative viral vector, vesicular stomatitis virus encoding the SARS-CoV-2 spike protein, unspecified","Anti-covid 19 vaccine with replicative viral vector, vesicular stomatitis virus encoding the SARS-CoV-2 spike protein, unspecified",True,
VAC1191,"Urinary infections vaccine for the prevention of women, unspecified","Vaccine against Escherichia coli, Klebsiella pneumoniae, Enterococcus faecalis, Proteus vulgaris",True,
VAC1192,"Diphtheria (standard dose), tetanus, pertussis (whole inactivated), Haemophilus influenzae type b (diphtheria toxoid conjugated) and hepatitis B (recombinant) vaccine, pediatric","Diphtheria (toxoid, standard dose), tetanus (toxoid), pertussis (whole inactivated), Haemophilus influenzae type b (diphtheria toxoid conjugated) and hepatitis B (recombinant) vaccine, pediatric",True,
VAC1193,"Japanese encephalitis vaccine, live recombinant attenuated, unspecified","Live attenuated Japanese encephalitis vaccine, chimeric recombinant",True,
VAC1194,"Tetanus, typhoid and paratypoid A and B vaccines, unspecified","Tetanus (toxoid), typhoid (whole inactivated) and paratyphoid A and B (whole inactivated) vaccines",True,
VAC1195,"COVID-19 vaccine with non-replicating viral vector, adenovirus 26 encoding the spike protein of SARS-CoV-2, in clinical trial, unspecified","Anti-covid 19 vaccine with non-replicating viral vector, adenovirus 26 encoding the spike protein of SARS-CoV-2, in clinical trial, unspecified",True,
VAC1196,"Japanese encephalitis vaccine, whole inactivated prepared from murine brain tissue, unspecified","Whole inactivated vaccine against Japanese encephalitis, prepared from murine brain tissue, Nakayama strain, injectable route",True,
VAC1197,"COVID-19 vaccine with chimpanzee adenovirus and self-amplifying mRNA, unspecified","COVID-19 vaccine with chimpanzee adenovirus and self-amplifying mRNA: 1. A non-replicating viral vector, chimpanzee adenovirus, serotype 68 (ChAdV68), encoding the spike protein of SARS-CoV-2 (ChAdV68-S) and/or spike protein plus additional SARS-CoV-2 epitopes recognized by T cells (ChAdV68-S-TCE) and 2. A self-amplifying mRNA (SAM) in lipid nanoparticles (SAM-LNP) encoding SARS-CoV-2 spike protein (SAM-S) and/or spike protein plus additional SARS-CoV-2 epitopes recognized by T cells (SAM-S-TCE), SAM vector based on Venezuelan equine encephalitis virus (VEEV)",True,
VAC1198,"Chinkungunya vaccine, live attenuated, unspecified",Live attenuated chikungunya vaccine,True,
VAC1199,"Ebola, recombinant vesicular stomatitis replicative viral vector vaccine (rVSV) - EBOV GP glycoprotein, unspecified","Ebola, recombinant vesicular stomatitis replicative viral vector vaccine (rVSV) - EBOV GP glycoprotein, unspecified",True,
VAC1200,"Influenza quadrivalent vaccine, inactivated cell culture, split or subunit, normal dose","Influenza quadrivalent vaccine, inactivated cell culture, split or subunit, normal dose",True,
VAC1201,"Dengue tetravalent vaccine, live attenuated chimeric recombinant based on 17D yellow fever vaccine, unspecified","Dengue tetravalent vaccine, live attenuated chimeric recombinant based on 17D yellow fever vaccine, unspecified",True,
VAC1202,"COVID-19 vaccine with live attenuated virus, unspecified","Anti-covid 19 vaccine with live attenuated virus, unspecified",True,
VAC1203,"Brucellosis vaccine, protein (P.I. antigen)",P.I. (phenol-insoluble) protein antigen vaccine against brucellosis,True,
VAC1204,"COVID-19 protein subunit vaccine, recombinant spike protein, with adjuvant, unspecified","Anti-covid 19 protein subunit vaccine, recombinant spike protein, with adjuvant, unspecified",True,
VAC1205,"Ebola virus vaccine, recombinant live non-replicating viral vector Ad26.ZEBOV, unspecified","Ebola virus vaccine, recombinant live non-replicating viral vector Ad26.ZEBOV, unspecified",True,
VAC1206,"COVID-19 vaccine with self-amplifying mRNA, unspecified","Anti-covid 19 vaccine with self-amplifying mRNA, unspecified",True,
VAC1207,"COVID-19 vaccine with replicative viral vector, Newcastle disease virus encoding the SARS-CoV-2 spike protein, unspecified","COVID-19 vaccine with replicative viral vector, Newcastle disease virus encoding the SARS-CoV-2 spike protein, unspecified",True,
VAC1208,"Diphtheria (standard dose), tetanus, pertussis (whole inactivated) and hepatitis B (recombinant) vaccine, adsorbed, pediatric","Diphtheria (toxoid, standard dose), tetanus (toxoid), pertussis (whole inactivated) and hepatitis B (recombinant) vaccine, adsorbed, pediatric",True,
VAC1209,"Measles vaccine, whole inactivated, unspecified",Whole inactivated measles vaccine (historical),True,
VAC1210,"COVID-19 mRNA vaccine encoding the SARS-CoV-2 spike protein, original virus, 100 micrograms, unspecified","COVID-19 mRNA vaccine encoding the SARS-CoV-2 spike protein, original virus, 100 micrograms, unspecified",True,
VAC1211,"Meningococcal C polysaccharide vaccine conjugated to CRM197 protein, unspecified","Meningococcal C vaccine, polysaccharide conjugated to CRM197 protein",True,
VAC1212,"Poliomyelitis trivalent vaccine, whole inactivated oral, unspecified","Polio vaccine (whole inactivated, trivalent), oral",True,
VAC1213,"Cholera vaccine containing recombinant cholera toxin B subunit and inactivated whole V. cholerae O1 bacteria, unspecified","Cholera vaccine containing recombinant cholera toxin B subunit and inactivated whole V. cholerae O1 bacteria, unspecified",True,
VAC1214,"COVID-19 mRNA vaccine encoding the SARS-CoV-2 spike protein, against the Omicron XBB.1.5 variant, 10µg, unspecified","COVID-19 mRNA vaccine encoding the SARS-CoV-2 spike protein, against the Omicron XBB.1.5 variant, 10µg",True,
VAC1215,"Diphtheria (standard dose), tetanus, pertussis (multicomponent acellular, standard dose), anti-Haemophilus influenzae type b (conjugated to the outer membrane protein of Neisseria meningitidis serogroup B), poliomyelitis (whole inactivated, trivalent) and hepatitis B (recombinant) vaccine, adsorbed, pediatric","Diphtheria (standard dose), tetanus, pertussis (multicomponent acellular, standard dose), anti-Haemophilus influenzae type b (conjugated to the outer membrane protein of Neisseria meningitidis serogroup B), poliomyelitis (whole inactivated, trivalent) and hepatitis B (recombinant) vaccine, adsorbed, pediatric",True,
VAC1216,"Diphtheria (standard dose), tetanus, pertussis (multicomponent acellular, standard dose) and hepatitis B (recombinant) vaccine, pediatric","Diphtheria (standard dose), tetanus, pertussis (multicomponent acellular, standard dose) and hepatitis B (recombinant) vaccine, pediatric",True,
VAC1217,"Hepatitis B and Haemophilus influenzae type b vaccine, unspecified","Hepatitis B and Haemophilus influenzae type b vaccine, capsular polysaccharide (polyribosylribitol phosphate, PRP) conjugated to the outer membrane protein of Neisseria meningitidis serogroup B",True,
VAC1218,"Meningococcal A polysaccharide vaccine conjugated to tetanus toxoid, unspecified",Meningococcal polysaccharide conjugate vaccine with tetanus toxoid against serogroup A,True,
VAC1219,"Diphtheria (standard dose), tetanus, pertussis (whole inactivated), Haemophilus influenzae type b (tetanus toxoid conjugated) and meningococcal serogroups A and C (toxoid conjugate) vaccine, pediatric","Diphtheria (standard dose), tetanus, pertussis (whole inactivated), Haemophilus influenzae type b (tetanus toxoid conjugated) and meningococcal serogroups A and C (toxoid conjugate) vaccine, pediatric",True,
VAC1220,"Meningococcal CY and anti-Haemophilus influenzae type b vaccine, conjugated with tetanus toxoid, unspecified",Conjugate vaccine against Haemophilus influenzae type b (conjugated with tetanus toxoid) and against meningococci serogroups C and Y (conjugated with tetanus toxoid),True,
VAC1221,"Diphtheria (standard dose), tetanus and rubella vaccine, unspecified","Pediatric diphtheria (toxoid, standard dose), tetanus (toxoid) and rubella vaccine (live attenuated)",True,
VAC1222,"Human monoclonal antibody against respiratory syncytial virus (RSV), palivizumab, unspecified","Human monoclonal antibody against respiratory syncytial virus (RSV), palivizumab, unspecified",True,
VAC1223,"Immunoglobulin against respiratory syncytial virus (RSV), unspecified","Immunoglobulin against respiratory syncytial virus (RSV), unspecified",True,
VAC1224,"Respiratory syncytial virus (RSV) vaccine, recombinant, F-glycoprotein (prefusion) RSV subtypes A and B, unspecified","Respiratory syncytial virus (RSV) vaccine, recombinant, F-glycoprotein (prefusion), bivalent (RSV subtypes A and B), unspecified",True,
VAC1225,"Diphtheria (standard dose), tetanus, typhoid (whole inactivated) and paratypoid A and B (whole inactivated) vaccines, unspecified","Diphtheria (standard dose), tetanus, typhoid (whole inactivated) and paratypoid A and B (whole inactivated) vaccines, unspecified",True,
VAC1226,"Hepatitis A and B combined vaccine, pediatric dose, unspecified","Hepatitis A and B combined vaccine, pediatric dose, unspecified",True,
VAC1227,"Hepatitis B recombinant vaccine, pediatric dose, unspecified","Hepatitis B recombinant vaccine, pediatric dose, unspecified",True,
VAC1228,"Respiratory syncytial virus (RSV) vaccine, recombinant, F protein-derived RSVPreF3 antigen, unspecified","Respiratory syncytial virus (RSV) vaccine, recombinant, F protein-derived RSVPreF3 antigen, unspecified",True,
VAC1229,"Meningococcal vaccine, serogroups B (outer membrane vesicle proteins) and C","Meningococcal vaccine, serogroups B (outer membrane vesicle proteins B:14:P1.7,16) and C",True,
VAC1230,"Meningococcal C and anti-Haemophilus influenzae type b vaccine, conjugated with tetanus toxoid, unspecified",Conjugate vaccine against Haemophilus influenzae type b (conjugated with tetanus toxoid) and against meningococci serogroup C (conjugated with tetanus toxoid),True,
VAC1231,"Diphtheria (standard dose), tetanus, pertussis (acellular, standard dose), hepatitis B and Haemophilus influenzae type b (tetanus toxoid conjugate) vaccine, pediatric","Diphtheria (standard dose), tetanus, pertussis (acellular, standard dose), hepatitis B and Haemophilus influenzae type b (tetanus toxoid conjugate) vaccine, pediatric (10μg)",True,
VAC1232,"Pertussis acellular vaccine, reduced dose, unspecified","Pertussis acellular vaccine, reduced dose, unspecified",True,
VAC1233,"10-walentna skoniugowana szczepionka przeciw pneumokokom, nieokreślona","Pneumococcus 10-valent polysaccharide conjugate vaccine, serotypes 1, 4, 5, 6B, 7F, 9V, 14, 18C, 19F and 23F",True,
VAC1234,"Pneumococcal 15-valent unconjugated polysaccharide vaccine, serotypes 1, 2, 3, 4, 6B, 7F, 8, 9N, 11A, 12F, 14, 15F, 18C, 19F and 23F","Pneumococcal 15-valent unconjugated polysaccharide vaccine, serotypes 1, 2, 3, 4, 6B, 7F, 8, 9N, 11A, 12F, 14, 15F, 18C, 19F and 23F",True,
VAC1235,"Rotavirus RIX4414 monovalent vaccine, unspecified","Rotavirus RIX4414 monovalent vaccine, unspecified",True,
VAC1236,"COVID-19 protein subunit vaccine, recombinant spike protein in nanoparticles, Omicron subvariant XBB.1.5, unspecified","COVID-19 spike protein subunit vaccine, recombinant spike protein in nanoparticles, Omicron subvariant XBB.1.5",True,
VAC1237,Malaria vaccine pre-erythrocytic R21/Matrix-M,Malaria vaccine pre-erythrocytic R21/Matrix-M,True,
VAC1238,"Hepatitis B and malaria vaccine, unspecified","Hepatitis B and malaria vaccine, unspecified",True,
VAC1239,"15-walentna skoniugowana szczepionka przeciw pneumokokom, nieokreślona","Pneumococcal 15-valent polysaccharide conjugate vaccine, adsorbed, serotypes 1, 3, 4, 5, 6A, 6B, 7F, 9V, 14, 18C, 19A, 19F, 22F, 23F and 33F",True,
VAC1240,"Meningococcal B vaccine, 4-component, unspecified","Meningococcal B vaccine, 4-component, unspecified",True,
VAC1241,"Shingles vaccine, varicella-zoster virus (VZV) surface glycoprotein E (gE), unspecified","Shingles vaccine, varicella-zoster virus (VZV) surface glycoprotein E (gE), unspecified",True,
VAC1242,"COVID-19 mRNA vaccine encoding the SARS-CoV-2 spike protein, Omicron XBB.1.5 variant, 25 micrograms","COVID-19 mRNA vaccine encoding the SARS-CoV-2 spike protein, Omicron XBB.1.5 variant, 25 micrograms",True,
VAC1243,"COVID-19 mRNA vaccine encoding the SARS-CoV-2 spike protein, Omicron XBB.1.5 variant, 50 micrograms","COVID-19 mRNA vaccine encoding the SARS-CoV-2 spike protein, Omicron XBB.1.5 variant, 50 micrograms",True,
VAC1244,"COVID-19 mRNA vaccine encoding the SARS-CoV-2 spike protein, Omicron XBB.1.5 variant, 30 micrograms","COVID-19 mRNA vaccine encoding the SARS-CoV-2 spike protein, Omicron XBB.1.5 variant, 30 micrograms",True,
VAC1245,"Meningococcal vaccine against serogroups A, C, W and Y (polysaccharide conjugated to tetanus toxoid), and against serogroup B (recombinant)","Meningococcal vaccine against serogroups A, C, W and Y (polysaccharide conjugated to tetanus toxoid), and against serogroup B (recombinant)",True,
VAC1246,MCOMBRIAX,Combined influenza/Covid 19 mRNA vaccine in clinical trial,False,VAC1248
VAC1247,"Hepatitis A vaccine, unspecified","Hepatitis A vaccine, unspecified",True,
VAC1248,"Influenza/Covid 19 mRNA vaccine, unspecified","Combined influenza and Covid 19 mRNA vaccine, unspecified",True,
VAC1249,"Influenza vaccine, trivalent inactivated, split or subunit, intradermal route, unspecified","Influenza vaccine, trivalent inactivated, split or subunit, intradermal route, unspecified",True,
VAC1250,EUVICHOL-S,"Cholera vaccine, oral, containing formalin-inactivated whole V. cholerae O1 bacteria",False,VAC1537
VAC1251,EUVICHOL-PLUS,"Cholera vaccine, oral, bivalent consisting of killed whole cells of Vibrio cholerae O1 (classical and El Tor) and O139",False,VAC1257
VAC1252,JE-CV,"Live attenuated Japanese encephalitis vaccine, recombinant chimeric",False,VAC1193
VAC1253,CHIMERIVAX-JE,"Live attenuated Japanese encephalitis vaccine, recombinant chimeric",False,VAC1193
VAC1254,CAPVAXIVE,"Pneumococcal polysaccharide conjugate vaccine, 21-valent, adsorbed, serotypes 3, 6A, 7F, 8, 9N, 10A, 11A, 12F, 15A, 15B, 15C, 16F, 17F, 19A, 20A, 22F, 23A, 23B, 24F, 31, 33F, 35B",False,VAC1280
VAC1255,HEXASIIL,"Diphtheria toxoid (standard dose), tetanus toxoid, pertussis (whole cell), Haemophilus influenzae type b (conjugated to tetanus toxoid), inactivated polio (trivalent) and hepatitis B (recombinant) pediatric vaccine, adsorbed",False,VAC1256
VAC1256,"Diphtheria (standard dose), tetanus, pertussis (whole cell), Haemophilus influenzae type b (conjugated to tetanus toxoid), inactivated polio (trivalent) and hepatitis B (recombinant) pediatric vaccine, adsorbed","Diphtheria (standard dose), tetanus, pertussis (whole cell), Haemophilus influenzae type b (conjugated to tetanus toxoid), inactivated polio (trivalent) and hepatitis B (recombinant) pediatric vaccine, adsorbed",True,
VAC1257,"Cholera vaccine, whole inactivated oral, bivalent containing the whole inactivated V. cholerae O1 and O139 bacteria, unspecified","Cholera vaccine, oral, bivalent consisting of killed whole cells of Vibrio cholerae O1 (classical and El Tor) and O139",True,
VAC1258,COMIRNATY JN.1 30 µg,"COVID-19 mRNA vaccine, subvariant Omicron JN.1, 30 micrograms, adult dose (+ 12 years)",False,VAC1411
VAC1259,COMIRNATY JN.1 10 µg CHILDREN (5-11 YEARS),"COVID-19 mRNA vaccine, subvariant Omicron JN.1, 10 micrograms, paediatric dose (5-11 years)",False,VAC1412
VAC1260,COMIRNATY JN.1 3 µg CHILDREN (6 MONTHS-4 YEARS),"COVID-19 mRNA vaccine, subvariant Omicron JN.1, 3 micrograms, dose (6 months-4 years)",False,VAC1413
VAC1261,NUVAXOVID JN.1,"COVID-19 vaccine, protein subunit, recombinant spike protein nanoparticles, with adjuvant (Matrix M), Omicron JN.1 subvariant",False,VAC1414
VAC1262,MRESVIA,Single-stranded 5' capped mRNA encoding the Respiratory syncytial virus glycoprotein F stabilized in the prefusion conformation,False,VAC1420
VAC1263,"Zatwierdzona szczepionka mRNA covid, kodująca białko kolczaste SARS-COV-2","COVID-19 mRNA vaccine encoding the SARS-COV-2 spike protein, authorized",True,
VAC1264,"A(H5) avian influenza vaccine, unspecified","Avian influenza A(H5) vaccine, unspecified",True,
VAC1265,CLODIVAC,Diphtheria toxoid (low dose) and tetanus toxoid vaccine,False,VAC0920
VAC1266,PENMENVY,"Meningococcal broad-spectrum vaccine against serogroups A, B, C, W and Y",False,VAC1539
VAC1267,VIMKUNYA,"Chikungunya VLP vaccine (recombinant, adsorbed)",False,VAC1419
VAC1268,SPIKEVAX JN.1 50 µg,"COVID-19 mRNA vaccine, subvariant Omicron JN.1, 50 microgram dose",False,VAC1409
VAC1269,"SPIKEVAX JN.1 0,1 mg/mL dose 25 µg","COVID-19 mRNA vaccine, subvariant Omicron JN.1, 25 micrograms per dose, multidose vial",False,VAC1410
VAC1270,"SPIKEVAX JN.1 0,1 mg/mL dose 50 µg","COVID-19 mRNA vaccine, subvariant Omicron JN.1, 50 micrograms per dose, multidose vial",False,VAC1409
VAC1271,TYT BIOMED,"Typhoid and tetanus vaccine, injectable suspension",False,VAC1540
VAC1272,PSEUDOVAC,Polyvalent vaccine against  pus bacterium Pseudomonas aeruginosa,False,VAC1415
VAC1273,DT BIOMED,"Paediatric diphtheria vaccine (toxoid, standard dose) and tetanus vaccine (toxoid), adsorbed suspension for injection",False,VAC0137
VAC1274,d BIOMED,Diphtheria toxoid vaccine (reduced dose),False,VAC1172
VAC1275,D BIOMED,Diphtheria toxoid (standard dose) pediatric vaccine,False,VAC1165
VAC1276,DTP BIOMED,"Diphtheria toxoid (standard dose), tetanus toxoid and pertussis (whole-cell inactivated) pediatric vaccine",False,VAC0136
VAC1277,"Szczepionka przeciwko chikungunya, nieokreślona","Chikungunya vaccine, unspecified",True,
VAC1278,WALRINVAX,Bivalent recombinant vaccine against human papillomavirus (types 16 and 18) (Pichia pastoris),False,VAC1426
VAC1279,"Anthrax vaccine, adjuvanted adsorbed","Anthrax vaccine, adjuvanted adsorbed",True,
VAC1280,"Pneumococcal conjugate vaccine, 21-valent, adsorbed, serotypes 3, 6A, 7F, 8, 9N, 10A, 11A, 12F, 15A, 15B, 15C, 16F, 17F, 19A, 20A, 22F, 23A, 23B, 24F, 31, 33F, 35B","Pneumococcal conjugate vaccine, 21-valent, adsorbed, serotypes 3, 6A, 7F, 8, 9N, 10A, 11A, 12F, 15A, 15B, 15C, 16F, 17F, 19A, 20A, 22F, 23A, 23B, 24F, 31, 33F, 35B",True,
VAC1281,PENTABIO,"Vaccin pédiatrique diphtérique (anatoxine, dose standard), tétanique (anatoxine), coquelucheux (entier, dose standard), hépatite B et anti-Haemophilus influenzae type b (conjugué à l'anatoxine tétanique)",False,VAC1181
VAC1282,FLUBIO INFLUENZA HA,Inactivated trivalent seasonal influenza vaccine with surface antigen,False,VAC0925
VAC1283,INDOVAC,"COVID-19 protein subunit vaccine, recombinant spike protein, intramuscular route",False,VAC1138
VAC1284,NUSAGARD,"Human Papillomavirus vaccine, quadrivalent (types 6, 11, 16, and 18), recombinant",False,VAC0859
VAC1285,NOPV2,"Polio vaccine (live attenuated, monovalent) against polioviruses type 2, oral",False,VAC0852
VAC1286,VAKSIN COVID-19 BIO FARMA,"COVID-19 vaccine, protein subunit, recombinant spike protein (RBD domain), administered intramuscularly.",False,VAC1138
VAC1287,VAKSIN HEPATITIS B BIO FARMA,"Hepatitis B vaccine, recombinant hepatitis B surface antigen (HBsAg), unspecified",False,VAC0101
VAC1288,VAKSIN POLIOMYELITIS BIO FARMA,"Polio vaccine (whole inactivated, trivalent)",False,VAC0270
VAC1289,VAKSIN POLIOMYELITIS BIVALEN BIO FARMA,"Polio vaccine (live attenuated, bivalent) against poliovirus types 1 and 3, oral",False,VAC0600
VAC1290,MOPV1 BIO FARMA,"Polio vaccine (live attenuated, monovalent) against poliovirus 1, orally",False,VAC0853
VAC1291,MOPV2 BIO FARMA,"Polio vaccine (live attenuated, monovalent) against poliovirus 2, orally",False,VAC0852
VAC1292,BIO-TCV,"Typhoid vaccine, Vi antigen conjugated to tetanus toxoid",False,VAC0711
VAC1293,VAKSIN BCG KERING,Live attenuated tuberculosis vaccine,False,VAC0134
VAC1294,BIO-TD,"Diphtheria vaccine (toxoid, reduced dose) and tetanus vaccine (toxoid)",False,VAC0920
VAC1295,DT BIO FARMA,"Paediatric diphtheria vaccine (toxoid, standard dose) and tetanus vaccine (toxoid)",False,VAC0137
VAC1296,DTP BIO FARMA,"Paediatric diphtheria vaccine (toxoid, standard dose), tetanus vaccine (toxoid) and pertussis vaccine (whole inactivated)",False,VAC0136
VAC1297,TT BIO FARMA,Tetanus vaccine (toxoid),False,VAC0132
VAC1298,BETT,Tetanus vaccine (toxoid),False,VAC0132
VAC1299,BEVAC 10 µg,"Recombinant hepatitis B vaccine, pediatric dose",False,VAC0914
VAC1300,BEVAC 20 µg,"Recombinant hepatitis B vaccine, adult dose",False,VAC0915
VAC1301,BE Td,"Diphtheria vaccine (toxoid, reduced dose) and tetanus vaccine (toxoid)",False,VAC0920
VAC1302,COMBE FIVE,"Paediatric vaccine for diphtheria (toxoid, standard dose), tetanus (toxoid), whooping cough (whole, standard dose), hepatitis B and Haemophilus influenzae type b (conjugated with tetanus toxoid).",False,VAC1181
VAC1303,TRIPVAC,Lyme disease vaccine using a recombinant protein derived from OspA (Outer Surface Protein A) of six serotypes of Borrelia burgdorferi,False,VAC1180
VAC1304,BERAB,"Whole virion inactivated rabies vaccine, cultured on Vero cells",False,VAC1116
VAC1305,MRBEV,Live attenuated measles and rubella vaccine,False,VAC0550
VAC1306,TYPHIBEV,"Typhoid vaccine, Vi antigen conjugated to CRM197 protein",False,VAC1425
VAC1307,JEEV 6 µg,"Whole inactivated Japanese encephalitis vaccine, prepared in Vero cells, 6 micrograms",False,VAC1427
VAC1308,DT BIOLOGICAL E LTD,"Paediatric diphtheria vaccine (toxoid, standard dose) and tetanus vaccine (toxoid)",False,VAC0137
VAC1309,NOVEL ORAL (nOPV) TYPE 2 BIOLOGICAL E. LTD,"Polio vaccine (live attenuated, monovalent) against polioviruses type 2, oral",False,VAC0852
VAC1310,SII TD-VAC,"Diphtheria vaccine (toxoid, reduced dose) and tetanus vaccine (toxoid)",False,VAC0920
VAC1311,"Meningococcal ACWXY conjugate vaccine, unspecified","Quadrivalent meningococcal polysaccharide conjugate vaccine, serogroups A, C, W, X and Y",True,
VAC1312,TT SII,Tetanus vaccine (toxoid),False,VAC0132
VAC1313,BCG SII,Live attenuated tuberculosis vaccine,False,VAC0134
VAC1314,MEASLES SII,Live attenuated measles vaccine,False,VAC0114
VAC1315,MUMPS SII,Live attenuated mumps vaccine,False,VAC0153
VAC1316,RUBELLA SII,Live attenuated rubella vaccine,False,VAC0113
VAC1317,CERVAVAC,"Human Papillomavirus vaccine, quadrivalent (types 6, 11, 16, and 18), recombinant",False,VAC0859
VAC1318,"DIPHTHERIA, TETANUS, PERTUSSIS AND HEPATITIS B SII","Diphtheria toxoid (standard dose), tetanus toxoid, pertussis (whole-cell inactivated) and hepatitis B (recombinant) pediatric vaccine",False,VAC1208
VAC1319,"DIPHTERIA, TETANUS, PERTUSSIS AND HAEMOPHILUS INFLUENZAE B SII","Diphtheria toxoid (standard dose), tetanus toxoid, pertussis (whole-cell inactivated) and Haemophilus influenzae type b (conjugated to diphtheria toxoid) pediatric vaccine",False,VAC1161
VAC1320,"DIPHTHERIA, TETANUS, PERTUSSIS, HEPATITIS B AND HAEMOPHILUS INFLUENZAE B SII","Paediatric vaccine for diphtheria (toxoid, standard dose), tetanus (toxoid), whooping cough (whole, standard dose), hepatitis B and Haemophilus influenzae type b (conjugated with tetanus toxoid).",False,VAC1181
VAC1321,HAEMOPHILUS INFLUENZAE B SII,"Haemophilus influenzae type b vaccine, capsular polysaccharide (polyribosylribitol phosphate, PRP) conjugated to tetanus toxoid",False,VAC0345
VAC1322,PNEUMOSIL,"Pneumococcal polysaccharide conjugate vaccine, 10-valent, serotypes 1, 5, 6A, 6B, 7F, 9V, 14, 19A, 19F and 23F",False,VAC1424
VAC1323,MENFIVE,"Quadrivalent meningococcal polysaccharide conjugate vaccine, serogroups A, C, W, X and Y",False,VAC1311
VAC1324,NASOVAC-S,Live attenuated influenza A(H1N1)pdm09 pandemic vaccine,False,VAC1423
VAC1325,GENEVAC-B 10 µg,"Recombinant hepatitis B vaccine with thiomersal, pediatric dose",False,VAC0914
VAC1326,GENEVAC-B 20 µg,"Recombinant hepatitis B vaccine with thiomersal, adult dose",False,VAC0915
VAC1327,HEPATITIS B SII,"Recombinant hepatitis B vaccine without thiomersal, adult and paediatric dose",False,VAC0101
VAC1328,TUBERVAC,"Tuberculosis vaccine, live attenuated",False,VAC0134
VAC1329,FLU-M,"Trivalent inactivated seasonal influenza vaccine, split virion",False,VAC0925
VAC1330,FLU-M TETRA,"Quadrivalent inactivated seasonal influenza vaccine, split virion",False,VAC0938
VAC1331,CELLDEMIC,Influenza A(H5N1) vaccine (split virion),False,VAC0084
VAC1332,COMIRNATY KP.2 3 µg CHILDREN (6 MONTHS-4 YEARS),"COVID-19 mRNA vaccine, subvariant Omicron KP.2, 3 micrograms, paediatric dose (6 months-4 years)",False,VAC1416
VAC1333,COMIRNATY KP.2 10 µg CHILDREN (5-11 YEARS),"COVID-19 mRNA vaccine, subvariant Omicron KP.2, 10 micrograms, paediatric dose (5-11 years)",False,VAC1417
VAC1334,COMIRNATY KP.2 30 µg ADULT (+ 12 YEARS),"COVID-19 mRNA vaccine, subvariant Omicron KP.2, 30 micrograms, adult (+ 12 years)",False,VAC1418
VAC1335,INCELLIPAN,Influenza A(H5N1) vaccine (split virion),False,VAC0084
VAC1336,KOSTAIVE,"COVID-19 vaccine, mRNA encoding the SARS-CoV-2 spike protein, original virus",False,VAC1421
VAC1337,CONVACELL,"COVID-19 protein subunit vaccine, recombinant N protein",False,VAC1422
VAC1338,ZOONOTIC,"Influenza A(H5N1) vaccine (fragmented virion, inactivated, adjuvanted)",False,VAC0084
VAC1339,BIMERVAX XBB.1.16,"COVID-19 vaccine, protein subunit, recombinant homodimeric RBD protein, Omicron variant XBB.1.16, with adjuvant (SQBA)",False,VAC1428
VAC1340,"SPIKEVAX BA.1 0,1 mg/mL dose 50 µg","COVID-19 Bivalent mRNA vaccine, original virus + Omicron BA.1 variant, 50 micrograms per dose, multidose vial",False,VAC1536
VAC1341,"SPIKEVAX BA.4-5 0,1 mg/mL dose 50 µg","COVID-19 mRNA vaccine encoding the SARS-CoV-2 spike protein, Omicron XBB.1.5 variant, unspecified dose",True,
VAC1342,IPVAX,Inactivated polio (trivalent) vaccine,False,VAC0270
VAC1343,BORYUNG CELL CULTURE-DERIVED JAPANESE ENCEPHALITIS VACCINE,"Whole inactivated Japanese encephalitis vaccine, prepared in Vero cells, 6 micrograms",False,VAC1427
VAC1344,BORYUNG JAPANESE ENCEPHALITIS VACCINE,"Whole inactivated Japanese encephalitis vaccine, prepared in murine brain tissue, Nakayama strain, injectable",False,VAC1196
VAC1345,ZEROTYPH,Polysaccharide typhoid vaccine (Vi capsular antigen),False,VAC0713
VAC1346,FLU QUADRIVALENT MCV,"Quadrivalent inactivated seasonal influenza vaccine, split virion",False,VAC0938
VAC1347,EFLUELDA,"High-dose, trivalent inactivated seasonal influenza vaccine, split-virion",False,VAC1171
VAC1348,TETANA,Tetanus toxoid vaccine,False,VAC0132
VAC1349,TY BIOMED,Whole-cell inactivated typhoid vaccine,False,VAC0817
VAC1350,T SIS BIOMED,Tetanus toxoid vaccine,False,VAC0132
VAC1351,TETANA PRO,Tetanus toxoid vaccine,False,VAC0132
VAC1352,TERATECT,"Quadrivalent inactivated seasonal influenza vaccine, split virion",False,VAC0938
VAC1353,IL-YANG FLU VACCINE,"Trivalent inactivated seasonal influenza vaccine, split virion",False,VAC0925
VAC1354,EUFORVAC,"Vaccin pédiatrique diphtérique (anatoxine, dose standard), tétanique (anatoxine), coquelucheux (entier, dose standard), hépatite B et anti-Haemophilus influenzae type b (conjugué à l'anatoxine tétanique)",False,VAC1181
VAC1355,EUPENTA,"Vaccin pédiatrique diphtérique (anatoxine, dose standard), tétanique (anatoxine), coquelucheux (entier, dose standard), hépatite B et anti-Haemophilus influenzae type b (conjugué à l'anatoxine tétanique)",False,VAC1181
VAC1356,EUVAX B 10 µg,"Recombinant hepatitis B vaccine, paediatric dose",False,VAC0914
VAC1357,EUPOLIO,Inactivated polio (trivalent) vaccine,False,VAC0270
VAC1358,SKYCELLFLU QUADRIVALENT,"Quadrivalent inactivated seasonal influenza vaccine, cell-based",False,VAC1200
VAC1359,SKYCELLFLU TRIVALENT,"Trivalent inactivated seasonal influenza vaccine, produced in cell culture",False,VAC1175
VAC1360,HEPAMUNE B 10 µg,"Recombinant hepatitis B vaccine, pediatric dose",False,VAC0914
VAC1361,HEPAMUNE B 20 µg,"Recombinant hepatitis B vaccine, adult dose",False,VAC0915
VAC1362,SK TD,"Diphtheria vaccine (toxoid, reduced dose) and tetanus vaccine (toxoid)",False,VAC0920
VAC1363,HEPAVAX-GENE B 10 µg,"Recombinant hepatitis B vaccine, pediatric dose",False,VAC0914
VAC1364,BIOHIB,Haemophilus influenzae type b conjugate vaccine composed of PRP (polyribosylribitol phosphate) conjugated to tetanus toxoid,False,VAC0345
VAC1365,COMVAC5,"Paediatric vaccine for diphtheria (toxoid, standard dose), tetanus (toxoid), whooping cough (whole, standard dose), hepatitis B and Haemophilus influenzae type b (conjugated with tetanus toxoid).",False,VAC1181
VAC1366,HILLCHOL,"Cholera vaccine, oral, containing formalin-inactivated whole V. cholerae O1 bacteria",False,VAC1537
VAC1367,HNVAC,"Pandemic influenza A(H1N1)pdm09 vaccine, inactivated",False,VAC0147
VAC1368,INCOVACC,"COVID-19 vaccine, non-replicating chimpanzee adenoviral vector ChAdOx1 encoding the SARS-CoV-2 spike protein",False,VAC1170
VAC1369,INDIRAB,"Whole virion inactivated rabies vaccine, cultured on Vero cells",False,VAC1116
VAC1370,JENVAC,"Whole inactivated Japanese encephalitis vaccine, prepared in Vero cells",False,VAC1111
VAC1371,REVAC-B MCF,"Recombinant hepatitis B vaccine, pediatric dose",False,VAC0914
VAC1372,ROTAVAC,Rotavirus vaccine,False,VAC0158
VAC1373,ROTAVAC 5D,Rotavirus vaccine,False,VAC0158
VAC1374,TYPBAR-TCV,"Typhoid conjugate vaccine, Vi polysaccharide linked to tetanus toxoid protein",False,VAC0711
VAC1375,TWINRAB,"Rabies immunoglobulin, unspecified",False,VAC0502
VAC1376,ZYCOV-D,COVID-19 plasmid DNA vaccine,False,VAC1128
VAC1377,VAXIFLU-4,"Influenza quadrivalent inactivated vaccine, split or subunit, unspecified",False,VAC1541
VAC1378,VACTYPH,Polysaccharide typhoid vaccine (Vi capsular antigen),False,VAC0713
VAC1379,ZYVAC MMR,"Live attenuated measles, mumps and rubella vaccine",False,VAC0130
VAC1380,ZYVAC TCV,"Typhoid conjugate vaccine, Vi polysaccharide linked to tetanus toxoid protein",False,VAC0711
VAC1381,MEASLES AND RUBELLA VACCINE ZYDUS,Live attenuated measles and rubella vaccine,False,VAC0623
VAC1382,SKYTYPHOID,"Typhoid conjugate vaccine, Vi polysaccharide capsular antigen linked to a carrier protein (diphtheria toxin)",False,VAC1542
VAC1383,CYVAC,Malaria vaccine,False,VAC1543
VAC1384,BARYCELA,Live attenuated chickenpox vaccine,False,VAC0159
VAC1385,GC FLU QUADRIVALENT,"Quadrivalent inactivated seasonal influenza vaccine, split or subunit, unspecified",False,VAC1541
VAC1386,GCFLU,"Quadrivalent inactivated seasonal influenza vaccine, pediatric dose",False,VAC0929
VAC1387,SINSAVAC,Live attenuated yellow fever vaccine,False,VAC0111
VAC1388,BIVAC POLIO,"Polio vaccine (live attenuated, bivalent) against poliovirus types 1 and 3, oral",False,VAC0600
VAC1389,INLIVE,Whole inactivated enterovirus A71 vaccine,False,VAC1118
VAC1390,HEALIVE,Inactivated hepatitis A vaccine,False,VAC0102
VAC1391,BILIVE,"Combined hepatitis A and B vaccine, adult dose",False,VAC0654
VAC1392,23-VALENT SINOVAC,"Unconjugated pneumococcal polysaccharide vaccine, 23-valent, serotypes 1, 2, 3, 4, 5, 6B, 7F, 8, 9N, 9V, 10A, 11A, 12F, 14, 15B, 17F, 18C, 19A, 19F, 20, 22F, 23F and 33F",False,VAC0339
VAC1393,PROVARIX,Live attenuated chickenpox vaccine,False,VAC0159
VAC1394,POLIO SINOVAC VACCINE,Inactivated polio (trivalent) vaccine,False,VAC0270
VAC1395,MUMPS SINOVAC VACCINE,Live attenuated mumps vaccine,False,VAC0153
VAC1396,ANFLU,"Trivalent inactivated seasonal influenza vaccine, split virion",False,VAC0925
VAC1397,PANFLU,"Influenza A(H5N1) vaccine (fragmented virion, inactivated, adjuvanted)",False,VAC0084
VAC1398,PANFLU.1,"Pandemic influenza A(H1N1)pdm09 vaccine, inactivated",False,VAC0147
VAC1399,TERTRANFLU,"Quadrivalent inactivated seasonal influenza vaccine, split virion",False,VAC0938
VAC1400,SHANIPV,Inactivated polio (trivalent) vaccine,False,VAC0270
VAC1401,9-VALENT HPV VACCINE INNOVAX,"Human Papillomavirus vaccine, nonavalent (types 6, 11, 16, 18, 31, 33, 45, 52, and 58), recombinant",False,VAC0860
VAC1402,EASYSIX,"Diphtheria toxoid (standard dose), tetanus toxoid, pertussis (whole cell), Haemophilus influenzae type b (conjugated to tetanus toxoid), inactivated polio (trivalent) and hepatitis B (recombinant) pediatric vaccine, adsorbed",False,VAC1547
VAC1403,EASYFIVE-TT,"Vaccin pédiatrique diphtérique (anatoxine, dose standard), tétanique (anatoxine), coquelucheux (entier, dose standard), hépatite B et anti-Haemophilus influenzae type b (conjugué à l'anatoxine tétanique)",False,VAC1181
VAC1404,EASYFOUR-TT,"Diphtheria toxoid (standard dose), tetanus toxoid, pertussis (whole-cell inactivated) and Haemophilus influenzae type b (conjugated to diphtheria toxoid) pediatric vaccine",False,VAC1161
VAC1405,EASYFOURPOL,"Diphtheria toxoid (standard dose), tetanus toxoid, pertussis (multicomponent acellular, standard dose), Haemophilus influenzae type b (conjugated to tetanus toxoid) and inactivated polio (trivalent) pediatric vaccine, adsorbed",False,VAC1126
VAC1406,SPUTNIK V,"COVID-19 vaccine, non-replicating adenoviral 6 vector encoding the SARS-CoV-2 spike protein",False,VAC1143
VAC1407,NOVOHIB,Haemophilus influenzae type b conjugate vaccine composed of PRP (polyribosylribitol phosphate) conjugated to tetanus toxoid,False,VAC0345
VAC1408,ENIVACHB,"Recombinant hepatitis B vaccine, pediatric dose",False,VAC0914
VAC1409,"COVID-19 mRNA vaccine, Omicron JN.1 subvariant, 50 micrograms per dose, multidose vial","COVID-19 mRNA vaccine, Omicron JN.1 subvariant, 50 micrograms per dose, multidose vial",True,
VAC1410,"COVID-19 mRNA vaccine, Omicron JN.1 subvariant, 25 micrograms per dose, multidose vial","COVID-19 mRNA vaccine, Omicron JN.1 subvariant, 25 micrograms per dose, multidose vial",True,
VAC1411,"COVID-19 mRNA vaccine, subvariant Omicron JN.1, 30 micrograms, adult dose (+ 12 years)","COVID-19 mRNA vaccine, subvariant Omicron JN.1, 30 micrograms, adult dose (+ 12 years)",True,
VAC1412,"COVID-19 mRNA vaccine, subvariant Omicron JN.1, 10 micrograms, paediatric dose (5-11 years)","COVID-19 mRNA vaccine, subvariant Omicron JN.1, 10 micrograms, paediatric dose (5-11 years)",True,
VAC1413,"COVID-19 mRNA vaccine, subvariant Omicron JN.1, 3 micrograms, dose (6 months-4 years)","COVID-19 mRNA vaccine, subvariant Omicron JN.1, 3 micrograms, dose (6 months-4 years)",True,
VAC1414,"COVID-19 vaccine, protein subunit, recombinant spike protein nanoparticles, with adjuvant (Matrix M), Omicron JN.1 subvariant","COVID-19 vaccine, protein subunit, recombinant spike protein nanoparticles, with adjuvant (Matrix M), Omicron JN.1 subvariant",True,
VAC1415,Pseudomonas aeruginosa (a pus-forming bacterium) vaccine,Pseudomonas aeruginosa (a pus-forming bacterium) vaccine,True,
VAC1416,"COVID-19 mRNA vaccine, subvariant Omicron KP.2, 3 micrograms, paediatric dose (6 months-4 years)","COVID-19 mRNA vaccine, subvariant Omicron KP.2, 3 micrograms, paediatric dose (6 months-4 years)",True,
VAC1417,"COVID-19 mRNA vaccine, subvariant Omicron KP.2, 10 micrograms, paediatric dose (5-11 years)","COVID-19 mRNA vaccine, subvariant Omicron KP.2, 10 micrograms, paediatric dose (5-11 years)",True,
VAC1418,"COVID-19 mRNA vaccine, subvariant Omicron KP.2, 30 micrograms, adult (+ 12 years)","COVID-19 mRNA vaccine, subvariant Omicron KP.2, 30 micrograms, adult (+ 12 years)",True,
VAC1419,"Chikungunya VLP vaccine (recombinant, adsorbed)","Chikungunya VLP vaccine (recombinant, adsorbed)",True,
VAC1420,"Respiratory syncytial virus glycoprotein F, stabilized in the prefusion conformation, encoded by a single-stranded 5' capped mRNA","Respiratory syncytial virus glycoprotein F, stabilized in the prefusion conformation, encoded by a single-stranded 5' capped mRNA",True,
VAC1421,"COVID-19 vaccine, mRNA encoding the SARS-CoV-2 spike protein, original virus","COVID-19 vaccine, mRNA encoding the SARS-CoV-2 spike protein, original virus",True,
VAC1422,"COVID-19 protein subunit vaccine, recombinant N protein","COVID-19 protein subunit vaccine, recombinant N protein",True,
VAC1423,"Influenza vaccine A(H1N1)pdm09 pandemic, live attenuated","Influenza vaccine A(H1N1)pdm09 pandemic, live attenuated",True,
VAC1424,"Pneumococcal 10-valent polysaccharide conjugate vaccine, serotypes 1, 5, 6A, 6B, 7F, 9V, 14, 19A, 19F and 23F","Pneumococcal 10-valent polysaccharide conjugate vaccine, serotypes 1, 5, 6A, 6B, 7F, 9V, 14, 19A, 19F and 23F",True,
VAC1425,"Typhoid vaccine, Vi antigen conjugated to CRM197 protein","Typhoid vaccine, Vi antigen conjugated to CRM197 protein",True,
VAC1426,"Human papillomavirus vaccine, bivalent recombinant (types 16 and 18) (Pichia pastoris)","Human papillomavirus vaccine, bivalent recombinant (types 16 and 18) (Pichia pastoris)",True,
VAC1427,"Japanese encephalitis vaccine, whole inactivated, prepared in Vero cells, 6 micrograms","Japanese encephalitis vaccine, whole inactivated, prepared in Vero cells, 6 micrograms",True,
VAC1428,"COVID-19 vaccine, protein subunit, recombinant homodimeric RBD protein, Omicron variant XBB.1.16, with adjuvant (SQBA)","COVID-19 vaccine, protein subunit, recombinant homodimeric RBD protein, Omicron variant XBB.1.16, with adjuvant (SQBA)",True,
VAC1429,TETANEA,Anti-tetanus immunoglobulin,False,VAC0497
VAC1430,"COVID-19 bivalent mRNA vaccine against the original virus and the Omicron BA.4/5 variant, 50 micrograms, unspecified","COVID-19 bivalent mRNA vaccine against the original virus and the Omicron BA.4/5 variant, 50 micrograms, unspecified",True,
VAC1431,"RSV vaccine, unspecified","RSV vaccine, unspecified",True,
VAC1432,"Argentine hemorrhagic fever vaccine, Junin virus, unspecified","Argentine hemorrhagic fever vaccine, Junin virus, unspecified",True,
VAC1433,"Plague vaccine, unspecified","Plague vaccine, unspecified",True,
VAC1434,"Meningococcal A vaccine, unspecified","Meningococcal A vaccine, unspecified",True,
VAC1435,"Rabies vaccine, inactivated, whole virion, cell culture-based, unspecified","Rabies valence, inactivated, whole virion, cell culture-based, unspecified",True,
VAC1436,"Rabies vaccine, inactivated, whole virion, prepared from animal brain tissue infected with rabies virus, unspecified","Rabies vaccine, inactivated, whole virion, prepared from animal brain tissue infected with rabies virus, unspecified",True,
VAC1437,"Meningococcal vaccine, monovalent, conjugate","Meningococcal vaccine, monovalent, conjugate",True,
VAC1438,"Influenza vaccine, trivalent, inactivated, fractionated or subunit, adjuvanted","Influenza vaccine, trivalent, inactivated, fractionated or subunit, adjuvanted",True,
VAC1439,"Meningococcal vaccine, polyvalent, conjugate polysaccharide","Meningococcal vaccine, polyvalent, conjugate polysaccharide",True,
VAC1440,"Influenza vaccine, quadrivalent, inactivated, fractionated or subunit, adjuvanted, normal dose","Influenza valence, quadrivalent, inactivated, fractionated or subunit, adjuvanted, normal dose",True,
VAC1441,"Influenza vaccine, quadrivalent, inactivated, split or subunit, intradermal route, unspecified","Influenza vaccine, quadrivalent, inactivated, split or subunit, intradermal route, unspecified",True,
VAC1442,"Influenza vaccine, quadrivalent, virosomal, unspecified","Influenza vaccine, quadrivalent, virosomal, unspecified",True,
VAC1443,"Influenza vaccine, trivalent, virosomal, unspecified","Influenza vaccine, trivalent, virosomal, unspecified",True,
VAC1444,"Influenza vaccine, trivalent, VLP, unspecified","Influenza vaccine, trivalent, VLP, unspecified",True,
VAC1445,"Avian influenza vaccine, mRNA","Avian influenza vaccine, mRNA",True,
VAC1446,"Japanese encephalitis vaccine, inactivated, whole-virus, derived from Vero cells, 3 micrograms","Japanese encephalitis vaccine, inactivated, whole-virus, derived from Vero cells, 3 micrograms",True,
VAC1447,VACCIN BCG SYNTHAVERSE,Tuberculosis vaccine,False,VAC0134
VAC1448,BCG VACCINE MERCK,Live attenuated tuberculosis vaccine,False,VAC0134
VAC1449,DITANRIX-PEDIATRIC,"Paediatric diphtheria vaccine (toxoid, standard dose) and tetanus vaccine (toxoid)",False,VAC0137
VAC1450,HEPACARE,"Recombinant hepatitis B vaccine, adult dose",False,VAC0915
VAC1451,CHIROFLU,"Trivalent inactivated seasonal influenza vaccine, split virion",False,VAC0925
VAC1452,SCI-B-VAC,"Recombinant hepatitis B vaccine, three antigens (HbS, pre-S1 and pre-S2)",False,VAC1145
VAC1453,INVIVAC,"Influenza vaccine, trivalent, virosomal, unspecified",False,VAC1443
VAC1454,PRIMAVAX,"Diphtheria vaccine (anatoxin, standard dose), tetanus vaccine (anatoxin) and hepatitis B vaccine",False,VAC1552
VAC1455,MENGIVAC A + C,"Unconjugated meningococcal polysaccharide vaccine, serogroups A and C",False,VAC0151
VAC1456,WYVAC,"Whole virion inactivated rabies vaccine, prepared in MRC5 cells",False,VAC0943
VAC1457,TETRA-SOLGEN,"Pediatric diphtheria (toxoid, standard dose), tetanus (toxoid), pertussis (whole inactivated), and polio (whole inactivated, trivalent) vaccine",False,VAC1151
VAC1458,TRIDIPIGEN,"Paediatric diphtheria vaccine (toxoid, standard dose), tetanus vaccine (toxoid) and pertussis vaccine (whole inactivated)",False,VAC0136
VAC1459,TRINFAGEN N0.1,"Diphtheria toxoid (standard dose), tetanus toxoid and inactivated polio (trivalent) pediatric vaccine",False,VAC0088
VAC1460,SOLGEN,"Paediatric diphtheria vaccine (toxoid, standard dose), tetanus vaccine (toxoid) and pertussis vaccine (whole inactivated)",False,VAC0136
VAC1461,DIFTET,"Paediatric diphtheria vaccine (toxoid, standard dose) and tetanus vaccine (toxoid)",False,VAC0137
VAC1462,PNU-IMUNE 14,"Pneumococcal unconjugated polysaccharide vaccine, 23-valent, serotypes 1, 2, 3, 4, 5, 6B, 7F, 8, 9N, 9V, 10A, 11A, 12F, 14, 15B, 17F, 18C, 19A, 19F, 20, 22F, 23F and 33F",False,VAC1551
VAC1463,FREEZE-DRIED BCG VACCINE JAPAN,Tuberculosis vaccine,False,VAC0134
VAC1464,FLUBRON VACCINE,"Seasonal influenza vaccine, whole inactivated",False,VAC0820
VAC1465,PERDIPIGEN,"Paediatric diphtheria vaccine (toxoid, standard dose) and pertussis (whole-cell inactivated)",False,VAC1549
VAC1466,COMIRNATY LP.8.1 30 µg,"COVID-19 mRNA vaccine, subvariant Omicron LP.8.1, 30 micrograms, adult (+ 12 years)",False,VAC1471
VAC1467,COMIRNATY LP.8.1 3 µg,"COVID-19 mRNA vaccine, subvariant Omicron LP.8.1, 3 micrograms, paediatric dose (6 months-4 years)",False,VAC1470
VAC1468,COMIRNATY LP.8.1 10 µg,"COVID-19 mRNA vaccine, subvariant Omicron LP.8.1, 10 micrograms, paediatric dose (5-11 years)",False,VAC1472
VAC1469,mNEXSPIKE,"COVID-19 mRNA vaccine, encoding fragments (NTD and RBD) of the SARS-CoV-2 spike protein, Omicron LP.8.1 subvariant",False,VAC1473
VAC1470,"COVID-19 mRNA vaccine, subvariant Omicron LP.8.1, 3 micrograms, paediatric dose (6 months-4 years)","COVID-19 mRNA vaccine, subvariant Omicron LP.8.1, 3 micrograms, paediatric dose (6 months-4 years)",True,
VAC1471,"COVID-19 mRNA vaccine, subvariant Omicron LP.8.1, 30 micrograms, adult (+ 12 years)","COVID-19 mRNA vaccine, subvariant Omicron LP.8.1, 30 micrograms, adult (+ 12 years)",True,
VAC1472,"COVID-19 mRNA vaccine, subvariant Omicron LP.8.1, 10 micrograms, paediatric dose (5-11 years)","COVID-19 mRNA vaccine, subvariant Omicron LP.8.1, 10 micrograms, paediatric dose (5-11 years)",True,
VAC1473,"COVID-19 mRNA vaccine, encoding a fragment of the SARS-CoV-2 spike protein, Omicron LP.8.1 subvariant","COVID-19 mRNA vaccine, encoding a fragment of the SARS-CoV-2 spike protein, Omicron LP.8.1 subvariant",True,
VAC1474,ENFLONSIA (clesrovimab),Human RSV monoclonal antibody,False,VAC1475
VAC1475,"Human monoclonal antibody against respiratory syncytial virus (RSV), clesrovimab, unspecified","Human monoclonal antibody against respiratory syncytial virus (RSV), clesrovimab, unspecified",True,
VAC1476,"Meningococcal vaccine against A, C, W, Y (conjugated polysaccharide) and B","Meningococcal vaccine against A, C, W, Y (conjugated polysaccharide) and B",True,
VAC1477,ENCEPUR N CHILDREN,"Tick-borne encephalitis vaccine, whole-virus inactivated, K23 strain, 0,25 mL",False,VAC1550
VAC1478,SYNAGIS 50 mg (PALIZIVUMAB),hRSV monoclonal antibody,False,VAC1222
VAC1479,VACPERTAGEN,"Pertussis vaccine (recombinant, acellular, reduced-dose, bivalent, adsorbed).",False,VAC1232
VAC1480,PNEUMOVAX 23,"Unconjugated pneumococcal polysaccharide vaccine, 23-valent, serotypes 1, 2, 3, 4, 5, 6B, 7F, 8, 9N, 9V, 10A, 11A, 12F, 14, 15B, 17F, 18C, 19A, 19F, 20, 22F, 23F and 33F",False,VAC0339
VAC1481,FLUVACCINOL,"Trivalent inactivated seasonal influenza vaccine, surface antigen, adult dose",False,VAC0925
VAC1482,IMMUNOGLOBULINE HUMAINE DE L'HÉPATITE B LFB,Hepatitis b immune globulin (human),False,VAC0863
VAC1483,ENCEPUR N,"Tick-borne encephalitis vaccine, whole-virus inactivated, K23 strain",False,VAC1533
VAC1484,HEPRECOMB CHILDREN,"Recombinant hepatitis B vaccine, pediatric dose",False,VAC1227
VAC1485,GEN H-B-Vax 5,"Recombinant hepatitis B vaccine, pediatric dose",False,VAC1227
VAC1486,GEN H-B-Vax 10,Recombinant hepatitis B vaccine with 10 micrograms of HBs antigen for use from the age of 11 years,False,VAC0914
VAC1487,PREVENAR-7,"Pneumococcal conjugate vaccine, 7-valent, adsorbed, serotypes 4, 6B, 9V, 14, 18C, 19F and 23F",False,VAC0324
VAC1488,POLIORIX,Inactivated polio (trivalent) vaccine,False,VAC0270
VAC1489,CELTURA,"Pandemic influenza A(H1N1)pdm09 vaccine, inactivated",False,VAC0147
VAC1490,ALMEVAX,Live attenuated rubella vaccine,False,VAC0113
VAC1491,RUBEVAC,Live attenuated rubella vaccine,False,VAC0113
VAC1492,POLYOMYELITIS IMPFSTOFF BERNA,Inactivated polio (trivalent) vaccine,False,VAC0270
VAC1493,ACEL P,"Acellular pertussis vaccine, standard dose",False,VAC1167
VAC1494,DITEBOOSTER,Diphtheria toxoid (low dose) and tetanus toxoid vaccine,False,VAC0920
VAC1495,POLIO KOPROWSKI K1-K2-K3,"Polio vaccine (live attenuated, trivalent) against polioviruses 1, 2 and 3, oral",False,VAC0320
VAC1496,POLIO LILLY,Inactivated polio (trivalent) vaccine,False,VAC0270
VAC1497,TD-VIRELON,"Diphtheria toxoid (low dose), tetanus toxoid and inactivated polio (trivalent) vaccine",False,VAC0549
VAC1498,EPIVACCORONA-N,"COVID-19 protein subunit vaccine, recombinant protein",False,VAC1113
VAC1499,SPUTNIK-M,"COVID-19 vaccine, non-replicating viral vector, adenovirus 6 encoding the SARS-CoV-2 spike protein, intended for adolescents",False,VAC1143
VAC1500,COMIRNATY LP.8.1 50 µg,"COVID-19 mRNA vaccine, subvariant Omicron LP.8.1, 50 micrograms",False,VAC1546
VAC1501,SPIKEVAX LP.8.1 25 µg,"COVID-19 mRNA vaccine, subvariant Omicron LP.8.1, 25 micrograms",False,VAC1545
VAC1502,BIMERVAX LP.8.1,"COVID-19 vaccine, protein subunit, recombinant spike protein (RBD), Omicron LP.8.1 subvariant",False,VAC1503
VAC1503,"COVID-19 vaccine, protein subunit, recombinant spike protein (RBD), Omicron LP.8.1 subvariant","COVID-19 vaccine, protein subunit, recombinant spike protein (RBD), Omicron LP.8.1 subvariant",True,
VAC1504,TD-PUR,Diphtheria toxoid (low dose) and tetanus toxoid vaccine,False,VAC0920
VAC1505,SCTV01C,"COVID-19 protein subunit vaccine, recombinant protein",False,VAC1113
VAC1506,STROVAC,"Urinary tract infections vaccine, Escherichia coli, Klebsiella pneumoniæ, Enterococcus fæcalis, Morganella morganii, Proteus mirabilis",False,VAC1553
VAC1507,BUTANTAN-DV,"Live-attenuated, recombinant chimeric, quadrivalent vaccine against the four serotypes (DEN-1, DEN-2, DEN-3 and DEN-4) of the dengue virus",False,VAC1544
VAC1508,BUTANTAN HEP A,Inactivated hepatitis A vaccine,False,VAC0102
VAC1509,BUTANTAN HEP B,"Hepatitis B vaccine, recombinant hepatitis B surface antigen (HBsAg), unspecified",False,VAC0101
VAC1510,BUTANTAN HPV,"Human Papillomavirus vaccine, quadrivalent (types 6, 11, 16, and 18), recombinant",False,VAC0859
VAC1511,BUTANTAN DT,"Paediatric diphtheria vaccine (toxoid, standard dose) and tetanus vaccine (toxoid)",False,VAC0137
VAC1512,BUTANTAN DT ADULT,Diphtheria toxoid (low dose) and tetanus toxoid vaccine,False,VAC0920
VAC1513,BUTANTAN DTP,"Diphtheria toxoid (standard dose), tetanus toxoid and pertussis (whole-cell inactivated) pediatric vaccine",False,VAC0136
VAC1514,BUTANTAN DTAP,"Diphtheria toxoid (low dose), tetanus toxoid and pertussis toxoid (acellular, low dose) vaccine",False,VAC0610
VAC1515,BUTANTAN RABIES,"Whole virion inactivated rabies vaccine, cultured on Vero cells",False,VAC1116
VAC1516,BUTANTAN INFLUENZA,"Trivalent inactivated seasonal influenza vaccine, split virion",False,VAC0925
VAC1517,AUJEMFLU,"Influenza vaccine, trivalent, inactivated, fractionated or subunit, adjuvanted",False,VAC1438
VAC1518,MFLUSIVA,"Influenza vaccine, trivalent, messenger RNA",False,VAC1548
VAC1519,COMIRNATY XFG 10 µg,"COVID-19 mRNA vaccine, subvariant Omicron XFG, 10 micrograms, paediatric dose (5-11 years)",False,VAC1521
VAC1520,COMIRNATY XFG 30 µg,"COVID-19 mRNA vaccine, subvariant Omicron XFG, 30 micrograms, adult (+ 12 years)",False,VAC1522
VAC1521,"COVID-19 mRNA vaccine, subvariant Omicron XFG, 10 micrograms, paediatric dose (5-11 years)","COVID-19 mRNA vaccine, subvariant Omicron XFG, 10 micrograms, paediatric dose (5-11 years)",True,
VAC1522,"COVID-19 mRNA vaccine, subvariant Omicron LP.8.1, 30 micrograms, adult (+ 12 years)","COVID-19 mRNA vaccine, subvariant Omicron XFG, 30 micrograms, adult (+ 12 years)",True,
VAC1523,KEYTRUDA,"Melanoma vaccine, messenger RNA, individualized neoantigens",False,VAC1524
VAC1524,"Melanoma vaccine, messenger RNA, individualized neoantigens","Melanoma vaccine, messenger RNA, individualized neoantigens",True,
VAC1525,NUVAXOVID XFG,"COVID-19 vaccine, protein subunit, recombinant spike protein nanoparticles, with adjuvant (Matrix M), Omicron XFG subvariant",False,VAC1528
VAC1526,BIMERVAX XFG.1.1,"COVID-19 protein subunit vaccine, recombinant spike protein (RBD domain), with adjuvant (SQBA), Omicron XFG.1.1 subvariant.",False,VAC1527
VAC1527,"COVID-19 protein subunit vaccine, recombinant spike protein (RBD domain), with adjuvant (SQBA), Omicron XFG.1.1 subvariant.","COVID-19 protein subunit vaccine, recombinant spike protein (RBD domain), with adjuvant (SQBA), Omicron XFG.1.1 subvariant.",True,
VAC1528,"COVID-19 vaccine, protein subunit, recombinant spike protein nanoparticles, with adjuvant (Matrix M), Omicron XFG subvariant","COVID-19 vaccine, protein subunit, recombinant spike protein nanoparticles, with adjuvant (Matrix M), Omicron XFG subvariant",True,
VAC1529,SPIKEVAX XFG 25 µg,"COVID-19 mRNA vaccine, subvariant Omicron XFG, 25 micrograms",False,VAC1532
VAC1530,SPIKEVAX XFG 50 µg,"COVID-19 mRNA vaccine, subvariant Omicron XFG, 50 micrograms",False,VAC1531
VAC1531,"COVID-19 mRNA vaccine, subvariant Omicron XFG, 50 micrograms","COVID-19 mRNA vaccine, subvariant Omicron XFG, 50 micrograms",True,
VAC1532,"COVID-19 mRNA vaccine, subvariant Omicron XFG, 25 micrograms","COVID-19 mRNA vaccine, subvariant Omicron XFG, 25 micrograms",True,
VAC1533,"Tick-borne encephalitis vaccine, whole-virus inactivated, K23 strain","Tick-borne encephalitis vaccine, whole-virus inactivated, K23 strain",True,
VAC1534,"Trivalent inactivated seasonal influenza vaccine, split virion, pediatric form","Trivalent inactivated seasonal influenza vaccine, split virion, pediatric form",True,
VAC1535,"COVID-19 vaccine, protein subunit, recombinant spike protein, with adjuvant unspecified","COVID-19 vaccine, protein subunit, recombinant spike protein, with adjuvant unspecified",True,
VAC1536,"COVID-19 mRNA vaccine, bivalent, original virus + Omicron variant, 50 micrograms each","COVID-19 mRNA vaccine, bivalent, original virus + Omicron variant, 50 micrograms each",True,
VAC1537,"Cholera vaccine, oral, containing formalin-inactivated whole V. cholerae O1 bacteria","Cholera vaccine, oral, containing formalin-inactivated whole V. cholerae O1 bacteria",True,
VAC1538,"COVID-19 bivalent mRNA vaccine, original virus + Omicron BA.1 variant, 25 micrograms each","COVID-19 bivalent mRNA vaccine, original virus + Omicron BA.1 variant, 25 micrograms each",True,
VAC1539,"Meningococcal broad-spectrum vaccine against serogroups A, B, C, W and Y","Meningococcal broad-spectrum vaccine against serogroups A, B, C, W and Y",True,
VAC1540,"Typhoid and tetanus vaccine, injectable suspension","Typhoid and tetanus vaccine, injectable suspension",True,
VAC1541,"Influenza quadrivalent inactivated vaccine, split or subunit, unspecified","Influenza quadrivalent inactivated vaccine, split or subunit, unspecified",True,
VAC1542,"Typhoid conjugate to diphtheria toxoid vaccine, unspecified","Typhoid conjugate to diphtheria toxoid vaccine, unspecified",True,
VAC1543,Malaria vaccine,Malaria vaccine,True,
VAC1544,"Dengue vaccine, live-attenuated, recombinant chimeric, quadrivalent against the four serotypes (DEN-1, DEN-2, DEN-3 and DEN-4)","Dengue vaccine, live-attenuated, recombinant chimeric, quadrivalent against the four serotypes (DEN-1, DEN-2, DEN-3 and DEN-4)",True,
VAC1545,"COVID-19 vaccine, Omicron variant LP.8.1, mRNA encoding the SARS-CoV-2 spike protein, 25 micrograms","COVID-19 vaccine, Omicron variant LP.8.1, mRNA encoding the SARS-CoV-2 spike protein, 25 micrograms",True,
VAC1546,"COVID-19 vaccine, Omicron variant LP.8.1, mRNA encoding the SARS-CoV-2 spike protein, 50 micrograms.","COVID-19 vaccine, Omicron variant LP.8.1, mRNA encoding the SARS-CoV-2 spike protein, 50 micrograms.",True,
VAC1547,"Diphtheria toxoid (standard dose), tetanus toxoid, pertussis (whole cell), Haemophilus influenzae type b (conjugated to tetanus toxoid), inactivated polio (trivalent) and hepatitis B (recombinant) pediatric vaccine, adsorbed","Diphtheria toxoid (standard dose), tetanus toxoid, pertussis (whole cell), Haemophilus influenzae type b (conjugated to tetanus toxoid), inactivated polio (trivalent) and hepatitis B (recombinant) pediatric vaccine, adsorbed",True,
VAC1548,"Influenza vaccine, RNA-based, trivalent, unspecified","Influenza vaccine, RNA-based, trivalent, unspecified",True,
VAC1549,"Diphtheria vaccine (toxoid, standard dose) and pertussis (whole-cell inactivated), paediatric","Diphtheria vaccine (toxoid, standard dose) and pertussis (whole-cell inactivated), paediatric",True,
VAC1550,"Tick-borne encephalitis vaccine, whole-virus inactivated, K23 strain, 0,25 mL","Tick-borne encephalitis vaccine, whole-virus inactivated, K23 strain, 0,25 mL",True,
VAC1551,"Pneumococcal unconjugated polysaccharide vaccine, 23-valent, serotypes 1, 2, 3, 4, 5, 6B, 7F, 8, 9N, 9V, 10A, 11A, 12F, 14, 15B, 17F, 18C, 19A, 19F, 20, 22F, 23F and 33F","Pneumococcal unconjugated polysaccharide vaccine, 23-valent, serotypes 1, 2, 3, 4, 5, 6B, 7F, 8, 9N, 9V, 10A, 11A, 12F, 14, 15B, 17F, 18C, 19A, 19F, 20, 22F, 23F and 33F",True,
VAC1552,"Diphtheria vaccine (anatoxin, standard dose), tetanus vaccine (anatoxin) and hepatitis B vaccine","Diphtheria vaccine (anatoxin, standard dose), tetanus vaccine (anatoxin) and hepatitis B vaccine",True,
VAC1553,"Urinary tract infections vaccine, Escherichia coli, Klebsiella pneumoniæ, Enterococcus fæcalis, Morganella morganii, Proteus mirabilis","Urinary tract infections vaccine, Escherichia coli, Klebsiella pneumoniæ, Enterococcus fæcalis, Morganella morganii, Proteus mirabilis",True,
VAC1554,VAXRABEO,"Whole inactivated rabies vaccine, prepared in Vero cell culture (PVRV), Wistar strain, inactivation by ß-propiolactone",False,VAC1116
VAC1555,"Non-HPV-related squamous cell carcinomas of the head and neck vaccine, unspecified","Non-HPV-related squamous cell carcinomas of the head and neck vaccine, unspecified",True,
VAC1556,TG4050,"Non-HPV-related squamous cell carcinomas of the head and neck vaccine, unspecified",False,VAC1555
