NUVA,label,comment,type,instanceOf,valences
VAC0000,#Orphans,Abstract for orphan vaccines,abstract,,
VAC0001,ACT-HIB,Haemophilus influenzae type b conjugate vaccine (tetanus protein conjugate),real,VAC0345,
VAC0002,AGRIPPAL,"Trivalent inactivated seasonal influenza vaccine, egg-based, surface antigen",real,VAC0925,
VAC0003,AVAXIM 160 U,"Inactivated hepatitis A vaccine, adult dose",real,VAC0910,
VAC0004,D.T. POLIO MERIEUX,"Diphtheria toxoid (standard dose), tetanus toxoid and inactivated polio (trivalent) pediatric vaccine",real,VAC0088,
VAC0005,DUKORAL,Oral cholera vaccine containing recombinant cholera toxin subunit B (rTCB) and inactivated bacteria with an adjuvant role,real,VAC1213,
VAC0006,FLUVIRINE,"Trivalent inactivated seasonal influenza vaccine, egg-based, surface antigen",real,VAC0925,
VAC0007,GARDASIL,"Human papillomavirus vaccine based on VLP (Virus Like Particles), quadrivalent (types 6, 11, 16 and 18), recombinant, adsorbed",real,VAC0859,
VAC0008,GRIPGUARD,"Trivalent inactivated seasonal influenza vaccine, egg-based, surface antigen, adjuvanted",real,VAC0925,
VAC0009,HBVAXPRO 10 µg,"Recombinant hepatitis B vaccine, adult dose",real,VAC0914,
VAC0010,HBVAXPRO 40 µg,"Recombinant hepatitis B vaccine, dialysis patient dosage",real,VAC0916,
VAC0011,HBVAXPRO 5 µg,"Recombinant hepatitis B vaccine, pediatric dose",real,VAC1227,
VAC0012,IMMUGRIP,"Trivalent inactivated seasonal influenza vaccine, split virion",real,VAC0925,
VAC0013,IMOVAX POLIO,Inactivated polio (trivalent) vaccine,real,VAC0270,
VAC0014,INFANRIX HEXA,"Diphtheria toxoid (standard dose), tetanus toxoid, pertussis (multicomponent acellular, 3 components, standard dose), Haemophilus influenzae type b (conjugated to tetanus toxoid), inactivated polio (trivalent) and hepatitis B (recombinant) pediatric vaccine, adsorbed",real,VAC1121,
VAC0015,INFANRIXQUINTA,"Diphtheria toxoid (standard dose), tetanus toxoid, pertussis (multicomponent acellular, 3 components, standard dose), Haemophilus influenzae type b (conjugated to tetanus toxoid) and inactivated polio (trivalent) pediatric vaccine, adsorbed",real,VAC1115,
VAC0016,"INFLUVAC 0,5 mL","Trivalent inactivated seasonal influenza vaccine, surface antigen, adult dose",real,VAC0925,
VAC0017,M-M-RVAXPRO,"Live attenuated measles, mumps and rubella vaccine",real,VAC0130,
VAC0018,MENCEVAX,"Unconjugated meningococcal polysaccharide vaccine, serogroups A, C, W and Y",real,VAC0152,
VAC0019,MENINGITEC,"Meningococcal conjugate vaccine, serogroup C (conjugated to CRM197 Protein)",real,VAC1211,
VAC0020,MENJUGATEKIT 10 µg,"Meningococcal conjugate vaccine, serogroup C (conjugated to CRM197 Protein)",real,VAC1211,
VAC0021,MUTAGRIP,"Trivalent inactivated seasonal influenza vaccine, split virion",real,VAC0925,
VAC0022,NEISVAC,"Meningococcal conjugate vaccine, serogroup C (conjugated to tetanus toxoid)",real,VAC1184,
VAC0023,PENTAVAC,"Diphtheria toxoid (standard dose), tetanus toxoid, pertussis (multicomponent acellular, 5 components, standard dose), Haemophilus influenzae type b (conjugated to tetanus toxoid) and inactivated polio (trivalent) pediatric vaccine, adsorbed",real,VAC1115,
VAC0024,PNEUMO 23,"Unconjgated pneumococcal polysaccharide vaccine, 23-valent, serotypes 1, 2, 3, 4, 5, 6B, 7F, 8, 9N, 9V, 10A, 11A, 12F, 14, 15B, 17F, 18C, 19A, 19F, 20, 22F, 23F and 33F",real,VAC0339,
VAC0025,PREVENAR,"Pneumococcal conjugate vaccine, 7-valent, adsorbed, serotypes 4, 6B, 9V, 14, 18C, 19F and 23F",real,VAC0324,
VAC0026,PREVIGRIP,"Trivalent inactivated seasonal influenza vaccine, surface antigen",real,VAC0925,
VAC0027,R.O.R. VAX,"Live attenuated measles, mumps and rubella vaccine",real,VAC0130,
VAC0028,RABIPUR,"Whole virion inactivated rabies vaccine, Flury LEP strain, purified chick embryo cell vaccine (PCECV), inactivated with ß-propiolactone",real,VAC0942,
VAC0029,REPEVAX,"Diphtheria toxoid (low dose), tetanus toxoid, pertussis (multicomponent acellular, 5 components, low dose) and inactivated polio (trivalent) vaccine, adsorbed",real,VAC0585,
VAC0030,REVAXIS,"Diphtheria toxoid (low dose), tetanus toxoid and inactivated polio (trivalent) vaccine, adsorbed",real,VAC0549,
VAC0031,ROTATEQ,"Live attenuated pentavalent rotavirus vaccine, oral",real,VAC0828,
VAC0032,ROUVAX,Live attenuated measles vaccine,real,VAC0114,
VAC0033,RUDIVAX,Live attenuated rubella vaccine,real,VAC0113,
VAC0034,SPIROLEPT,Inactivated whole-cell leptospirosis vaccine,real,VAC0148,
VAC0035,STAMARIL,Live attenuated yellow fever vaccine,real,VAC0111,
VAC0036,TETAGRIP,"Trivalent inactivated seasonal influenza, split virion and tetanus toxoid vaccine",real,VAC1130,
VAC0037,TETRAVAC-ACELLULAIRE,"Diphtheria toxoid (standard dose), tetanus toxoid, pertussis (multicomponent acellular, standard dose) and inactivated polio (trivalent) pediatric vaccine",real,VAC0551,
VAC0038,"TICOVAC 0,5 mL","Tick-borne encephalitis vaccine, whole-virus inactivated, Neudörfl strain, adult dose",real,VAC1038,
VAC0039,"TICOVAC 0,25 mL","Tick-borne encephalitis vaccine, whole-virus inactivated, pediatric dose",real,VAC1037,
VAC0040,TYAVAX,"Hepatitis A (inactivated, adsorbed) and typhoid vaccine (polysaccharide)",real,VAC1114,
VAC0041,TYPHIM VI,Polysaccharide typhoid vaccine (Vi capsular antigen),real,VAC0713,
VAC0042,VACCIN BCG SSI,Tuberculosis vaccine,real,VAC0134,
VAC0043,BOOSTRIXTETRA,"Diphtheria toxoid (low dose), tetanus toxoid, pertussis (multicomponent acellular, 5 components, low dose) and inactivated polio (trivalent) vaccine, adsorbed",real,VAC0585,
VAC0044,CERVARIX,"Human Papillomavirus vaccine, based on VLP (Virus Like Particles), bivalent (types 16 and 18), recombinant, adsorbed",real,VAC0858,
VAC0045,ENGERIX B 10 µg,"Hepatitis B recombinant vaccine, pediatric dose",real,VAC0914,
VAC0046,ENGERIX B 20 µg,"Recombinant hepatitis B vaccine, adult dose",real,VAC0915,
VAC0047,FLUARIX,"Trivalent inactivated seasonal influenza vaccine, split virion",real,VAC0925,
VAC0048,GENHEVAC B PASTEUR,"Recombinant hepatitis B vaccine, HBsAg 20 µg, children and adult dose",real,VAC0915,
VAC0049,HAVRIX 1440 U/1mL,"Inactivated hepatitis A vaccine, adult dose",real,VAC0910,
VAC0050,"HAVRIX 720 U/0,5 mL","Inactivated hepatitis A vaccine, pediatric dose",real,VAC0911,
VAC0051,INFANRIXTETRA,"Diphtheria toxoid (standard dose), tetanus toxoid, pertussis (multicomponent acellular, standard dose) and inactivated polio (trivalent) pediatric vaccine",real,VAC0551,
VAC0052,VACCIN MENINGOCOCCIQUE A+C,"Unconjugated meningococcal polysaccharide vaccine, serogroups A and C",real,VAC0151,
VAC0053,PRIORIX,"Live attenuated measles, mumps and rubella vaccine",real,VAC0130,
VAC0054,VACCIN RABIQUE PASTEUR,"Whole virion inactivated rabies vaccine, Wistar virus strain PM1503-3M, cultured on Vero cells",real,VAC1116,
VAC0056,VACCIN TETANIQUE PASTEUR,Tetanus toxoid vaccine,real,VAC0132,
VAC0057,TWINRIX 20 µg,"Combined hepatitis A and B vaccine, adult dose",real,VAC0654,
VAC0058,TWINRIX 10 µg,"Combined hepatitis A and B vaccine, pediatric dose",real,VAC0653,
VAC0059,TYPHERIX,Polysaccharide typhoid vaccine (Vi capsular antigen),real,VAC0713,
VAC0060,VARILRIX,Live attenuated chickenpox vaccine,real,VAC0159,
VAC0061,VARIVAX,Live attenuated chickenpox vaccine,real,VAC0159,
VAC0062,VAXIGRIP,"Trivalent inactivated seasonal influenza vaccine, split virion",real,VAC0925,
VAC0063,TETRACOQ,"Diphtheria toxoid (standard dose), tetanus toxoid, pertussis (whole-cell inactivated) and inactivated polio (trivalent) pediatric vaccine",real,VAC1151,
VAC0064,PENTACOQ,"Diphtheria toxoid (standard dose), tetanus toxoid, pertussis (whole-cell inactivated), Haemophilus influenzae type b (conjugated to tetanus toxoid) and inactivated polio (trivalent) pediatric vaccine, adsorbed",real,VAC1126,
VAC0066,DTCP PASTEUR,"Diphtheria toxoid (standard dose), tetanus toxoid, pertussis (multicomponent acellular, standard dose) and inactivated polio (trivalent) pediatric vaccine",real,VAC0551,
VAC0067,HAVRIX 360 U,"Inactivated hepatitis A vaccine, pediatric dose",real,VAC0911,
VAC0068,MONOVAX,Tuberculosis vaccine,real,VAC0134,
VAC0069,MENOMUNE,"Unconjugated meningococcal polysaccharide vaccine, serogroups A, C, W and Y",real,VAC0152,
VAC0070,DT BIS,Diphtheria toxoid (standard dose) and tetanus toxoid pediatric vaccine,real,VAC0137,
VAC0071,D.T. BIS - RUDIVAX,"Diphtheria toxoid (standard dose), tetanus toxoid and Rubella (live attenuated) pediatric vaccine",real,VAC1221,
VAC0072,JE-VAX,"Whole virion inactivated Japanese encephalitis vaccine, mouse brain-derived, Nakayama strain - Other names: JEVAX, BIKEN",real,VAC1196,
VAC0073,IXIARO,"Whole virion inactivated Japanese encephalitis vaccine, Vero cell-derived, adsorbed",real,VAC1111,
VAC0074,D.T. COQ MERIEUX,"Diphtheria toxoid (standard dose), tetanus toxoid and pertussis (whole-cell inactivated) pediatric vaccine",real,VAC0136,
VAC0076,DTVax,Diphtheria toxoid (standard dose) and tetanus toxoid pediatric vaccine,real,VAC0137,
VAC0077,IMOVAX Mumps,Live attenuated mumps vaccine,real,VAC0153,
VAC0078,RUDI-ROUVAX,Live attenuated measles and rubella vaccine,real,VAC0550,
VAC0079,ENCEPUR,"Tick-borne encephalitis vaccine, whole-virus inactivated, K23 strain",real,VAC1533,
VAC0080,BCG PASTEUR,Tuberculosis vaccine,real,VAC0134,
VAC0082,MenBvac,"Meningococcal vaccine, serogroup B (outer membrane vesicle protein B:14:P1.7,16)",real,VAC0149,
VAC0083,SYNFLORIX,"Pneumococcal polysaccharide conjugate vaccine, 10-valent, seroptypes 1, 4, 5, 6B, 7F, 9V, 14, 18C, 19F and 23F",real,VAC1233,
VAC0084,"H5N1 pre-pandemic influenza vaccine, unspecified",Szczepionka przeciwko grypie A(H5N1),abstract,,AH5N1
VAC0085,T POLIO MERIEUX,Tetanus toxoid and inactivated polio (trivalent) vaccine,real,VAC0380,
VAC0086,TETAVAX,Tetanus toxoid vaccine,real,VAC0132,
VAC0087,VAXICOQ,Pertussis (whole-cell inactivated) vaccine,real,VAC0163,
VAC0088,"DTIPV vaccine, unspecified","Toksoid błoniczy (dawka standardowa), toksoid tężcowy i inaktywowana szczepionka pediatryczna przeciwko polio (trójwalentna)",abstract,,POLIO-I|T|D
VAC0090,VACCIN BRUCELLIQUE P.I. à usage humain,Protein (P.I. antigen) brucellosis vaccine,real,VAC1203,
VAC0091,VACCIN CCB PASTEUR,A combination of inactivated bacteria to stimulate the immune system. CCB = against bronchial complications. Not really a vaccine...,real,VAC0157,
VAC0092,VACCIN CHOLERIQUE PASTEUR,Inactivated whole-cell cholera vaccine for injection,real,VAC0805,
VAC0093,VACCIN DT TAB PASTEUR,"Diphtheria toxoid (standard dose), tetanus toxoid, typhoid (whole-cell inactivated) and paratyphoid A and B (whole-cell inactivated) pediatric vaccine",real,VAC1225,
VAC0094,VACCIN SABIN POLIO ORAL,"Polio vaccine (live attenuated, trivalent) against polioviruses 1, 2 and 3, oral",real,VAC0320,
VAC0095,VACCIN TAB PASTEUR,"Typhoid and paratyphoid A and B vaccine, whole-cell inactivated",real,VAC0818,
VAC0096,VACCIN GRIPPAL RONCHESE (VGR),"Trivalent inactivated seasonal influenza vaccine, split virion",real,VAC0925,
VAC0097,VACCIN LEPTOSPIRES ICTEROHEMORRAGIAE PASTEUR,Inactivated whole-cell leptospirosis vaccine,real,VAC0148,
VAC0098,HEXAVAC,"Diphtheria toxoid (standard dose), tetanus toxoid, pertussis (multicomponent acellular, standard dose), Haemophilus influenzae type b (conjugated to tetanus toxoid), inactivated polio (trivalent) and hepatitis B (recombinant) pediatric vaccine, adsorbed",real,VAC1121,
VAC0099,MENINVACT,"Meningococcal conjugate vaccine, serogroup C (conjugated to CRM197 Protein)",real,VAC1211,
VAC0101,"Rekombinowana szczepionka przeciw wirusowemu zapaleniu wątroby typu B, nieokreślona","Rekombinowana szczepionka przeciwko wirusowemu zapaleniu wątroby typu B, dawka nieokreślona",abstract,,rHBsAg
VAC0102,"Inaktywowana szczepionka przeciw wirusowemu zapaleniu wątroby typu A, nieokreślona","Inaktywowana szczepionka przeciwko wirusowemu zapaleniu wątroby typu A, dawka pediatryczna lub dla dorosłych",abstract,,HepA-I
VAC0103,MENACTRA,"Quadrivalent meningococcal polysaccharide conjugate vaccine, serogroups A, C, W and Y (conjugated to diphteria toxoid)",real,VAC1153,
VAC0104,HUMENZA,"Pandemic influenza A(H1N1)pdm09 vaccine, inactivated",real,VAC0147,
VAC0105,PANENZA,"Pandemic influenza A(H1N1)pdm09 vaccine, inactivated",real,VAC0147,
VAC0106,Q-Pan H1N1,"Pandemic influenza A(H1N1)pdm09 vaccine, inactivated",real,VAC0147,
VAC0107,CELVAPAN,Whole-virion inactivated influenza A(H1N1)pdm09 pandemic vaccine,real,VAC0147,
VAC0108,PANDEMRIX,"Pandemic influenza A(H1N1)pdm09 vaccine, inactivated",real,VAC0147,
VAC0109,FOCETRIA (unidose),"Pandemic influenza A(H1N1)pdm09 vaccine, inactivated, egg-based, surface antigen, with adjuvant",real,VAC0147,
VAC0110,"Influenza vaccine, unspecified",Szczepionka przeciwko grypie sezonowej,abstract,,Inf
VAC0111,"Yellow fever vaccine, unspecified",Żywa atenuowana szczepionka przeciwko żółtej gorączce,abstract,,YF
VAC0112,"Typhoid vaccine, unspecified","Typhoid vaccine, unspecified",abstract,,Ty
VAC0113,"Rubella vaccine, unspecified",Żywa atenuowana szczepionka przeciwko różyczce,abstract,,Rub-LAV
VAC0114,"Measles live attenuated vaccine, unspecified",Żywa atenuowana szczepionka przeciwko odrze,abstract,,Meas-LAV
VAC0115,AVAXIM 80 U,"Inactivated hepatitis A vaccine, pediatric dose",real,VAC0911,
VAC0116,R.O.R SANOFI PASTEUR,"Live attenuated measles, mumps and rubella vaccine",real,VAC0130,
VAC0120,VACCIN VARICELLE MERIEUX,Live attenuated chickenpox vaccine,real,VAC0159,
VAC0121,PRIORIX-TETRA,"Live attenuated measles, mumps, rubella and chickenpox vaccine",real,VAC0827,
VAC0123,PREVENAR 13,"Pneumococcal polysaccharide conjugate vaccine, 13-valent, adsorbed, serotypes 1, 3, 4 , 5, 6A, 6B, 7F, 9V, 14, 18C, 19A, 19F and 23F",real,VAC0997,
VAC0124,FOCETRIA (multidose),"Pandemic influenza A(H1N1)pdm09 vaccine, inactivated, egg-based, surface antigen, with adjuvant",real,VAC0147,
VAC0125,AREPANRIX,"Pandemic influenza A(H1N1)pdm09 vaccine, inactivated",real,VAC0147,
VAC0126,HEVAC B,Plasma vaccine against hepatitis B (first French vaccine),real,VAC1125,
VAC0127,HB VAX DNA 5 µg,"Recombinant hepatitis B vaccine, pediatric dose",real,VAC1227,
VAC0128,HB VAX DNA 10 µg,"Recombinant hepatitis B vaccine with 10 micrograms of HBs antigen (although 10 µg, this vaccine is indicated from the age of 16)",real,VAC0914,
VAC0129,HB VAX DNA 40 µg,"Recombinant hepatitis B vaccine, dialysis patient dosage",real,VAC0916,
VAC0130,"MMR vaccine, unspecified","Żywa atenuowana szczepionka przeciwko odrze, śwince i różyczce",abstract,,Meas-LAV|Mumps-LAV|Rub-LAV
VAC0131,"Rabies vaccine, unspecified",Inaktywowana w całości szczepionka przeciwko wściekliźnie,abstract,,Rab-I
VAC0132,"Tetanus vaccine, unspecified",Szczepionka zawierająca toksoid tężcowy,abstract,,T
VAC0133,"Smallpox vaccine, unspecified",Żywa atenuowana szczepionka przeciwko ospie wietrznej,abstract,,Smallpox-L
VAC0134,"BCG vaccine, unspecified",Szczepionka przeciw gruźlicy,abstract,,BCG
VAC0135,"Polio vaccine, unspecified","Szczepionka przeciwko polio (żywa, atenuowana, trójwartościowa)",abstract,,POLIO
VAC0136,"DTwP - Diphtheria-Tetanus-Pertussis, unspecified","Toksoid błoniczy (dawka standardowa), toksoid tężcowy i inaktywowana całokomórkowa szczepionka pediatryczna przeciwko krztuścowi",abstract,,wP|T|D
VAC0137,"DT vaccine, unspecified",Szczepionka pediatryczna zawierająca toksoid błoniczy (dawka standardowa) i toksoid tężcowy,abstract,,T|D
VAC0138,"Diphtheria-Tetanus-Pertussis-Polio vaccine, unspecified","Toksoid błoniczy (dawka nieokreślona), toksoid tężcowy, acelularna lub całokomórkowa inaktywowana szczepionka przeciw krztuścowi (dawka nieokreślona) oraz inaktywowana szczepionka przeciw polio (trójwalentna)",abstract,,Per|POLIO-I|T|D-d
VAC0139,PENT-HIBEST,"Diphtheria toxoid (standard dose), tetanus toxoid, pertussis (whole-cell inactivated), Haemophilus influenzae type b (conjugated to tetanus toxoid) and inactivated polio (trivalent) pediatric vaccine, adsorbed",real,VAC1126,
VAC0140,INTANZA,"Trivalent inactivated seasonal influenza vaccine, split virion, intradermal",real,VAC0925,
VAC0141,MENVEO,"Quadrivalent meningococcal polysaccharide conjugate vaccine, serogroups A, C, W and Y (conjugated to CRM197 Protein)",real,VAC1133,
VAC0143,"Haemophilus influenzae B (or Hib) vaccine, unspecified",Szczepionka skoniugowana przeciwko Haemophilus influenzae typu b,abstract,,Hib-C
VAC0144,"Cholera vaccine, unspecified","Cholera vaccine, unspecified",abstract,,Chol
VAC0145,"Tick-borne encephalitis vaccine, unspecified",Szczepionka przeciwko kleszczowemu zapaleniu mózgu,abstract,,TBE
VAC0146,"Live attenuated Japanese Encephalitis vaccine 14-14-2 strain, unspecified","Żywa atenuowana szczepionka przeciwko japońskiemu zapaleniu mózgu, szczep 14-14-2",abstract,,JE-LAV-14-14-2
VAC0147,"Influenza A(H1N1)2009 vaccine, unspecified","Szczepionka przeciwko grypie pandemicznej A(H1N1)pdm09, inaktywowana",abstract,,Inf-pdm09
VAC0148,"Leptospirosis vaccine, unspecified","Inaktywowana, całokomórkowa szczepionka przeciwko leptospirozie",abstract,,Lepto-wI
VAC0149,"Meningococcal B:14:P1.7,16 vaccine, unspecified","Szczepionka meningokokowa B (białko pęcherzyka błony zewnętrznej B:14:P1.7,16)",abstract,,MenB-OMP
VAC0150,"Meningococcal conjugate vaccine C, unspecified",Szczepionka meningokokowa C skoniugowana,abstract,,MCV-C
VAC0151,"Meningococcal A + C vaccine, unspecified","Nieskoniugowana polisacharydowa szczepionka meningokokowa, serogrupy A i C",abstract,,MPV-A|MPV-C
VAC0152,"Unconjugated meningococcal vaccine ACWY, unspecified","Nieskoniugowana polisacharydowa szczepionka meningokokowa, serogrupy A, C, W i Y",abstract,,MPV-A|MPV-C|MPV-W|MPV-Y
VAC0153,"Mumps vaccine, unspecified",Żywa atenuowana szczepionka przeciwko śwince,abstract,,Mumps-LAV
VAC0154,"Malaria vaccine, unspecified",Szczepionka przeciwko malarii (stosowana w badaniach klinicznych),abstract,,Mala
VAC0155,"Dengue vaccine, unspecified","Dengue vaccine, unspecified",abstract,,Den
VAC0156,HPV Vaccine,"Szczepionka przeciwko wirusowi brodawczaka ludzkiego, niespecyfikowana",abstract,,HPV
VAC0157,"Pneumococcal vaccine, unspecified","Pneumokokowa szczepionka polisacharydowa skoniugowana lub niespokrewniona, liczba serotypów nieokreślona",abstract,,Pneumo
VAC0158,"Rotavirus vaccine, unspecified",Szczepionka przeciwko rotawirusom,abstract,,Rota
VAC0159,"Chickenpox vaccine, unspecified",Szczepionka przeciwko ospie wietrznej,abstract,,VZV-LAV
VAC0160,"Live attenuated shingles vaccine, unspecified",Żywa atenuowana szczepionka przeciw półpaścowi,abstract,,Shingles-L
VAC0161,ZOSTAVAX,Live attenuated shingles vaccine,real,VAC0160,
VAC0162,"Brucellosis vaccine, unspecified","Brucellosis vaccine, unspecified",abstract,,Bruc
VAC0163,"Whole-cell inactivated pertussis vaccine, unspecified",Całokomórkowa inaktywowana szczepionka przeciwko krztuścowi,abstract,,wP
VAC0164,INTANZA 9 µg,"Trivalent inactivated seasonal influenza vaccine, split virion",real,VAC0925,
VAC0165,"VAQTA 25 U/0,5 mL","Inactivated hepatitis A vaccine, pediatric dose",real,VAC0911,
VAC0166,VAQTA 50 U,"Inactivated hepatitis A vaccine, adult dose",real,VAC0910,
VAC0168,AMBIRIX,"Combined hepatitis A and B vaccine, pediatric dose",real,VAC1226,
VAC0169,OPTAFLU,"Trivalent inactivated seasonal influenza vaccine, surface antigen, cell-cultured",real,VAC0925,
VAC0170,AFLUNOV,"Influenza A(H5N1) vaccine (surface antigen, inactivated, adjuvanted)",real,VAC0084,
VAC0171,PREPANDEMIC INFLUENZA VACCINE (H5N1) NOVARTIS,Influenza A(H5N1) vaccine,real,VAC0084,
VAC0172,DIFTAVAX,Diphtheria toxoid (standard dose) and tetanus toxoid pediatric vaccine,real,VAC0137,
VAC0173,FLUENZ,"Seasonal influenza vaccine, trivalent, live attenuated, nasal",real,VAC1123,
VAC0174,PROQUAD,"Live attenuated measles, mumps, rubella and chickenpox vaccine",real,VAC0827,
VAC0175,A.D.T. BOOSTER,Diphtheria toxoid (low dose) and tetanus toxoid vaccine (used for booster shots),real,VAC0920,
VAC0176,A.K.D.S.,"Diphtheria toxoid (standard dose), tetanus toxoid and pertussis (whole-cell inactivated) pediatric vaccine",real,VAC0136,
VAC0177,AC VAX,"Unconjugated meningococcal polysaccharide vaccine, serogroups A and C",real,VAC0151,
VAC0178,ACEL-IMUNE,"Diphtheria toxoid (standard dose), tetanus toxoid and pertussis (multicomponent acellular, standard dose) pediatric vaccine",real,VAC0602,
VAC0179,ACELLULAR D.P.T. KOVAX,"Diphtheria toxoid (standard dose), tetanus toxoid and inactivated polio (trivalent) pediatric vaccine",real,VAC0088,
VAC0180,ACTACEL,"Diphtheria toxoid (standard dose), tetanus toxoid, pertussis (multicomponent acellular, 5 components, standard dose) and Haemophilus influenzae type b (conjugated to tetanus toxoid) pediatric vaccine",real,VAC1164,
VAC0182,ADACEL,"Diphtheria toxoid (low dose), tetanus toxoid and pertussis (multicomponent acellular, low dose) vaccine",real,VAC0610,
VAC0183,AIMMUGEN,Inactivated hepatitis A vaccine,real,VAC0102,
VAC0184,ALDIANA,Diphtheria toxoid (standard dose) pediatric vaccine,real,VAC1165,
VAC0185,ALDITEANA,Diphtheria toxoid (standard dose) and tetanus toxoid pediatric vaccine,real,VAC0137,
VAC0186,ALDITERPERA,"Diphtheria toxoid (standard dose), tetanus toxoid and pertussis (whole-cell inactivated) pediatric vaccine",real,VAC0136,
VAC0187,AMARIL,Live attenuated yellow fever vaccine,real,VAC0111,
VAC0188,QUIMI-HIB,"Haemophilus influenzae type b vaccine, capsular polysaccharide (polyribosylribitol phosphate, PRP) conjugated to tetanus toxoid",real,VAC0345,
VAC0189,ANADIFTERALL,Diphtheria toxoid (standard dose) pediatric vaccine,real,VAC1165,
VAC0190,ANATETALL,Tetanus toxoid vaccine,real,VAC0132,
VAC0191,ARILVAX,Live attenuated yellow fever vaccine,real,VAC0111,
VAC0192,ATTENUVAX,Live attenuated measles vaccine,real,VAC0114,
VAC0193,"AVAC-1, AVA",Adsorbed acellular anthrax vaccine with adjuvant,real,VAC1279,
VAC0194,B-CAPSA,Haemophilus influenzae type b non-conjugated polysaccharide vaccine,real,VAC1148,
VAC0195,BEGRIVAC,"Trivalent inactivated seasonal influenza vaccine, split virion",real,VAC0925,
VAC0196,BIAVAX,Live attenuated rubella and mumps vaccine,real,VAC0829,
VAC0197,BIAVAX II,Live attenuated rubella and mumps vaccine,real,VAC0829,
VAC0198,BIKEN-HB,Recombinant hepatitis B vaccine,real,VAC1125,
VAC0199,BIMMUGEN,Recombinant hepatitis B vaccine with 10 micrograms of HBsAg per 0.5 mL (a 0.25 mL formulation is available),real,VAC0914,
VAC0200,BIOTHRAX,Adsorbed acellular anthrax vaccine with adjuvant,real,VAC1279,
VAC0201,BIVIRATEN BERNA,Live attenuated measles and mumps vaccine,real,VAC0623,
VAC0202,BVAC,Antitoxin against botulism,real,VAC0909,
VAC0203,C.D.T.,Diphtheria toxoid (standard dose) and tetanus toxoid pediatric vaccine,real,VAC0137,
VAC0204,CAM-KOVAX,Live attenuated measles vaccine,real,VAC0114,
VAC0205,CD.JEVAX,"Live attenuated Japanese encephalitis vaccine, prepared in primary hamster kidney cell (PHK) culture from the SA 14-14-2 strain",real,VAC0146,
VAC0206,CELLUVAX,"Pertussis (multicomponent acellular, standard dose) vaccine",real,VAC1167,
VAC0207,CENDEVAX,Live attenuated rubella vaccine,real,VAC0113,
VAC0208,CERTIVA,"Diphtheria toxoid (standard dose), tetanus toxoid and pertussis (multicomponent acellular, standard dose) pediatric vaccine",real,VAC0602,
VAC0209,COMVAX,Hepatitis B and Haemophilus influenzae type b vaccine (OMP conjugate),real,VAC1217,
VAC0210,D.S.D.P.T.,"Diphtheria toxoid (standard dose), tetanus toxoid and pertussis (whole-cell inactivated) pediatric vaccine",real,VAC0136,
VAC0211,DAPTACEL,"Diphtheria toxoid (standard dose), tetanus toxoid and pertussis (multicomponent acellular, standard dose) pediatric vaccine",real,VAC0602,
VAC0212,DI TE PER POL IMPFSTOFF,"Diphtheria toxoid (standard dose), tetanus toxoid, pertussis (whole-cell inactivated) and inactivated polio (trivalent) pediatric vaccine",real,VAC1151,
VAC0213,DI-TE-POL,"Diphtheria toxoid (standard dose), tetanus toxoid and inactivated polio (trivalent) pediatric vaccine",real,VAC0088,
VAC0214,DIF-TET-ALL,Diphtheria toxoid (standard dose) and tetanus toxoid pediatric vaccine,real,VAC0137,
VAC0216,ANATOXAL DI TE,Diphtheria toxoid (standard dose) and tetanus toxoid pediatric vaccine,real,VAC0137,
VAC0217,DITOXIM,Diphtheria toxoid (standard dose) and tetanus toxoid pediatric vaccine,real,VAC0137,
VAC0218,DOUBLE ANIGEN B.,Diphtheria toxoid (standard dose) and tetanus toxoid pediatric vaccine,real,VAC0137,
VAC0219,DRYVAX,"Smallpox vaccine, first-generation, live vaccinia virus",real,VAC1122,
VAC0220,DT MERIEUX,Diphtheria toxoid (standard dose) and tetanus toxoid pediatric vaccine,real,VAC0137,
VAC0222,"DTwP, unspecified","Diphtheria toxoid (standard dose), tetanus toxoid and pertussis (whole-cell inactivated) pediatric vaccine",real,VAC0136,
VAC0223,DUAL ANTIGEN SII,Diphtheria toxoid (standard dose) and tetanus toxoid pediatric vaccine,real,VAC0137,
VAC0224,ECOLARIX,Live attenuated measles and rubella vaccine,real,VAC0550,
VAC0225,EIPV,Inactivated polio (trivalent) vaccine,real,VAC0270,
VAC0226,"Diptheria, Tetanus and Acellular Pertussis Combined Walvax vaccine","Diphtheria toxoid (standard dose), tetanus toxoid and pertussis (multicomponent acellular, standard dose) pediatric vaccine",real,VAC0602,
VAC0227,EPAXAL,"Inactivated hepatitis A vaccine, virosome, pediatric or adult",real,VAC0824,
VAC0228,ERVEVAX RA 27/3,Live attenuated rubella vaccine,real,VAC0113,
VAC0229,FLU SHIELD,Trivalent inactivated seasonal influenza vaccine,real,VAC0925,
VAC0230,FLUAD,"Trivalent inactivated seasonal influenza vaccine, surface antigen, adjuvanted",real,VAC0925,
VAC0231,FLUKOVAX,Trivalent inactivated seasonal influenza vaccine,real,VAC0925,
VAC0232,FLULAVAL,Trivalent inactivated seasonal influenza vaccine,real,VAC0925,
VAC0233,FLUMIST,"Seasonal influenza vaccine, trivalent, live attenuated, nasal",real,VAC1123,
VAC0234,FLUOGEN,Trivalent whole virion inactivated seasonal influenza vaccine,real,VAC0820,
VAC0235,FLUVIRIN,Trivalent inactivated seasonal influenza vaccine,real,VAC0925,
VAC0236,Fluzone High-Dose,"Trivalent inactivated seasonal influenza vaccine, high dose",real,VAC1171,
VAC0238,FUNED-CEME,"Diphtheria toxoid (standard dose), tetanus toxoid and pertussis (whole-cell inactivated) pediatric vaccine",real,VAC0136,
VAC0240,GUNEVAX,Live attenuated rubella vaccine,real,VAC0113,
VAC0241,HAEMOPHILUS INFLUENZAE B CONJUGATE VACCINE - SERUM INSTITUTE OF INDIA,"Haemophilus influenzae type b vaccine, capsular polysaccharide (polyribosylribitol phosphate, PRP) conjugated to tetanus toxoid",real,VAC0345,
VAC0242,HBY,"Recombinant hepatitis B vaccine, adult dose",real,VAC0915,
VAC0243,HEPA-B INJECTION,Hepatitis B vaccine (Paediatric dose 10 µg/mL and adult dose 20 µg/mL),real,VAC1125,
VAC0244,HEPRECOMB,Recombinant hepatitis B vaccine with 10 micrograms of HBs antigen for use from the age of 11 years,real,VAC0914,
VAC0245,HEPTAVAX B,"Plasma hepatitis B vaccine, used in the USA from 1981 to 1990",real,VAC1155,
VAC0246,HIBERNA PRODUCTSIX,Tetanus toxoid and seasonal influenza (trivalent) vaccine,real,VAC1130,
VAC0247,HIBTITER,"Haemophilus influenzae type b vaccine, capsular oligosaccharides (polyribosylribitol phosphate, PRP) conjugated to mutant diphtheria toxin CRM197",real,VAC0919,
VAC0248,HINKUYS KAROKOE,Pertussis (whole-cell inactivated) vaccine,real,VAC0163,
VAC0249,RUBELLA VACCINE HPV-77,"Live attenuated rubella vaccine, grown on duck embryonic cells (HPV-77 strain)",real,VAC0113,
VAC0251,HUMOTET-ANTI TETANUS,Tetanus toxoid vaccine,real,VAC0132,
VAC0252,VAXIGRIP ENFANTS,"Trivalent inactivated seasonal influenza vaccine, split virion, pediatric form",real,VAC1534,
VAC0253,VAXIRAB N,"Whole virion inactivated rabies vaccine, Flury LEP strain, purified chick embryo cell vaccine (PCECV), inactivated with ß-propiolactone",real,VAC0942,
VAC0254,IMOVAX D.T.,Diphtheria toxoid (standard dose) and tetanus toxoid pediatric vaccine,real,VAC0137,
VAC0255,IMOVAX GRIPPE,Trivalent inactivated seasonal influenza vaccine,real,VAC0925,
VAC0256,IMOVAX MUMPS,Live attenuated mumps vaccine,real,VAC0153,
VAC0257,IMOVAX PAROTIDITIS,Live attenuated mumps vaccine,real,VAC0153,
VAC0258,IMOVAX R.O.R.,"Live attenuated measles, mumps and rubella vaccine",real,VAC0130,
VAC0259,IMOVAX Rabies,"Whole virion inactivated rabies vaccine, prepared in MRC5 cells",real,VAC0943,
VAC0260,IMOVAX Rabies I.D.,"Whole virion inactivated rabies vaccine, prepared in human diploid cell culture (HDCV), intradermal",real,VAC0943,
VAC0261,IMOVAX Rabies I.M.,Whole virion inactivated rabies vaccine (intramuscular administration),real,VAC0131,
VAC0262,IMOVAX RUBEOLA,Live attenuated rubella vaccine,real,VAC0113,
VAC0263,IMOVAX SARAMPION,Live attenuated measles vaccine,real,VAC0114,
VAC0264,INFANRIX,"Diphtheria toxoid (standard dose), tetanus toxoid and pertussis (multicomponent acellular, standard dose) pediatric vaccine",real,VAC0602,
VAC0265,INFLU-KOVAX,Trivalent inactivated seasonal influenza vaccine,real,VAC0925,
VAC0266,INFLUENZA HA VACCINE KOVAX,Trivalent inactivated seasonal influenza vaccine,real,VAC0925,
VAC0267,IPAD TP,Tetanus toxoid and inactivated polio (trivalent) vaccine,real,VAC0380,
VAC0268,IPOL,Inactivated polio (trivalent) vaccine,real,VAC0270,
VAC0270,"Inactivated Polio vaccine, unspecified",Inaktywowana szczepionka przeciwko polio (trójwalentna),abstract,,POLIO-I
VAC0271,ISTIVAC,Trivalent inactivated seasonal influenza vaccine,real,VAC0925,
VAC0272,KAKSOISROKOTE DUBBELVACCIN,Diphtheria toxoid (standard dose) and tetanus toxoid pediatric vaccine,real,VAC0137,
VAC0273,KIKHOSTE-VAKSINE,Pertussis (whole-cell inactivated) vaccine,real,VAC0163,
VAC0274,LANCY VAXINA,"Smallpox vaccine, first-generation, live vaccinia virus",real,VAC1122,
VAC0275,LAVANTUU TIROKOTE,"Typhoid vaccine, unspecified",real,VAC0112,
VAC0276,LIOVAX,"Smallpox vaccine, first-generation, live vaccinia virus",real,VAC1122,
VAC0277,LIRUBEL,Live attenuated measles and rubella vaccine,real,VAC0550,
VAC0278,LIRUGEN,Live attenuated measles vaccine,real,VAC0114,
VAC0280,MUMPS-MEASLES VACCINE MICROGEN,Live attenuated measles and mumps vaccine,real,VAC0623,
VAC0281,LM - 3 RIT,"Live attenuated measles, mumps and rubella vaccine",real,VAC0130,
VAC0282,LTEANAS IMUNA,Tetanus toxoid vaccine,real,VAC0132,
VAC0283,LYMERIX,"Recombinant Lyme disease vaccine, OspA antigen",real,VAC1180,
VAC0284,LYOVAC ATTENUVAX,Live attenuated measles vaccine,real,VAC0114,
VAC0285,LYOVAC MERUVAX,Live attenuated rubella vaccine,real,VAC0113,
VAC0286,M-M-R II,"Live attenuated measles, mumps and rubella vaccine",real,VAC0130,
VAC0287,M-R VAX,Live attenuated measles and rubella vaccine,real,VAC0550,
VAC0288,M-R VAX II,Live attenuated measles and rubella vaccine,real,VAC0550,
VAC0289,M-VAX,Live attenuated measles vaccine,real,VAC0114,
VAC0290,MASERN-IMPFSTOFF SSW,Live attenuated measles vaccine,real,VAC0114,
VAC0291,MEASLES VACCINE AIK-C STRAIN POLYVAC,Live attenuated measles vaccine,real,VAC0114,
VAC0292,MEASLES VACCINE DK3,Live attenuated measles vaccine,real,VAC0114,
VAC0293,MENAFRIVAC,"Meningococcal conjugate vaccine, serogroup A (conjugated to tetanus toxoid)",real,VAC1218,
VAC0294,MENCEVAX A,"Unconjugated meningococcal polysaccharide vaccine, serogroup A",real,VAC0865,
VAC0295,MENOMUNE-A/C/Y/W-135,"Unconjugated meningococcal polysaccharide vaccine, serogroups A, C, W and Y",real,VAC0152,
VAC0296,MENPOVAX 4 A+C+Y+W135,"Unconjugated meningococcal polysaccharide vaccine, serogroups A, C, W and Y",real,VAC0152,
VAC0297,MENPOVAX A+C,"Unconjugated meningococcal polysaccharide vaccine, serogroups A and C",real,VAC0151,
VAC0298,MERUVAX,Live attenuated rubella vaccine,real,VAC0113,
VAC0299,MERUVAX II,Live attenuated rubella vaccine,real,VAC0113,
VAC0300,MEVILIN-L,Live attenuated measles vaccine,real,VAC0114,
VAC0301,MMR,"Live attenuated measles, mumps and rubella vaccine",real,VAC0130,
VAC0303,MONIARIX,"Unconjugated pneumococcal polysaccharide vaccine, 17-valent, serotypes 1, 2, 3, 4, 6A, 7F, 8, 9N, 11A, 12F, 14, 15F, 17F, 18C, 19F, 23F and 25",real,VAC1131,
VAC0304,MOPAVAC SEVAC,Live attenuated measles and mumps vaccine,real,VAC0623,
VAC0305,MOPV,"Polio vaccine (live attenuated, trivalent) against polioviruses 1, 2 and 3, oral",real,VAC0320,
VAC0306,MORBILVAX,Live attenuated measles vaccine,real,VAC0114,
VAC0307,MORUBEL,Live attenuated measles and rubella vaccine,real,VAC0550,
VAC0308,MORUMAN BERNA PRODUCTS,Measles immunoglobulin,real,VAC0862,
VAC0309,MORUPAR,"Live attenuated measles, mumps and rubella vaccine",real,VAC0130,
VAC0310,MOVIVAC,Live attenuated measles vaccine,real,VAC0114,
VAC0311,MUMATEN BERNA PRODUCTSNA,Live attenuated mumps vaccine,real,VAC0153,
VAC0312,MUMPS LIVE,Live attenuated mumps vaccine,real,VAC0153,
VAC0313,MUMPS inactivated,Whole virion Inactivated mumps vaccine,real,VAC1154,
VAC0315,MUMPSVAX,Live attenuated mumps vaccine,real,VAC0153,
VAC0317,NABI-HB,Hepatitis B immunoglobulin,real,VAC0863,
VAC0318,NOTHAV,Inactivated hepatitis A vaccine,real,VAC0102,
VAC0319,OMNIHIB,"Haemophilus influenzae type b vaccine, capsular polysaccharide (polyribosylribitol phosphate, PRP) conjugated to tetanus toxoid",real,VAC0345,
VAC0320,"OPV 1-2-3, unspecified","Szczepionka przeciwko polio (żywa, atenuowana, trójwartościowa) przeciwko poliovirusom 1, 2 i 3, doustna",abstract,,mOPV2|mOPV3|mOPV1
VAC0321,ORIMUNE,"Polio vaccine (live attenuated, trivalent) against polioviruses 1, 2 and 3, oral",real,VAC0320,
VAC0322,PARIORIX,Live attenuated mumps vaccine,real,VAC0153,
VAC0323,PAVIVAC-SEVAC,Live attenuated measles vaccine,real,VAC0114,
VAC0324,"Pneumococcal conjugate vaccine, 7 valent, unspecified","Pneumokokowa polisacharydowa szczepionka skoniugowana, 7-walentna, serotypy 4, 6B, 9V, 14, 18C, 19F i 23F",abstract,,PCV-04|PCV-06B|PCV-09V|PCV-14|PCV-18C|PCV-19F|PCV-23F
VAC0325,PEDIARIX,"Diphtheria toxoid (standard dose), tetanus toxoid, pertussis (multicomponent acellular, standard dose), inactivated polio (trivalent) and hepatitis B (recombinant) pediatric vaccine",real,VAC1174,
VAC0326,PEDVAXHIB,"Haemophilus influenzae type b vaccine, capsular polysaccharide (polyribosylribitol phosphate, PRP) conjugated to outer membrane protein of Neisseria meningitidis serogroup B",real,VAC0344,
VAC0327,PENTA,"Diphtheria toxoid (standard dose), tetanus toxoid, pertussis (multicomponent acellular, 5 components, standard dose), Haemophilus influenzae type b (conjugated to tetanus toxoid) and inactivated polio (trivalent) pediatric vaccine, adsorbed",real,VAC1115,
VAC0328,PENTACEL,"Diphtheria toxoid (standard dose), tetanus toxoid, pertussis (multicomponent acellular, 5 components, standard dose), Haemophilus influenzae type b (conjugated to tetanus toxoid) and inactivated polio (trivalent) pediatric vaccine, adsorbed",real,VAC1115,
VAC0330,PENTACT-HIB,"Diphtheria toxoid (standard dose), tetanus toxoid, pertussis (whole-cell inactivated), Haemophilus influenzae type b (conjugated to tetanus toxoid) and inactivated polio (trivalent) pediatric vaccine, adsorbed",real,VAC1126,
VAC0332,PENTAVALENTE,"Diphtheria toxoid (standard dose), tetanus toxoid, pertussis (whole-cell inactivated), Haemophilus influenzae type b (conjugated to tetanus toxoid) and hepatitis B (recombinant) pediatric vaccine",real,VAC1181,
VAC0333,PFIZER VAX-MEASLES K,"Whole inactivated measles vaccine, old",real,VAC1209,
VAC0334,PFIZER-VAX MEASLES-L,Live attenuated measles vaccine,real,VAC0114,
VAC0335,PLUSERIX,"Live attenuated measles, mumps and rubella vaccine",real,VAC0130,
VAC0336,PNEUMOVAX,"Unconjugated pneumococcal polysaccharide vaccine, 23-valent, serotypes 1, 2, 3, 4, 5, 6B, 7F, 8, 9N, 9V, 10A, 11A, 12F, 14, 15B, 17F, 18C, 19A, 19F, 20, 22F, 23F and 33F",real,VAC0339,
VAC0337,PNU-IMUNE 23,"Unconjugated pneumococcal polysaccharide vaccine, 23-valent, serotypes 1, 2, 3, 4, 5, 6B, 7F, 8, 9N, 9V, 10A, 11A, 12F, 14, 15B, 17F, 18C, 19A, 19F, 20, 22F, 23F and 33F",real,VAC0339,
VAC0338,POLIACEL,"Diphtheria toxoid (standard dose), tetanus toxoid, pertussis (multicomponent acellular, 5 components, standard dose), Haemophilus influenzae type b (conjugated to tetanus toxoid) and inactivated polio (trivalent) pediatric vaccine, adsorbed",real,VAC1115,
VAC0339,"Pneumococcal polysaccharide vaccine 23-valent, unspecified","Pneumokokowa polisacharydowa szczepionka nieskoniugowana, 23-walentna",abstract,,PPSV-01|PPSV-02|PPSV-03|PPSV-04|PPSV-05|PPSV-06B|PPSV-07F|PPSV-08|PPSV-09N|PPSV-09V|PPSV-10A|PPSV-11A|PPSV-12F|PPSV-14|PPSV-15B|PPSV-17F|PPSV-18C|PPSV-19A|PPSV-19F|PPSV-20|PPSV-22F|PPSV-23F|PPSV-33F
VAC0341,PREVNAR,"Pneumococcal polysaccharide conjugate vaccine, 7-valent, adsorbed, serotypes 4, 6B, 9V, 14, 18C, 19F and 23F",real,VAC0324,
VAC0343,PROHIBIT,Haemophilus influenzae type b conjugate vaccine (PRP-D),real,VAC0918,
VAC0344,"PRP-OMP Hib vaccine, unspecified",Szczepionka skoniugowana przeciwko Haemophilus influenzae typu b składająca się z PRP (fosforan polirybozylobitolu) skoniugowanego z OMP (białko błony zewnętrznej Neisseria meningitidis),abstract,,PRP-OMP
VAC0345,"Hib PRP-T conjugated vaccine, unspecified",Szczepionka skoniugowana przeciwko Haemophilus influenzae typu b składająca się z PRP (fosforan polirybozylobitolu) skoniugowanego z toksoidem tężcowym,abstract,,PRP-T
VAC0346,PURIVAX,Inactivated polio (trivalent) vaccine,real,VAC0270,
VAC0347,QUADRACEL,"Diphtheria toxoid (standard dose), tetanus toxoid, pertussis (multicomponent acellular, standard dose) and inactivated polio (trivalent) pediatric vaccine",real,VAC0551,
VAC0348,QUADRACEL/HIBEST,"Diphtheria toxoid (standard dose), tetanus toxoid, pertussis (multicomponent acellular, 5 components, standard dose), Haemophilus influenzae type b (conjugated to tetanus toxoid) and inactivated polio (trivalent) pediatric vaccine, adsorbed",real,VAC1115,
VAC0349,QUADRIGEN,"Diphtheria toxoid (standard dose), tetanus toxoid, pertussis (whole-cell inactivated) and inactivated polio (trivalent) pediatric vaccine",real,VAC1151,
VAC0350,QUATRO-VIRELON,"Diphtheria toxoid (standard dose), tetanus toxoid, pertussis (multicomponent acellular, standard dose) and inactivated polio (trivalent) pediatric vaccine",real,VAC0551,
VAC0351,QUINTUPLE,"Diphtheria toxoid (standard dose), tetanus toxoid, pertussis (multicomponent acellular, standard dose), Haemophilus influenzae type b (conjugated to tetanus toxoid) and hepatitis B (recombinant) pediatric vaccine",real,VAC1231,
VAC0352,R-HB VACCINE,"Recombinant hepatitis B vaccine, adult dose",real,VAC0915,
VAC0353,R-VAC,Live attenuated rubella vaccine,real,VAC0113,
VAC0354,RA27/3,Live attenuated rubella vaccine,real,VAC0113,
VAC0355,RABAVERT,"Whole virion inactivated rabies vaccine, Flury LEP strain, purified chick embryo cell vaccine (PCECV), inactivated with ß-propiolactone",real,VAC0942,
VAC0356,RECOMBIVAX HB,Hepatitis B vaccine (Paediatric and adult dosage at 10 µg and dosage for dialysis patients at 40 µg),real,VAC1125,
VAC0357,"RESPIGAM, RSV-IVIG",Immunoglobulin anti-RSV,real,VAC1223,
VAC0358,"Rabies immunoglobulin human origin, unspecified","Immunoglobulina przeciwko wściekliźnie, pochodzenia ludzkiego",abstract,,RIG-hu
VAC0359,RIMEVAX,Live attenuated measles vaccine,real,VAC0114,
VAC0360,RIMPARIX,Live attenuated measles and mumps vaccine,real,VAC0623,
VAC0361,RIT - LM-2,Live attenuated measles and mumps vaccine,real,VAC0623,
VAC0362,RIT - LM-3,"Live attenuated measles, mumps and rubella vaccine",real,VAC0130,
VAC0363,ROTASHIELD,Rotavirus vaccine (First),real,VAC0158,
VAC0364,RUBEATEN BERNA PRODUCTS,Live attenuated rubella vaccine,real,VAC0113,
VAC0365,RUBELLA VACCINE MICROGEN,Live attenuated rubella vaccine,real,VAC0113,
VAC0366,RUBELLA-KOVAX,Live attenuated rubella vaccine,real,VAC0113,
VAC0367,RUBELLOVAC,Live attenuated rubella vaccine,real,VAC0113,
VAC0368,RUBELOGEN,Live attenuated rubella vaccine,real,VAC0113,
VAC0369,RUBEOVAX,Live attenuated measles vaccine,real,VAC0114,
VAC0370,RVA RABIES VACCINE ABSORBED BIOPORT,"Whole virion inactivated rabies vaccine, adsorbed on aluminium phosphate from BioPort laboratory",real,VAC0131,
VAC0371,SABIN,"Polio vaccine (live attenuated, trivalent) against polioviruses 1, 2 and 3, oral",real,VAC0320,
VAC0372,SAHIA,"Polio vaccine (live attenuated, trivalent) against polioviruses 1, 2 and 3, oral",real,VAC0320,
VAC0373,SALK,Inactivated polio (trivalent) vaccine,real,VAC0270,
VAC0374,SANDOVAC,Trivalent inactivated seasonal influenza vaccine,real,VAC0925,
VAC0375,SEROBACTERIN,Inactivated whole-cell cholera vaccine for injection combined with polysaccharide typhoid vaccine,real,VAC1179,
VAC0376,SHANCOL,Oral Inactivated whole-cell cholera vaccine,real,VAC1257,
VAC0377,TRIPLE ANTIGEN SII,"Paediatric diphtheria vaccine (toxoid, standard dose), tetanus vaccine (toxoid) and pertussis vaccine (whole inactivated)",real,VAC0136,
VAC0378,SYNAGIS 100 mg (PALIZIVUMAB),hRSV monoclonal antibody,real,VAC1222,
VAC0379,T-IMMUN,Tetanus toxoid vaccine,real,VAC0132,
VAC0380,"T.Polio, unspecified",Toksoid tężcowy i inaktywowana szczepionka przeciwko polio (trójwalentna),abstract,,POLIO-I|T
VAC0382,"Tetanus diphtheria vaccine, unspecified",Szczepionka zawierająca toksoid błoniczy (dawka nieokreślona) i toksoid tężcowy,abstract,,T|D-d
VAC0383,ANATOXAL TE,Tetanus toxoid vaccine,real,VAC0132,
VAC0384,TE/VAC/PTAP,Tetanus toxoid vaccine (Yugoslavia),real,VAC0132,
VAC0385,TELVACLPTAP,Tetanus toxoid vaccine,real,VAC0132,
VAC0386,TETAMYN,Tetanus toxoid vaccine,real,VAC0132,
VAC0387,TETANOL,Tetanus toxoid vaccine,real,VAC0132,
VAC0388,TETASORBAT SSW,Tetanus toxoid vaccine,real,VAC0132,
VAC0389,TETAMUN SSW,Tetanus toxoid vaccine,real,VAC0132,
VAC0390,TETRACT-HIB,"Diphtheria toxoid (standard dose), tetanus toxoid, pertussis (whole-cell inactivated) et Haemophilus influenzae type b (conjugated to tetanus toxoid) pediatric vaccine",real,VAC1161,
VAC0391,TETRAMUNE,"Diphtheria toxoid (standard dose), tetanus toxoid, pertussis (whole-cell inactivated) and Haemophilus influenzae type b (conjugated to diphtheria toxoid) pediatric vaccine",real,VAC1168,
VAC0392,TETRAVAX,"Diphtheria toxoid (standard dose), tetanus toxoid, pertussis (whole-cell inactivated) and inactivated polio (trivalent) pediatric vaccine",real,VAC1151,
VAC0393,TICE BCG,Tuberculosis vaccine,real,VAC0134,
VAC0394,TIG,Anti-tetanus immunoglobulin,real,VAC0497,
VAC0395,TITIFICA,"Typhoid and paratyphoid A and B vaccine, whole-cell inactivated",real,VAC0818,
VAC0396,BIOPOLIO,"Polio vaccine (live attenuated, trivalent) against polioviruses 1, 2 and 3, oral",real,VAC0320,
VAC0397,TRESIVAC LYOPHOLIZED,"Live attenuated measles, mumps and rubella vaccine",real,VAC0130,
VAC0398,TRI-IMMUNOL,"Diphtheria toxoid (standard dose), tetanus toxoid and pertussis (whole-cell inactivated) pediatric vaccine",real,VAC0136,
VAC0399,TRIACEL,"Diphtheria toxoid (standard dose), tetanus toxoid and inactivated polio (trivalent) pediatric vaccine",real,VAC0088,
VAC0400,TRIACELLUVAX,"Diphtheria toxoid (standard dose), tetanus toxoid and pertussis (multicomponent acellular, standard dose) pediatric vaccine",real,VAC0602,
VAC0401,TRIHIBIT,"Diphtheria toxoid (standard dose), tetanus toxoid, pertussis (multicomponent acellular, standard dose) and Haemophilus influenzae type b (conjugated to tetanus toxoid) vaccine",real,VAC1164,
VAC0403,TRINIVAC,"Diphtheria toxoid (standard dose), tetanus toxoid and pertussis (whole-cell inactivated) pediatric vaccine",real,VAC0136,
VAC0404,TRIPACEL,"Diphtheria toxoid (standard dose), tetanus toxoid and pertussis (multicomponent acellular, standard dose) pediatric vaccine",real,VAC0602,
VAC0405,TRIPEDIA,"Diphtheria toxoid (standard dose), tetanus toxoid and pertussis (multicomponent acellular, standard dose) pediatric vaccine",real,VAC0602,
VAC0407,TRIPLE,"Diphtheria toxoid (standard dose), tetanus toxoid and pertussis (whole-cell inactivated) pediatric vaccine",real,VAC0136,
VAC0408,TRIPLE ANTIGEN,"Diphtheria toxoid (standard dose), tetanus toxoid and pertussis (whole-cell inactivated) pediatric vaccine",real,VAC0136,
VAC0409,TRIPLE SABIN,"Polio vaccine (live attenuated, trivalent) against polioviruses 1, 2 and 3, oral",real,VAC0320,
VAC0410,TRIPLE VIRAL,"Live attenuated measles, mumps and rubella vaccine",real,VAC0130,
VAC0411,TRIVACUNA LETI,"Diphtheria toxoid (standard dose), tetanus toxoid and pertussis (whole-cell inactivated) pediatric vaccine",real,VAC0136,
VAC0412,TRIVAX,"Diphtheria toxoid (standard dose), tetanus toxoid and pertussis (multicomponent acellular, standard dose) pediatric vaccine",real,VAC0602,
VAC0413,TRIVAX-AD,"Diphtheria toxoid (standard dose), tetanus toxoid and pertussis (multicomponent acellular, standard dose) pediatric vaccine",real,VAC0602,
VAC0414,TRIVAX-HIB,"Diphtheria toxoid (standard dose), tetanus toxoid, pertussis (multicomponent acellular, standard dose) et Haemophilus influenzae type b (conjugated to tetanus toxoid) pediatric vaccine",real,VAC1164,
VAC0415,TRIVB,"Diphtheria toxoid (standard dose), tetanus toxoid and inactivated polio (trivalent) pediatric vaccine",real,VAC0088,
VAC0416,Triviraten,"Live attenuated measles, mumps and rubella vaccine",real,VAC0130,
VAC0417,TRIVIVAC SEVAC,"Live attenuated measles, mumps and rubella vaccine",real,VAC0130,
VAC0418,TRIVIVAC Y,"Live attenuated measles, mumps and rubella vaccine",real,VAC0130,
VAC0419,SHANTT,Tetanus toxoid vaccine,real,VAC0132,
VAC0420,BIO-TT Vaccine,Tetanus toxoid vaccine,real,VAC0132,
VAC0421,TUSSITRUPIN FORTE,Pertussis (whole-cell inactivated) vaccine,real,VAC0163,
VAC0423,TWINRIX JUNIOR,"Combined hepatitis A and B vaccine, pediatric dose",real,VAC0653,
VAC0424,"Live attenuated oral typhoid vaccine, unspecified","Żywa atenuowana szczepionka przeciwko durowi brzusznemu, szczep Ty21a, doustna",abstract,,Ty-LA
VAC0425,TYNE,Tuberculosis vaccine,real,VAC0134,
VAC0426,TYPHOID VACCINE WYETH,Whole-cell inactivated typhoid vaccine,real,VAC0817,
VAC0427,TYPHOID-KOVAX,Polysaccharide typhoid vaccine (Vi capsular antigen),real,VAC0713,
VAC0428,VA-MENGOC-BC,"Meningococcal vaccine, serogroups B and C",real,VAC1229,
VAC0429,VACCIN COMBINAT DIFTERO-TETANIC,Diphtheria toxoid (standard dose) and tetanus toxoid pediatric vaccine,real,VAC0137,
VAC0430,VACCIN DIFTERIC ADSORBIT,Diphtheria toxoid (unspecified dose),real,VAC0655,
VAC0431,VACCINUM MORBILLORUM VIVUM,Live attenuated measles vaccine,real,VAC0114,
VAC0432,VACINA DUPLA,Diphtheria toxoid (standard dose) and tetanus toxoid pediatric vaccine,real,VAC0137,
VAC0433,VACINA TRIPLICE,"Diphtheria toxoid (standard dose), tetanus toxoid and pertussis (whole-cell inactivated or acellular, unspecified dose) pediatric vaccine",real,VAC0601,
VAC0434,VACINA TRIPLICE VIRAL,"Live attenuated measles, mumps and rubella vaccine",real,VAC0130,
VAC0435,VAKSIN CACAR,"Smallpox vaccine, first-generation, live vaccinia virus",real,VAC1122,
VAC0436,VAKSIN CAMPAK KERING,Live attenuated measles vaccine,real,VAC0114,
VAC0437,VAKSIN KOTIPA,Inactivated whole-cell cholera vaccine for injection combined with inactivated whole-cell typhoid vaccine,real,VAC0807,
VAC0438,VAKSIN SERAP,"Diphtheria toxoid (standard dose), tetanus toxoid and pertussis (whole-cell inactivated or acellular, unspecified dose) pediatric vaccine",real,VAC0601,
VAC0439,VAMOAVAX,Live attenuated measles and mumps vaccine,real,VAC0623,
VAC0441,SKY Varicella Inj,Live attenuated chickenpox vaccine (SK Bioscience laboratory),real,VAC0159,
VAC0442,VARICELLON,Immunoglobulin against chickenpox virus,real,VAC0864,
VAC0443,VARIE,"Smallpox vaccine, first-generation, live vaccinia virus",real,VAC1122,
VAC0444,VAXEM-HIB,Haemophilus influenzae type b (conjugated to diphtheria toxoid) vaccine,real,VAC0919,
VAC0445,VAXIPAR,Live mumps vaccine,real,VAC0153,
VAC0446,VCDT,Diphtheria toxoid (standard dose) and tetanus toxoid pediatric vaccine,real,VAC0137,
VAC0447,VDA VACCIN DIFTERIC ADSORBIT,Diphtheria toxoid (standard dose) pediatric vaccine,real,VAC1165,
VAC0448,VICPS (TYPHIM VI),Polysaccharide typhoid vaccine (Vi capsular antigen),real,VAC0713,
VAC0449,VIRELON T 20,"Polio vaccine (live attenuated, trivalent) against polioviruses 1, 2 and 3, oral",real,VAC0320,
VAC0450,"VIROVAC MASSLING, PEROTID, RUBELLA","Live attenuated measles, mumps and rubella vaccine",real,VAC0130,
VAC0451,VIVOTIF,"Live attenuated typhoid vaccine, strain Ty21a, oral",real,VAC0424,
VAC0452,VT (VACINA TRIPLICE),"Diphtheria toxoid (standard dose), tetanus toxoid and pertussis (whole-cell inactivated or acellular, unspecified dose) pediatric vaccine",real,VAC0601,
VAC0453,VTV (VACINA TRIPLICE VIRAL),"Live attenuated measles, mumps and rubella vaccine",real,VAC0130,
VAC0454,VVR,Live attenuated measles vaccine,real,VAC0114,
VAC0456,WELLTRIVAX TRIVALENTE,"Diphtheria toxoid (standard dose), tetanus toxoid and pertussis (whole-cell inactivated or acellular, unspecified dose) pediatric vaccine",real,VAC0601,
VAC0457,YF-VAX,Live attenuated yellow fever vaccine,real,VAC0111,
VAC0458,ZAANTIDE antitoxin,Diphtheria antitoxin immunoglobulin,real,VAC0867,
VAC0459,ZAANTITE,Tetanus toxoid vaccine,real,VAC0132,
VAC0460,ZADITEADVAX,Diphtheria toxoid (standard dose) and tetanus toxoid pediatric vaccine,real,VAC0137,
VAC0461,ZADITEVAX,Diphtheria toxoid (standard dose) and tetanus toxoid pediatric vaccine,real,VAC0137,
VAC0462,ZAMEVAX A+C,"Unconjugated meningococcal polysaccharide vaccine, serogroups A and C",real,VAC0151,
VAC0463,ZAMOVAX,Live attenuated measles vaccine,real,VAC0114,
VAC0464,ZAMRUVAX,Live attenuated measles and rubella vaccine,real,VAC0550,
VAC0465,ZARUVAX,Live attenuated rubella vaccine,real,VAC0113,
VAC0466,ZATETRAVAX,"Diphtheria toxoid (standard dose), tetanus toxoid and pertussis (whole-cell inactivated or acellular, unspecified dose) pediatric vaccine",real,VAC0601,
VAC0467,ZATEVAX,Tetanus toxoid vaccine,real,VAC0132,
VAC0468,ZATRIBAVAX,"Diphtheria toxoid (standard dose), tetanus toxoid and pertussis (whole-cell inactivated) pediatric vaccine",real,VAC0136,
VAC0469,ZATRIVAX,"Live attenuated measles, mumps and rubella vaccine",real,VAC0130,
VAC0470,QUINVAXEM,"Diphtheria toxoid (standard dose), tetanus toxoid, pertussis (whole-cell inactivated), Haemophilus influenzae type b (conjugated to diphtheria toxoid) and hepatitis B (recombinant) pediatric vaccine",real,VAC1192,
VAC0471,HEPAVAX-GENE B 20 µg,"Recombinant hepatitis B vaccine, adult dose",real,VAC0915,
VAC0472,PREPANDRIX,Influenza A(H5N1) vaccine,real,VAC0084,
VAC0473,PRE-PANDEMIC INFLUENZA VACCINE H5N1,"Influenza A(H5N1) vaccine (split, adjuvanted)",real,VAC0084,
VAC0474,DARONRIX,Influenza A(H5N1) vaccine,real,VAC0084,
VAC0475,FOCLIVIA,Influenza A(H5N1) vaccine,real,VAC0084,
VAC0476,Pandemic Influenza Vaccine H5N1 Baxter,"Influenza A(H5N1) vaccine (whole virion, Vero cell cultured, inactivated) multidose",real,VAC0084,
VAC0477,PUMARIX,Influenza A(H5N1) vaccine,real,VAC0084,
VAC0478,COVAXIS,"Diphtheria toxoid (low dose), tetanus toxoid and pertussis (multicomponent acellular, low dose) vaccine",real,VAC0610,
VAC0479,TRIAXIS,"Diphtheria toxoid (low dose), tetanus toxoid and pertussis (multicomponent acellular, low dose) vaccine",real,VAC0610,
VAC0480,FENDRIX,"Recombinant hepatitis B vaccine, dialysis patient dosage",real,VAC0916,
VAC0481,TRIVIVAX,"Live attenuated measles, mumps and rubella vaccine",real,VAC0130,
VAC0482,VEPACEL,"Influenza A(H5N1) vaccine (whole virion, Vero cell cultured, inactivated)",real,VAC0084,
VAC0483,FLUAD PAEDIATRICS,Trivalent inactivated seasonal influenza vaccine,real,VAC0925,
VAC0484,RABIVAX-S,Whole virion inactivated rabies vaccine,real,VAC0131,
VAC0485,TETAGAM P (immunoglobuline),Anti-tetanus immunoglobulin,real,VAC0497,
VAC0486,NIMENRIX,"Quadrivalent meningococcal polysaccharide conjugate vaccine, serogroups A, C, W and Y (conjugated to tetanus toxoid)",real,VAC1182,
VAC0487,MENHIBRIX,"Haemophilus influenzae type b and meningococcal conjugate vaccine, serogroup A and C (conjugated to tetanus toxoid)",real,VAC1220,
VAC0488,PENTAXIM,"Diphtheria toxoid (standard dose), tetanus toxoid, pertussis (multicomponent acellular, 5 components, standard dose), Haemophilus influenzae type b (conjugated to tetanus toxoid) and inactivated polio (trivalent) pediatric vaccine, adsorbed",real,VAC1115,
VAC0489,TRIMOVAX,"Live attenuated measles, mumps and rubella vaccine",real,VAC0130,
VAC0490,KINRIX,"Diphtheria toxoid (standard dose), tetanus toxoid, pertussis (multicomponent acellular, standard dose) and inactivated polio (trivalent) pediatric vaccine",real,VAC0551,
VAC0491,TENIVAC,Diphtheria toxoid (low dose) and tetanus toxoid vaccine,real,VAC0920,
VAC0492,AFLURIA,"Trivalent inactivated seasonal influenza vaccine, split virion",real,VAC0925,
VAC0494,TRITANRIX HepB,"Diphtheria toxoid (standard dose), tetanus toxoid, pertussis (whole-cell inactivated) and hepatitis B (recombinant) pediatric vaccine",real,VAC1208,
VAC0495,BEXSERO,"4-component meningococcal vaccine, serogroup B",real,VAC1240,
VAC0496,GAMMATETANOS (immunoglobulines),Anti-tetanus immunoglobulin,real,VAC0497,
VAC0497,"Tetanus immunoglobulin, unspecified",Immunoglobulina przeciwtężcowa,abstract,,T-Ig
VAC0498,IMOGAM RAGE,"Rabies immunoglobulin, human origin",real,VAC0358,
VAC0499,BERIRAB,"Rabies immunoglobulin, human origin",real,VAC0358,
VAC0500,FAVIRAB,"Rabies immunoglobulin, equine origin",real,VAC0503,
VAC0501,EQUIRAB (immunoglobuline),"Rabies immunoglobulin, equine origin",real,VAC0503,
VAC0502,"Rabies immunoglobulin, unspecified","Immunoglobulina przeciwko wściekliźnie, pochodzenia ludzkiego lub końskiego",abstract,,RIG
VAC0503,"Rabies immunoglobulin equine origin, unspecified","Immunoglobulina przeciw wściekliźnie, pochodzenia końskiego",abstract,,eRIG
VAC0504,INFANRIX Polio HIB Nourrissons,"Diphtheria toxoid (standard dose), tetanus toxoid, pertussis (multicomponent acellular, standard dose), Haemophilus influenzae type b (conjugated to tetanus toxoid) and inactivated polio (trivalent) pediatric vaccine, adsorbed",real,VAC1115,
VAC0505,HIBEST,"Haemophilus influenzae type b vaccine, capsular polysaccharide (polyribosylribitol phosphate, PRP) conjugated to tetanus toxoid",real,VAC0345,
VAC0506,"Pentavalent DTaPHibIPV vaccine, unspecified","Toksoid błoniczy (dawka standardowa), toksoid tężcowy, wielokomponentowy acelularny krztusiec (dawka standardowa), Haemophilus influenzae typu b (skoniugowana nieokreślona) oraz inaktywowana szczepionka pediatryczna przeciwko polio (trójwalentna)",abstract,,aP|POLIO-I|T|D|Hib-C
VAC0507,HEXACIMA,"Diphtheria toxoid (standard dose), tetanus toxoid, pertussis (multicomponent acellular, standard dose), Haemophilus influenzae type b (conjugated to tetanus toxoid), inactivated polio (trivalent) and hepatitis B (recombinant) pediatric vaccine, adsorbed",real,VAC1121,
VAC0508,JEEV 3 µg,"Whole inactivated Japanese encephalitis vaccine, prepared in Vero cells, 3 micrograms",real,VAC1111,
VAC0509,BIKEN,"Whole virion inactivated Japanese encephalitis vaccine, mouse brain-derived, Nakayama strain - Other name: JEVAX",real,VAC1196,
VAC0510,HEXYON,"Diphtheria toxoid (standard dose), tetanus toxoid, pertussis (multicomponent acellular, 2 components, standard dose), Haemophilus influenzae type b (conjugated to tetanus toxoid), inactivated polio (trivalent) and hepatitis B (recombinant) pediatric vaccine, adsorbed",real,VAC1121,
VAC0511,SILGARD,"Human Papillomavirus vaccine, based on VLP (Virus Like Particles), nonavalent (types 6, 11, 16, and 18), recombinant, adsorbed",real,VAC0859,
VAC0512,"Typhus vaccine, unspecified",Szczepionka przeciwko tyfusowi epidemicznemu (tyfus epidemiczny wszy),abstract,,Typhus
VAC0513,HEPATYRIX,"Hepatitis A (inactivated, adsorbed) and typhoid vaccine (polysaccharide)",real,VAC1114,
VAC0514,ROTARIX,"Monovalent rotavirus vaccine, oral",real,VAC1235,
VAC0515,INFANRIX POLIO,"Diphtheria toxoid (standard dose), tetanus toxoid, pertussis (multicomponent acellular, standard dose) and inactivated polio (trivalent) pediatric vaccine",real,VAC0551,
VAC0516,ABHAYRAB,Whole virion inactivated rabies vaccine,real,VAC0131,
VAC0517,FLUARIXTETRA,"Quadrivalent inactivated seasonal influenza vaccine, split virion",real,VAC0938,
VAC0518,STAMARIL (multidose),Live attenuated yellow fever vaccine,real,VAC0111,
VAC0520,IMVANEX,"Smallpox vaccine, third generation, modified vaccinia virus Ankara, non-replicative",real,VAC1157,
VAC0521,FLUENZ TETRA,"Live attenuated quadrivalent seasonal influenza vaccine, nasal",real,VAC1112,
VAC0523,GARDASIL 9,"Human Papillomavirus vaccine, based on VLP (Virus Like Particles), nonavalent (types 6, 11, 16, 18, 31, 33, 45, 52, and 58), recombinant, adsorbed",real,VAC0860,
VAC0524,TEVAX,Tetanus toxoid vaccine,real,VAC0132,
VAC0525,INFANRIX PENTA,"Diphtheria toxoid (standard dose), tetanus toxoid, pertussis (multicomponent acellular, standard dose), inactivated polio (trivalent) and hepatitis B (recombinant) pediatric vaccine, adsorbed",real,VAC1174,
VAC0526,HECOLIN,Recombinant Hepatitis E Peptide vaccine,real,VAC0917,
VAC0527,VACCIN DIPHTERIQUE ET TETANIQUE ADSORBE,Diphtheria toxoid (standard dose) and tetanus toxoid pediatric vaccine,real,VAC0137,
VAC0528,MOSQUIRIX,"Hepatitis B and malaria (sporozoite surface protein) vaccine, unspecified",real,VAC1238,
VAC0529,IMOVAX TETANO,Tetanus toxoid vaccine,real,VAC0132,
VAC0530,TETANOL PUR,Tetanus toxoid vaccine,real,VAC0132,
VAC0531,TETANOS ADSORBE MERIEUX,Tetanus toxoid vaccine,real,VAC0132,
VAC0532,TETANUS VACCIN,"Tetanus toxoid vaccine, marketed in Holland by Bilthoven Biologicals",real,VAC0132,
VAC0534,MENJUGATE 10 µg,"Meningococcal conjugate vaccine, serogroup C (conjugated to CRM197 Protein)",real,VAC1211,
VAC0535,VAXELIS,"Diphtheria toxoid (standard dose), tetanus toxoid, pertussis (multicomponent acellular, standard dose), Haemophilus influenzae type b (conjugated to outer membrane protein of Neisseria meningitidis serogroup B), inactivated polio (trivalent) and hepatitis B (recombinant) pediatric vaccine, adsorbed",real,VAC1215,
VAC0538,VACCIN BCG BIOMED-LUBLIN,Tuberculosis vaccine,real,VAC0134,
VAC0539,DENGVAXIA,"Live attenuated, chimeric recombinant, quadrivalent vaccine against the four serotypes (1, 2, 3 and 4) of dengue virus (based on yellow fever vaccine 17D)",real,VAC1201,
VAC0540,IPAD T,Tetanus toxoid vaccine,real,VAC0132,
VAC0541,BOOSTRIX,"Diphtheria toxoid (low dose), tetanus toxoid and pertussis (multicomponent acellular, low dose) vaccine",real,VAC0610,
VAC0542,Vaccin D.T.P. Pasteur,"Diphtheria toxoid (standard dose), tetanus toxoid and inactivated polio (trivalent) pediatric vaccine",real,VAC0088,
VAC0543,HEXAXIM,"Diphtheria toxoid (standard dose), tetanus toxoid, pertussis (multicomponent acellular, standard dose), Haemophilus influenzae type b (conjugated to tetanus toxoid), inactivated polio (trivalent) and hepatitis B (recombinant) pediatric vaccine, adsorbed",real,VAC1121,
VAC0544,TETRAXIM,"Diphtheria toxoid (standard dose), tetanus toxoid, pertussis (multicomponent acellular, standard dose) and inactivated polio (trivalent) pediatric vaccine",real,VAC0551,
VAC0545,EUVAX B 20 µg,"Recombinant hepatitis B vaccine, adult dose",real,VAC0915,
VAC0546,DULTAVAX,"Diphtheria toxoid (low dose), tetanus toxoid and inactivated polio (trivalent) vaccine, adsorbed",real,VAC0549,
VAC0549,"dTIPV - Diphtheria-Tetanus-Polio, low dose, unspecified","Toksoid błoniczy (niska dawka), toksoid tężcowy i inaktywowana szczepionka przeciwko polio (trójwalentna)",abstract,,d|POLIO-I|T
VAC0550,"Measles-Rubella vaccine, unspecified",Żywa atenuowana szczepionka przeciwko odrze i różyczce,abstract,,Meas-LAV|Rub-LAV
VAC0551,"DTaPIPV vaccine, standard dose, unspecified","Toksoid błoniczy (dawka standardowa), toksoid tężcowy, wielokomponentowa acelularna szczepionka przeciw krztuścowi (dawka standardowa) oraz inaktywowana szczepionka przeciw polio (trójwalentna) dla dzieci",abstract,,aP|POLIO-I|T|D
VAC0552,"DTaPHibHepBIPV hexavalent vaccine, unspecified","Toksoid błoniczy (dawka standardowa), toksoid tężcowy, wielokomponentowa acelularna szczepionka przeciw krztuścowi (dawka standardowa), Haemophilus influenzae typu b (skoniugowana nieokreślona), inaktywowana szczepionka przeciw polio (trójwartościowa) i szczepionka przeciw wirusowemu zapaleniu wątroby typu B (rekombinowana) dla dzieci",abstract,,aP|POLIO-I|T|D|Hib-C|rHBsAg-10
VAC0553,"Pentavalent DTwPHibIPV vaccine, unspecified","Toksoid błoniczy (dawka standardowa), toksoid tężcowy, krztusiec pełnokomórkowy, skoniugowana szczepionka przeciwko Haemophilus influenzae typu b (skoniugowana nieokreślona) oraz inaktywowana szczepionka przeciwko polio (trójwalentna) pediatryczna",abstract,,wP|POLIO-I|T|D|Hib-C
VAC0554,PEDIACEL,"Diphtheria toxoid (standard dose), tetanus toxoid, pertussis (multicomponent acellular, 5 components, standard dose), Haemophilus influenzae type b (conjugated to tetanus toxoid) and inactivated polio (trivalent) pediatric vaccine, adsorbed",real,VAC1115,
VAC0555,CombAct-HIB,"Diphtheria toxoid (standard dose), tetanus toxoid, pertussis (whole-cell inactivated), Haemophilus influenzae type b (conjugated to tetanus toxoid) and inactivated polio (trivalent) pediatric vaccine, adsorbed",real,VAC1126,
VAC0556,MENITORIX,"Haemophilus influenzae type b and meningococcal conjugate vaccine, serogroup C (conjugated to tetanus toxoid)",real,VAC1230,
VAC0560,VAXIGRIPTETRA,"Quadrivalent inactivated seasonal influenza vaccine, surface antigens",real,VAC1200,
VAC0561,IMOJEV,"Live attenuated Japanese encephalitis vaccine, recombinant chimeric",real,VAC1193,
VAC0562,INFLUVAC TETRA,Quadrivalent inactivated seasonal influenza vaccine with surface antigens,real,VAC0938,
VAC0563,ALPHA-RIX-TETRA,"Quadrivalent inactivated seasonal influenza vaccine, split virion",real,VAC0938,
VAC0566,PNEUMOCOCCAL POLYSACCHARIDE VACCINE MSD,"Unconjugated pneumococcal polysaccharide vaccine, 23-valent, serotypes 1, 2, 3, 4, 5, 6B, 7F, 8, 9N, 9V, 10A, 11A, 12F, 14, 15B, 17F, 18C, 19A, 19F, 20, 22F, 23F and 33F",real,VAC0339,
VAC0567,SHINGRIX,"Shingles vaccine (recombinant, with adjuvant)",real,VAC1241,
VAC0568,BOOSTRIX-POLIO,"Diphtheria toxoid (low dose), tetanus toxoid, pertussis (multicomponent acellular, 5 components, low dose) and inactivated polio (trivalent) vaccine, adsorbed",real,VAC0585,
VAC0569,INFANRIX-IPV,"Diphtheria toxoid (standard dose), tetanus toxoid, pertussis (multicomponent acellular, standard dose) and inactivated polio (trivalent) pediatric vaccine",real,VAC0551,
VAC0570,HIBERIX,Haemophilus influenzae type b conjugate vaccine (tetanus protein conjugate),real,VAC0345,
VAC0573,AGRIFLU,"Trivalent inactivated seasonal influenza vaccine, surface antigen",real,VAC0925,
VAC0574,Td POLIO ADSORBED,"Diphtheria toxoid (low dose), tetanus toxoid and inactivated polio (trivalent) vaccine, adsorbed",real,VAC0549,
VAC0575,FSME-IMMUN,"Tick-borne encephalitis vaccine, whole-virus inactivated, Neudörfl strain, adult dose",real,VAC1038,
VAC0576,FLUVIRAL,Trivalent inactivated seasonal influenza vaccine,real,VAC0925,
VAC0577,TRIPACEL HYBRID,"Diphtheria toxoid (standard dose), tetanus toxoid and pertussis (multicomponent acellular, standard dose) pediatric vaccine",real,VAC0602,
VAC0578,INFANRIX-HIB,"Diphtheria toxoid (standard dose), tetanus toxoid, pertussis (multicomponent acellular, standard dose) and Haemophilus influenzae type b (conjugated to tetanus toxoid) pediatric vaccine",real,VAC1164,
VAC0579,CLAIRYG 50 mg/mL,"Measles immunoglobulin, human origin",real,VAC0862,
VAC0580,CLAIRYG,"Measles immunoglobulin, human origin",real,VAC0862,
VAC0582,TRUMENBA,"Meningococcal vaccine, serogroup B (recombinant, adsorbed)",real,VAC1152,
VAC0585,"TdapIPV - Diphtheria-Tetanus-Pertussis-Polio vaccine, low dose, unspecified","Toksoid błoniczy (mała dawka), toksoid tężcowy, wieloskładnikowa acelularna szczepionka przeciw krztuścowi (5 składników, mała dawka) i inaktywowana szczepionka przeciw polio (trójwartościowa), adsorbowana",abstract,,ap|d|POLIO-I|T
VAC0586,Ervebo,"Ebola Zaire vaccine (rVSVΔG-ZEBOV-GP, live)",real,VAC1199,
VAC0590,VACCIN BCG AJVACCINES,Tuberculosis vaccine,real,VAC0134,
VAC0591,VIVAXIM,"Hepatitis A (inactivated, adsorbed) and typhoid vaccine (polysaccharide), presented in a two-compartment syringe",real,VAC1114,
VAC0592,SPEEDA,"Whole virion inactivated rabies vaccine, cultured on Vero cells",real,VAC1116,
VAC0593,VERORAB,"Whole virion inactivated rabies vaccine, WISTAR PM/WI 38-1503-3M strain, cultured on Vero cells, inactivated with ß-propiolactone",real,VAC1116,
VAC0594,MenQuadfi,"Quadrivalent meningococcal polysaccharide conjugate vaccine, serogroups A, C, W and Y (conjugated to tetanus toxoid)",real,VAC1182,
VAC0595,FLUCELVAX TETRA,"Quadrivalent inactivated seasonal influenza vaccine, cell-based",real,VAC1200,
VAC0596,"DTaPHibHepB pentavalent vaccine, unspecified","Toksoid błoniczy (dawka standardowa), toksoid tężcowy i wielokomponentowy acelularny krztusiec (dawka standardowa), Haemophilus influenzae typu b (skoniugowana, nieokreślona) oraz szczepionka pediatryczna przeciwko wirusowemu zapaleniu wątroby typu B (rekombinowana)",abstract,,aP|T|D|Hib-C|rHBsAg-10
VAC0598,"DTwPHibHepB pentavalent vaccine, unspecified","Toksoid błoniczy (dawka standardowa), toksoid tężcowy, inaktywowany całokomórkowo krztusiec, Haemophilus influenzae typu b (skoniugowana, nieokreślona) i wirusowe zapalenie wątroby typu B (rekombinowane), szczepionka pediatryczna",abstract,,wP|T|D|Hib-C|rHBsAg-10
VAC0599,"DTPerHibHepB pentavalent vaccine, unspecified","Toksoid błoniczy (dawka standardowa), toksoid tężcowy i wielokomponentowa acelularna szczepionka przeciw krztuścowi (nieokreślona), Haemophilus influenzae typu b (skoniugowana, nieokreślona) oraz pediatryczna szczepionka przeciw wirusowemu zapaleniu wątroby typu B (rekombinowana)",abstract,,Per|T|D|Hib-C|rHBsAg-10
VAC0600,"OPV bivalent 1-3, unspecified","Szczepionka przeciwko polio (żywa, atenuowana, dwuwartościowa) przeciwko poliovirusowi typu 1 i 3, doustna",abstract,,mOPV3|mOPV1
VAC0601,"DPT Diphtheria-Pertussis-Tetanus vaccine, unspecified","Toksoid błoniczy (dawka standardowa), toksoid tężcowy i całokomórkowy inaktywowany lub acelularny krztusiec (dawka nieokreślona) szczepionka pediatryczna",abstract,,Per|T|D
VAC0602,"DTaP - Diphtheria-Tetanus-Pertussis vaccine, standard dose, unspecified","Szczepionka pediatryczna zawierająca toksoid błoniczy (dawka standardowa), toksoid tężcowy i wieloskładnikowy acelularny krztusiec (dawka standardowa)",abstract,,aP|T|D
VAC0603,ComVac3,"Diphtheria toxoid (standard dose), tetanus toxoid and pertussis (whole-cell inactivated) pediatric vaccine",real,VAC0136,
VAC0610,"Tdap - Diphtheria-Tetanus-Pertussis vaccine, low dose, unspecified","Szczepionka zawierająca toksoid błoniczy (mała dawka), toksoid tężcowy i wieloskładnikową szczepionkę acelularną przeciwko krztuścowi (mała dawka)",abstract,,ap|d|T
VAC0611,SHAN-5,"Diphtheria toxoid (standard dose), tetanus toxoid, pertussis (whole-cell inactivated), Haemophilus influenzae type b (conjugated to tetanus toxoid) and hepatitis B (recombinant) pediatric vaccine - Other name: DTwP-Hep B-Hib Liquid Vaccine",real,VAC1181,
VAC0612,DTP-vax FINLAY,"Diphtheria toxoid (standard dose), tetanus toxoid and whole-cell inactivated pertussis pediatric vaccine",real,VAC0136,
VAC0613,BORYUNG DTap VACCINE,"Diphtheria toxoid (standard dose), tetanus toxoid and pertussis (multicomponent acellular, standard dose) pediatric vaccine",real,VAC0602,
VAC0614,TDAPBOOSTER AJ VACCINES,"Diphtheria toxoid (low dose), tetanus toxoid and pertussis (multicomponent acellular, low dose) vaccine",real,VAC0610,
VAC0615,VACCIN T.P. PASTEUR,Tetanus toxoid and inactivated polio (trivalent) vaccine,real,VAC0380,
VAC0620,IXCHIQ,Live attenuated chikungunya vaccine,real,VAC1198,
VAC0621,"MenC, unspecified","Meningococcal conjugate Vaccine, serogroup C (conjugated to tetanus toxoid, Produced by the Ezequiel Dias Foundation)",real,VAC1184,
VAC0622,EOLARIX,Live attenuated measles and rubella vaccine,real,VAC0550,
VAC0623,"Measles-mumps vaccine, unspecified",Żywa atenuowana szczepionka przeciwko odrze i śwince,abstract,,Meas-LAV|Mumps-LAV
VAC0624,M-M-Vax,Live attenuated measles and mumps vaccine,real,VAC0623,
VAC0625,MORATEN,Live attenuated measles vaccine,real,VAC0114,
VAC0626,MoRu Viraten,Live attenuated measles and rubella vaccine,real,VAC0550,
VAC0627,MORUMAN,Live attenuated measles vaccine,real,VAC0114,
VAC0628,Immravax,"Live attenuated measles, mumps and rubella vaccine",real,VAC0130,
VAC0631,MENINVACTKIT,"Meningococcal conjugate vaccine, serogroup C (conjugated to CRM197 Protein)",real,VAC1211,
VAC0632,OPVERO,"Polio vaccine (live attenuated, trivalent) against polioviruses 1, 2 and 3, oral",real,VAC0320,
VAC0633,ZABDENO,Ebola virus vaccine with live non-replicating recombinant virus vector,real,VAC1205,
VAC0634,MVABEA,Ebola virus vaccine with non-replicating viral vector,real,VAC1183,
VAC0635,PREFLUCEL,"Trivalent inactivated seasonal influenza vaccine, purified antigens",real,VAC0925,
VAC0636,FluMist Quadrivalent,Live attenuated quadrivalent seasonal influenza vaccine,real,VAC1112,
VAC0637,IPAD DT,Diphtheria toxoid (standard dose) and tetanus toxoid pediatric vaccine,real,VAC0137,
VAC0638,IPAD POLIO,Inactivated polio (trivalent) vaccine,real,VAC0270,
VAC0639,ADACEL POLIO,"Diphtheria toxoid (low dose), tetanus toxoid, pertussis (multicomponent acellular, 5 components, low dose) and inactivated polio (trivalent) vaccine, adsorbed",real,VAC0585,
VAC0640,TRITANRIX HepB+Hib,"Diphtheria toxoid (standard dose), tetanus toxoid, pertussis (whole-cell inactivated), Haemophilus influenzae type b (conjugated to tetanus toxoid) and hepatitis B (recombinant) pediatric vaccine",real,VAC1181,
VAC0641,GLOBORIX,"Diphtheria toxoid (standard dose), tetanus toxoid, pertussis (whole-cell inactivated), Haemophilus influenzae type b (conjugated to tetanus toxoid) and meningococcal pediatric vaccine, serogroup A and C",real,VAC1219,
VAC0642,Fluzone High-Dose Quadrivalent,"High-dose, quadrivalent inactivated seasonal influenza vaccine, split-virion",real,VAC1146,
VAC0643,"Meningococcal ACWY conjugate vaccine, unspecified","Czterowalentna szczepionka skoniugowana przeciwko meningokokom, przeciwko serogrupom A, C, W i Y",abstract,,MCV-A|MCV-C|MCV-Y|MCV-W
VAC0644,QDENGA,"Live attenuated, chimeric recombinant, quadrivalent vaccine against the four serotypes (1, 2, 3 and 4) of dengue virus
Other names: TAK-003; DENVAX",real,VAC1178,
VAC0645,IMMU ORR,"Live attenuated measles, mumps and rubella vaccine",real,VAC0130,
VAC0646,CECOLIN,"Human Papillomavirus vaccine, based on VLP (Virus Like Particles), bivalent (types 16 and 18), recombinant (Escherichia coli-expressed)",real,VAC0858,
VAC0647,ROTASIIL,Rotavirus vaccine,real,VAC0158,
VAC0648,"COVID-19 vaccine, unspecified",Szczepionka COVID-19,abstract,,COVID
VAC0649,EFLUELDA TETRA,"High-dose, quadrivalent inactivated seasonal influenza vaccine, split-virion",real,VAC1146,
VAC0650,VAXZEVRIA ASTRAZENECA,"COVID-19 vaccine, non-replicating chimpanzee adenoviral vector ChAdOx1 encoding the SARS-CoV-2 spike protein",real,VAC1170,
VAC0651,CORONAVAC SINOVAC COVID-19 VACCINE,"COVID-19 vaccine, whole virion inactivated, adjuvanted (adjuvant: aluminium hydroxide)",real,VAC1119,
VAC0652,CONVIDECIA,"COVID-19 vaccine, non-replicating adenovirus 5 vector encoding the SARS-CoV-2 spike protein",real,VAC1176,
VAC0653,"Hepatitis A + Hepatitis B vaccine Child, unspecified","Skojarzona szczepionka przeciwko wirusowemu zapaleniu wątroby typu A i B, dawka pediatryczna",abstract,,rHBsAg-10|HepA-bv-PED
VAC0654,"Hepatitis A + Hepatitis B vaccine Adult, unspecified","Skojarzona szczepionka przeciw wirusowemu zapaleniu wątroby typu A i B, dawka dla dorosłych",abstract,,rHBsAg-20|HepA-bv-ADU
VAC0655,"Diphtheria vaccine, unspecified",Toksoid błoniczy (dawka nieokreślona),abstract,,D-d
VAC0656,"SPIKEVAX 0,2 mg/mL MODERNA",COVID-19 mRNA vaccine,real,VAC1210,
VAC0657,Chinese-WIBP-Vero-Inactivated-Covid,"COVID-19 vaccine, whole virion inactivated (Vero cell culture)",real,VAC1124,
VAC0658,COMIRNATY 30 µg BIONTECH-PFIZER,"Covid 19 mRNA vaccine, from age 12, 30 micrograms",real,VAC1150,
VAC0659,ZIFIVAX ANHUI COVID-19 VACCINE,"COVID-19 vaccine, protein subunit",real,VAC1138,
VAC0660,Chinese-IMB-Inactivated-Covid,"COVID-19 vaccine, whole virion inactivated",real,VAC1124,
VAC0661,Inovio-DNA-Covid,COVID-19 plasmid DNA vaccine,real,VAC1128,
VAC0662,Osaka-DNA-covid / AG0301-COVID19,COVID-19 plasmid DNA vaccine,real,VAC1128,
VAC0663,Cadila-DNA-covid,COVID-19 plasmid DNA vaccine,real,VAC1128,
VAC0664,GX-19-DNA-Covid,COVID-19 plasmid DNA vaccine,real,VAC1128,
VAC0665,COVAXIN BHARAT BIOTECH COVID-19 VACCINE,"COVID-19 vaccine, whole virion inactivated, adjuvated (adjuvant : TLR 7 and 8 agonist imidazoquinoline molecule adsorbed on aluminium hydroxide). Other names: BBV152, Bharat Inactivated Covid Vaccine",real,VAC1119,
VAC0666,JCOVDEN (former name: JANSSEN COVID-19 VACCINE),COVID-19 vaccine with non-replicating viral vector (adenovirus),real,VAC1185,
VAC0667,NUVAXOVID,"COVID-19 vaccine, protein subunit, recombinant spike protein nanoparticles, with adjuvant (Matrix M) - Other name: NOVAVAX NVX-CoV2373 COVID-19 Vaccine",real,VAC1129,
VAC0668,Kentucky-RBD-Covid,"COVID-19 vaccine, protein subunit",real,VAC1138,
VAC0669,Arcturus-RNA-Covid,"COVID-19 vaccine, mRNA encoding the SARS-CoV-2 spike protein, ongoing clinical trial",real,VAC1166,
VAC0670,SPOUTNIK V,"COVID-19 vaccine, non-replicating adenoviral vector encoding the SARS-CoV-2 spike protein",real,VAC1143,
VAC0671,Clover-Spike-SCB-2019-Covid,"COVID-19 vaccine, protein subunit, recombinant spike protein",real,VAC1113,
VAC0672,Vaxine-Spike-Covid,"COVID-19 vaccine, protein subunit, recombinant spike protein, with adjuvant (Advax)",real,VAC1113,
VAC0673,Queensland-Spike-MF59-Covid,"COVID-19 vaccine, protein subunit, recombinant spike protein, with adjuvant (MF59)",real,VAC1113,
VAC0674,Pasteur-MSD Measles vector Covid,"COVID-19 vaccine, replicating measles virus vector encoding the SARS-CoV-2 spike protein",real,VAC1187,
VAC0675,Imperial-College-RNA-Covid,"COVID-19 vaccine, mRNA encoding the SARS-CoV-2 spike protein, ongoing clinical trial",real,VAC1166,
VAC0676,Curevac-RNA-Covid,"COVID-19 vaccine, mRNA encoding the SARS-CoV-2 spike protein, ongoing clinical trial",real,VAC1166,
VAC0677,Chinese-PLA-ARN-Covid,"COVID-19 vaccine, mRNA encoding the SARS-CoV-2 spike protein, ongoing clinical trial",real,VAC1166,
VAC0678,COVIFENZ,"COVID-19 vaccine, VLP, recombinant spike protein, with adjuvant",real,VAC1106,
VAC0679,MEDIGEN-S-2P-CpH1018-COVID,"COVID-19 vaccine, protein subunit, recombinant spike protein, S-2P and CpG1018",real,VAC1144,
VAC0680,COVILO SINOPHARM COVID-19 VACCINE,"COVID-19 vaccine, whole virion inactivated, Vero cell-cultured - Other names : SINOPHARM BBIBP-CorV COVID-19 ; COVID-19 Vaccine BIBP ; Hayat-vax",real,VAC1119,
VAC0681,GRAd-COV2 COVID-19 Vaccine ReiThera,"COVID-19 vaccine, non-replicating adenoviral vector encoding the SARS-CoV-2 spike protein",real,VAC1143,
VAC0682,FLUQUADRI,Quadrivalent inactivated seasonal influenza vaccine with surface antigens,real,VAC0938,
VAC0683,EPIVACCORONA,"COVID-19 vaccine, protein subunit, recombinant spike protein",real,VAC1043,
VAC0684,QazVac,"COVID-19 vaccine, whole virion inactivated",real,VAC1124,
VAC0685,VIDPREVTYN BETA,"COVID-19 vaccine, protein subunit, recombinant spike protein, with ASO3 adjuvant. Other name: Sanofi-GSK Recombinant COVID-19 Vaccine.",real,VAC1043,
VAC0686,MULTI-PEPTIDE-pVAC-COVID,"COVID-19 vaccine, protein subunit, recombinant spike protein, adapted to human major histocompatibility complex II molecules",real,VAC1043,
VAC0687,UB-612 COVID-19 Vaccine,"COVID-19 vaccine, protein subunit, recombinant spike protein (based on S1 and S2 subunits of the Spike protein and M and N proteins of SARS-CoV-2)",real,VAC1043,
VAC0688,Chinese-Influenza-intranasal-covid,"COVID-19 vaccine, replicating influenza virus vector, recombinant RBD protein, intranasal spray",real,VAC1173,
VAC0689,CHINESE-RECOMBINANT-Sf9-COVID,"COVID-19 vaccine, protein subunit, recombinant spike protein, expressed by Baculovirus cultured on Sf9 cells",real,VAC1043,
VAC0690,Chinese-Ad5-nCoV-covid,"COVID-19 vaccine, non-replicating adenovirus 5 vector encoding the SARS-CoV-2 spike protein",real,VAC1176,
VAC0691,FINLAY-FR-1,"COVID-19 vaccine, protein subunit, recombinant spike protein",real,VAC1043,
VAC0692,COVAXX,"COVID-19 vaccine, protein subunit",real,VAC1138,
VAC0693,VXA-CoV2-1-Covid,"COVID-19 vaccine, non-replicating adenovirus 5 vector encoding the SARS-CoV-2 spike protein, adjuvanted, oral tableted",real,VAC1176,
VAC0694,LMU-MVA-SARS-2-S-Covid,"COVID-19 vaccine, non-replicating modified Vaccinia Virus Ankara vector encoding the SARS-CoV-2 spike protein",real,VAC1189,
VAC0695,RBD-HBsAg-VLPs-Covid,"COVID-19 vaccine, VLP, recombinant spike protein. The RBD antigen of SARS-Cov-2 is conjugated to the HBs antigen of hepatitis B virus",real,VAC1106,
VAC0696,KCONVAC MINHAI COVID-19 VACCINE,"COVID-19 vaccine, whole virion inactivated (Vero cell culture)",real,VAC1124,
VAC0697,V590 (COVID-19 Vaccine),"COVID-19 vaccine, replicating vesicular stomatitis virus vector encoding the SARS-CoV-2 spike protein",real,VAC1190,
VAC0698,hAd5-COVID-19,"COVID-19 vaccine, non-replicating adenovirus 5 vector encoding the SARS-CoV-2 S and N protein",real,VAC1176,
VAC0699,IIBR's RECOMBINANT VSV-DeltaG-spike VACCINE,"COVID-19 vaccine, replicating vesicular stomatitis virus vector encoding the SARS-CoV-2 spike protein",real,VAC1190,
VAC0701,bacTRL-Spike,"COVID-19 plasmid DNA vaccine, encoding the spike protein of SARS-CoV-2 carried by Bifidobacterium longum, oral",real,VAC1128,
VAC0702,rRBD produced in CHO-cell chemically conjugate to tetanus toxoid,"COVID-19 vaccine, protein subunit, conjugated to tetanus toxoid",real,VAC1138,
VAC0703,Adjuvanted protein subunit (RBD),"COVID-19 vaccine, protein subunit, adjuvanted",real,VAC1138,
VAC0705,INFLUSPLIT TETRA,Quadrivalent inactivated seasonal influenza vaccine with surface antigens,real,VAC0938,
VAC0706,FLUZONE QUADRIVALENT,Quadrivalent inactivated seasonal influenza vaccine with surface antigens,real,VAC0938,
VAC0707,Coronavirus SARS-CoV-2 inactivé,"COVID-19 vaccine, whole virion inactivated (Vero cell culture)",real,VAC1124,
VAC0708,CORVax12,"COVID-19 plasmid DNA vaccine, S-protein with or without the IL-12p70 plasmid combination",real,VAC1128,
VAC0709,COVI-VAC,"COVID-19 vaccine, live attenuated",real,VAC1202,
VAC0710,COVID-19 mRNA Vaccine BNT162b2,"COVID-19 mRNA vaccine, initial trade name, adult dosage 30 micrograms",real,VAC1150,
VAC0711,"Typhoid conjugate vaccine, unspecified",Polisacharydowa szczepionka skoniugowana przeciwko durowi brzusznemu,abstract,,Ty-ViC-T
VAC0712,"Typhoid-hepatitis A vaccine, unspecified",Skojarzona szczepionka przeciwko durowi brzusznemu i wirusowemu zapaleniu wątroby typu A,abstract,,Ty|HepA-I
VAC0713,"Typhoid polysaccharide vaccine, unspecified",Polisacharydowa szczepionka przeciwko durowi brzusznemu (antygen kapsulowy Vi),abstract,,Ty-ViPS
VAC0714,"COVID-19 VACCINE (INACTIVATED, ADJUVANTED) VALNEVA","COVID-19 vaccine, whole virion inactivated, adjuvanted with CpG 10183 ! (cytosine phospho-guanine) a) in combination with aluminium hydroxide - Other name: Valneva VLA2001",real,VAC1119,
VAC0715,ERUCOV-VAC,"COVID-19 vaccine, whole virion inactivated",real,VAC1124,
VAC0716,SARS-CoV-2-RBD-Fc fusion protein,"COVID-19 vaccine, protein subunit",real,VAC1138,
VAC0717,CIGB-669,"COVID-19 vaccine, protein subunit (RBD protein + hepatitis B virus core antigen)",real,VAC1138,
VAC0718,CIGB-66,"COVID-19 vaccine, protein subunit (RBD protein + hepatitis B virus core antigen)",real,VAC1138,
VAC0719,NANOCOVAX,"COVID-19 vaccine, protein subunit, recombinant spike protein",real,VAC1113,
VAC0720,S-268019,"COVID-19 vaccine, protein subunit, recombinant spike protein, expressed by baculovirus",real,VAC1113,
VAC0721,AdimrSC-2f,"COVID-19 vaccine, protein subunit, aluminium-adjuvanted and non-aluminium-adjuvanted",real,VAC1138,
VAC0722,Covigenix VAX-001,"COVID-19 plasmid DNA vaccine, coding for the nucleocapsid protein",real,VAC1128,
VAC0723,GLS-5310,COVID-19 plasmid DNA vaccine,real,VAC1128,
VAC0724,ChulaCov19,"COVID-19 vaccine, mRNA encoding the SARS-CoV-2 spike protein, ongoing clinical trial (encapsulated in a lipid nanoparticle)",real,VAC1166,
VAC0725,COH04S1,"COVID-19 vaccine, non-replicating modified Vaccinia Virus Ankara vector encoding the SARS-CoV-2 spike protein, containing DNA fragments encoding the spike protein and the nucleocapsid of SARS-CoV-2",real,VAC1189,
VAC0726,AdCOVID,"COVID-19 vaccine, non-replicating adenoviral vector encoding the SARS-CoV-2 spike protein",real,VAC1143,
VAC0727,AdCLD-CoV19,"COVID-19 vaccine, non-replicating adenovirus 5/35 vector encoding the SARS-CoV-2 spike protein",real,VAC1176,
VAC0728,Covid-19/aAPC,COVID-19 vaccine prepared by applying lentivirus modification with immune modulatory genes and the viral minigenes to the artificial antigen presenting cells (aAPCs),real,VAC1186,
VAC0729,LV-SMENP-DC vaccine,"COVID-19 vaccine, non-replicating viral vector, with antigen presenting cells. Lentivirus-modified dendritic cells expressing a synthetic minigene based on SARS-CoV-2 viral protein extracts. This vaccine is also administered with recombinant T cells specific for SARS-CoV-2 antigens",real,VAC1142,
VAC0730,Dendritic cell AV-COVID-19,"COVID-19 vaccine, autologous dendritic cells loaded with antigens from SARS-CoV-2, with or without GM-CSF",real,VAC1186,
VAC0731,DITANRIX,"Diphtheria vaccine (toxoid, reduced dose) and tetanus vaccine (toxoid), adult dose",real,VAC0920,
VAC0732,COVAC-1 - COVAC-2,"COVID-19 vaccine, protein subunit, recombinant spike protein, with adjuvant (squalene)",real,VAC1113,
VAC0733,HEPLISAV-B,"Recombinant hepatitis B vaccine, adult dose",real,VAC0915,
VAC0734,POLIO BOOSTRIX,"Diphtheria toxoid (low dose), tetanus toxoid, pertussis (multicomponent acellular, 5 components, low dose) and inactivated polio (trivalent) vaccine, adsorbed",real,VAC0585,
VAC0735,POLIOINFANRIX,"Diphtheria toxoid (standard dose), tetanus toxoid, pertussis (multicomponent acellular, standard dose) and inactivated polio (trivalent) pediatric vaccine",real,VAC0551,
VAC0736,TRIAXIS POLIO,"Diphtheria toxoid (low dose), tetanus toxoid, pertussis (multicomponent acellular, 5 components, low dose) and inactivated polio (trivalent) vaccine, adsorbed",real,VAC0585,
VAC0737,GBP510,"COVID-19 vaccine, protein subunit, recombinant spike protein, with adjuvant (AS03)",real,VAC1113,
VAC0739,RAZI Cov Pars,"COVID-19 vaccine, protein subunit, recombinant spike protein, with adjuvant unspecidfied",real,VAC1113,
VAC0740,PTX-COVID19-B,"COVID-19 vaccine, mRNA encoding the SARS-CoV-2 spike protein, ongoing clinical trial",real,VAC1166,
VAC0741,COVID-eVax,"COVID-19 plasmid DNA vaccine, encoding the Spike protein of SARS-CoV-2",real,VAC1128,
VAC0742,COVIGEN,COVID-19 plasmid DNA vaccine,real,VAC1128,
VAC0743,BBV154,"COVID-19 vaccine, non-replicating adenoviral vector encoding the SARS-CoV-2 spike protein",real,VAC1143,
VAC0744,COVID-19 inactivated vaccine,"COVID-19 vaccine, whole virion inactivated",real,VAC1124,
VAC0745,MF59 adjuvanted SARS-CoV-2 Sclamp vaccine,"COVID-19 vaccine, protein subunit, recombinant spike protein, with adjuvant (squalene)",real,VAC1113,
VAC0752,COVISHIELD,"COVID-19 vaccine, non-replicating chimpanzee adenoviral vector ChAdOx1 encoding the SARS-CoV-2 spike protein",real,VAC1170,
VAC0753,Inactivated SARS-CoV-2 vaccine FAKHRAVAC (MIVAC),"COVID-19 vaccine, whole virion inactivated",real,VAC1124,
VAC0754,Inactivated Koçak-19 Inaktif Adjuvant COVID-19 Vaccine,"COVID-19 vaccine, whole virion inactivated, adjuvanted (adjuvant unspecified)",real,VAC1124,
VAC0755,Adjuvanted inactivated vaccine against SARS-CoV-2,"COVID-19 vaccine, whole virion inactivated, adjuvanted (adjuvant : aluminium hydroxide + TLR9 agonist (CpG ODN)",real,VAC1124,
VAC0756,MV-014-212,"COVID-19 vaccine, live attenuated, expressing the SARS-CoV-2 spike protein",real,VAC1202,
VAC0757,NBP 2001,"COVID-19 vaccine, protein subunit, recombinant spike protein, with adjuvant (aluminum hydroxide)",real,VAC1113,
VAC0758,SpFN COVID 19 vaccine + AFLQ,"COVID-19 vaccine, protein subunit, recombinant spike protein, with adjuvant (AFKQ: liposomal containing saponin QS21)",real,VAC1113,
VAC0759,EuCorVac-19,"COVID-19 vaccine, protein subunit, recombinant spike protein, with adjuvant unspecified",real,VAC1113,
VAC0760,ReCOV,"COVID-19 vaccine, protein subunit, recombinant spike protein, with adjuvant unspecified",real,VAC1535,
VAC0761,V-01,"COVID-19 vaccine, protein subunit, recombinant spike protein, fusion protein",real,VAC1113,
VAC0762,CoV2 SAM (LNP) vaccine,"COVID-19 vaccine, self-amplifying mRNA (SAM) lipid nanoparticle (LNP) encoding the SARS-CoV-2 spike protein, ongoing clinical trial",real,VAC1206,
VAC0763,mRNA-1273.351,"COVID-19 vaccine, mRNA encoding the SARS-CoV-2 variant B.1.351 spike protein, ongoing clinical trial (encapsulated in a lipid nanoparticle)",real,VAC1166,
VAC0764,MRT5500,"COVID-19 vaccine, mRNA encoding the SARS-CoV-2 spike protein, ongoing clinical trial",real,VAC1166,
VAC0765,DS-5670a,"COVID-19 vaccine, mRNA encoding the SARS-CoV-2 spike protein, ongoing clinical trial",real,VAC1166,
VAC0766,HDT-301,"COVID-19 vaccine, mRNA encoding the SARS-CoV-2 spike protein, ongoing clinical trial (encapsulated in a lipid nanoparticle)",real,VAC1166,
VAC0767,ChAdV68 SAM-LNP rS-TCE GRITSTONE ONCOLOGY COVID-19 VACCINE,"COVID-19 vaccine with chimpanzee adenovirus and self-amplifying mRNA: 1. A non-replicating viral vector, chimpanzee adenovirus, serotype 68 (ChAdV68), encoding the spike protein of SARS-CoV-2 (ChAdV68-S) and/or spike protein plus additional SARS-CoV-2 epitopes recognized by T cells (ChAdV68-S-TCE) and 2. A self-amplifying mRNA (SAM) in lipid nanoparticles (SAM-LNP) encoding SARS-CoV-2 spike protein (SAM-S) and/or spike protein plus additional SARS-CoV-2 epitopes recognized by T cells (SAM-S-TCE), SAM vector based on Venezuelan equine encephalitis virus (VEEV)",real,VAC1197,
VAC0768,COVIVAC,"COVID-19 vaccine, non-replicating Newcastle disease virus vector encoding the SARS-CoV-2 spike protein, with or without CpG 1018 adjuvant",real,VAC1139,
VAC0769,SC-Ad6-1,"COVID-19 vaccine, non-replicating adenoviral 6 vector encoding the SARS-CoV-2 spike protein",real,VAC1143,
VAC0770,NDV-HXP-S,"COVID-19 vaccine, replicating Newcastle disease virus vector encoding the SARS-CoV-2 spike protein, with or without CpG 1018 adjuvant",real,VAC1207,
VAC0771,VBI-2902a,"COVID-19 vaccine, VLP, recombinant spike protein, with adjuvant (aluminum phosphate)",real,VAC1106,
VAC0772,SARS-CoV-2 VLP Vaccine,"COVID-19 vaccine, VLP, recombinant spike protein, expressed protein of SARS-CoV-2 unspecified, with adjuvants (aluminium of unspecified type + CpGODN-K3, a TLR9 agonist)",real,VAC1106,
VAC0773,ABNCoV2,"COVID-19 vaccine, VLP, recombinant spike protein, with or without adjuvant MF56 (squalene)",real,VAC1106,
VAC0774,"FSME-IMMUN 0,25 mL","Tick-borne encephalitis vaccine, whole-virus inactivated, pediatric dose",real,VAC1037,
VAC0775,"DTwPHib, unspecified","Toksoid błoniczy (dawka standardowa), toksoid tężcowy, całokomórkowy inaktywowany krztusiec i haemophilus influenzae typu b (skoniugowana nieokreślona) szczepionka pediatryczna",abstract,,wP|T|D|Hib-C
VAC0776,TETRABIK,"Diphtheria toxoid (standard dose), tetanus toxoid, pertussis (multicomponent acellular, standard dose) and inactivated polio (trivalent) pediatric vaccine",real,VAC0551,
VAC0777,ADJUPANRIX,"Influenza A(H5N1) vaccine (fragmented virion, inactivated, adjuvanted)",real,VAC0084,
VAC0778,VAXCHORA,Live attenuated cholera vaccine (attenuated V. cholerae strain CVD 103-HgR produced by recombinant DNA technology),real,VAC0806,
VAC0779,BATREVAC,"Trivalent inactivated seasonal influenza vaccine, surface antigen",real,VAC0925,
VAC0780,VAXNEUVANCE,"Pneumococcal polysaccharide conjugate vaccine, 15-valent, adsorbed, serotypes 1, 3, 4, 5, 6A, 6B, 7F, 9V, 14, 18C, 19A, 19F, 22F, 23F and 33F",real,VAC1239,
VAC0781,RABIVAC,"Whole virion inactivated rabies vaccine, Flury LEP strain, purified chick embryo cell vaccine (PCECV), inactivated with ß-propiolactone",real,VAC0942,
VAC0782,RASILVAX,"Whole virion inactivated rabies vaccine, Flury LEP strain, purified chick embryo cell vaccine (PCECV), inactivated with ß-propiolactone",real,VAC0942,
VAC0783,R-COVI,"COVID-19 vaccine, non-replicating chimpanzee adenoviral vector ChAdOx1 encoding the SARS-CoV-2 spike protein",real,VAC1170,
VAC0784,PERTAGEN,"Pertussis (multicomponent acellular, low dose) vaccine",real,VAC1232,
VAC0785,BOOSTAGEN,"Diphtheria toxoid (low dose), tetanus toxoid and pertussis (multicomponent acellular, low dose) vaccine",real,VAC0610,
VAC0786,PREVNAR 20,"Pneumococcal polysaccharide conjugate vaccine, 20-valent, adsorbed, serotypes 1, 3, 4, 5, 6A, 6B, 7F, 8, 9V, 10A, 11A, 12F, 14, 15B, 18C, 19A, 19F, 22F, 23F and 33F",real,VAC1163,
VAC0787,"Diphtheria-Tetanus-Rubella, unspecified","Toksoid błoniczy (dawka nieokreślona), toksoid tężcowy i szczepionka przeciw różyczce (żywa atenuowana)",abstract,,T|Rub-LAV|D-d
VAC0788,"Hib-IPV, unspecified","Haemophilus influenzae typu b (skoniugowana, nieokreślona) i inaktywowana szczepionka przeciwko polio (trójwartościowa)",abstract,,POLIO-I|Hib-C
VAC0789,COMVAC4,"Diphtheria toxoid (standard dose), tetanus toxoid, pertussis (whole-cell inactivated) and hepatitis B (recombinant) pediatric vaccine",real,VAC1208,
VAC0790,"Diphtheria-Tetanus-Hepatitis B vaccine, unspecified","Toksydy błonicze (dawka nieokreślona), toksoid tężcowy i szczepionka przeciw wirusowemu zapaleniu wątroby typu B (rekombinowana)",abstract,,T|D-d|rHBsAg-10
VAC0791,"Hexavalent Diphtheria-Tetanus-Pertussis-Polio-Hepatitis B-Hib vaccine, unspecified","Toksoid błoniczy (dawka standardowa), toksoid tężcowy, krztusiec (nieokreślony), Haemophilus influenzae typu b (skoniugowany, nieokreślony), inaktywowana szczepionka przeciw polio (trójwartościowa) i szczepionka przeciw wirusowemu zapaleniu wątroby typu B (rekombinowana) dla dzieci",abstract,,Per|POLIO-I|T|D|Hib-C|rHBsAg-10
VAC0792,"Diphtheria-Tetanus-Pertussis-Polio-Hepatitis B pentavalent vaccine, unspecified","Toksoid błoniczy (dawka nieokreślona), toksoid tężcowy, acelularny lub całokomórkowy inaktywowany krztusiec (dawka nieokreślona), inaktywowana szczepionka przeciwko polio (trójwalentna) oraz szczepionka przeciwko wirusowemu zapaleniu wątroby typu B (rekombinowana)",abstract,,Per|POLIO-I|T|D|rHBsAg-10
VAC0793,"Diph-T, unspecified",Diphtheria toxoid (low dose) and tetanus toxoid vaccine,real,VAC0920,
VAC0794,"T-igT, unspecified",Szczepionka zawierająca toksoid tężcowy w połączeniu z immunoglobuliną tężcową,abstract,,T|T-Ig
VAC0795,"Acellular pertussis vaccine, unspecified","Acelularna szczepionka przeciw krztuścowi, dawka nieokreślona",abstract,,Acel
VAC0796,"Pertussis vaccine, unspecified",Szczepionka przeciwko krztuścowi (acelularna lub inaktywowana całokomórkowa),abstract,,Per
VAC0797,"Diph-T-aP/ap, unspecified","Szczepionka zawierająca toksoid błoniczy (dawka nieokreślona), toksoid tężcowy i acelularny krztusiec (dawka nieokreślona)",abstract,,T|D-d|Acel
VAC0798,"Hib-MeningoC vaccine, unspecified",Haemophilus influenzae typu b i szczepionka skoniugowana przeciwko meningokokom typu C,abstract,,MCV-C|Hib-C
VAC0799,"DT-Hib vaccine, unspecified","Toksoid błoniczy (dawka standardowa), toksoid tężcowy i szczepionka pediatryczna przeciwko Haemophilus influenzae typu b (skoniugowana, nieokreślona)",abstract,,T|D|Hib-C
VAC0800,"Diphtheria-tetanus-pertussis-Hib vaccine, unspecified","Szczepionka pediatryczna przeciwko błonicy (dawka standardowa), toksoidowi tężcowemu, krztuścowi (acelularna dawka standardowa lub całkowicie inaktywowana) i Haemophilus influenzae typu b (skoniugowana, nieokreślona)",abstract,,Per|T|D|Hib-C
VAC0801,"HepB-Hib, unspecified",Szczepionka przeciwko Haemophilus influenzae typu b i wirusowemu zapaleniu wątroby typu B,abstract,,Hib-C|rHBsAg-10
VAC0802,"Monovalent oral polio vaccine - type unknown, unspecified","Szczepionka przeciwko polio (żywa, atenuowana, monowalentna), doustna",abstract,,mOPV
VAC0803,Polio Sabin One and Three GSK,"Polio vaccine (live attenuated, bivalent) against poliovirus types 1 and 3, oral",real,VAC0600,
VAC0804,"Anthrax vaccine, unspecified",Szczepionka przeciwko wąglikowi,abstract,,Wąglik
VAC0805,"Whole-cell inactivated cholera vaccine, unspecified","Inaktywowana, pełnokomórkowa szczepionka przeciwko cholerze do wstrzykiwań",abstract,,I-Chol-I
VAC0806,"Live attenuated cholera vaccine, unspecified",Żywa atenuowana szczepionka przeciwko cholerze,abstract,,Chol-L
VAC0807,"Cholera-Typhoid inactivated vaccine, unspecified","Inaktywowana, całokomórkowa szczepionka przeciwko cholerze w połączeniu z inaktywowaną, całokomórkową szczepionką przeciwko durowi brzusznemu, do wstrzykiwań",abstract,,I-Chol-I|Ty-I
VAC0808,"Hib-MenCY, unspecified",Haemophilus influenzae typu b oraz szczepionka skoniugowana przeciwko meningokokom C i Y,abstract,,MCV-C|MCV-Y|Hib-C
VAC0809,"Meningococcal monovalent polysaccharide vaccine, unspecified","Monowalentna szczepionka meningokokowa, skoniugowana lub nieskoniugowana polisacharydowa",deprecated,VAC0945,
VAC0810,"Meningococcal polyvalent polysaccharide vaccine, unspecified","Poliwalentna, nieskoniugowana szczepionka polisacharydowa przeciwko meningokokom",deprecated,VAC0945,
VAC0811,"Meningococcal B vaccine, unspecified","Szczepionka meningokokowa typu B, rodzaj szczepionki nieokreślony",abstract,,MenB
VAC0812,"Inactivated whole plague vaccine, unspecified",Szczepionka przeciwko dżumie - cała inaktywowana,abstract,,Yp-I
VAC0813,"Pneumococcal unconjugated polysaccharide vaccine, unspecified","Nieskonjugowana polisacharydowa szczepionka przeciw pneumokokom, serotypy nieokreślone",abstract,,PPSV
VAC0814,"Pneumococcal conjugate vaccine, serotypes unspecified","Szczepionka pneumokokowa polisacharydowa skoniugowana, liczba serotypów nieokreślona",abstract,,PCV
VAC0815,"Pneumo-Hib, unspecified","Szczepionka przeciwko Haemophilus influenzae typu b i pneumokokom - skoniugowana, nieokreślona",abstract,,Hib-C|Pneumo
VAC0816,PEDATYPH,"Typhoid conjugate vaccine, Vi polysaccharide linked to tetanus toxoid",real,VAC0711,
VAC0817,"Inactivated Typhoid vaccine, unspecified",Inaktywowana szczepionka przeciw durowi brzusznemu w całości,abstract,,Ty-I
VAC0818,"Typhoid-Paratyphoid vaccine, unspecified","Szczepionka przeciwko durowi brzusznemu i paratyfusowi, cała inaktywowana",abstract,,pTy-I|Ty-I
VAC0819,"Inactivated Japanese Encephalitis vaccine, unspecified",Inaktywowana w całości szczepionka przeciwko japońskiemu zapaleniu mózgu,abstract,,JE-I
VAC0820,"Inactivated whole influenza vaccine, unspecified",Inaktywowana w całości szczepionka przeciwko grypie sezonowej,abstract,,Inf-I
VAC0821,"Inactivated influenza vaccine, split or subunit, unspecified",Inaktywowana szczepionka przeciwko grypie sezonowej,abstract,,INF-ESU
VAC0822,"Influenza vaccine, live attenuated, unspecified","Szczepionka przeciwko grypie sezonowej, żywa, atenuowana",abstract,,Inf-L
VAC0823,"VLP influenza vaccine, unspecified",Szczepionka przeciwko grypie sezonowej zawierająca cząsteczki wirusopodobne (VLP),abstract,,Inf-VLP
VAC0824,"Hepatitis A virosome vaccine, unspecified","Inaktywowana szczepionka przeciwko wirusowemu zapaleniu wątroby typu A, wirusowa, dziecięca lub dla dorosłych",abstract,,HepA-VLP
VAC0825,"Combined hepatitis A and hepatitis B vaccine, unspecified",Skojarzona szczepionka przeciwko wirusowemu zapaleniu wątroby typu A i B,abstract,,HepB|HepA-I
VAC0826,MEASLES AND RUBELLA VACCINE SII,Live attenuated measles and rubella vaccine,real,VAC0550,
VAC0827,"MMRV - Measles-Mumps-Rubella-Varicella vaccine, unspecified","Żywa atenuowana szczepionka przeciwko odrze, śwince, różyczce i ospie wietrznej",abstract,,Meas-LAV|VZV-LAV|Mumps-LAV|Rub-LAV
VAC0828,"Rotavirus pentavalent vaccine, unspecified","Żywa atenuowana pięciowartościowa szczepionka przeciwko rotawirusom, doustna",abstract,,Rota5-L
VAC0829,"Rubella-Mumps vaccine, unspecified",Żywa atenuowana szczepionka przeciwko różyczce i śwince,abstract,,Mumps-LAV|Rub-LAV
VAC0830,"Subunit shingles vaccine, unspecified",Podjednostkowa szczepionka przeciwko półpaścowi (obecnie odpowiada glikoproteinie E),abstract,,Shingles-SU
VAC0831,"Ebola vaccine, unspecified",Szczepionka przeciwko wirusowi Ebola,abstract,,Ebola
VAC0832,"Herpes Simplex vaccine, unspecified",Inaktywowana szczepionka przeciwko herpes simplex,abstract,,HSV
VAC0833,COMIRNATY 10 µg  BIONTECH-PFIZER,"Covid 19 mRNA vaccine, 10 micrograms, paediatric dose 5-11 years",real,VAC0927,
VAC0835,FIOCRUZ COVID-19 VACCINE,"COVID-19 vaccine, non-replicating chimpanzee adenoviral vector ChAdOx1 encoding the SARS-CoV-2 spike protein",real,VAC1170,
VAC0836,FLUAD TETRA,Quadrivalent inactivated seasonal influenza vaccine with surface antigens,real,VAC0938,
VAC0837,COVOVAX SII,"COVID-19 vaccine, protein subunit, recombinant spike protein nanoparticles, with adjuvant (Matrix M) - Other name: NOVAVAX NVX-CoV2373 COVID-19 Vaccine",real,VAC1129,
VAC0838,COVOVAX NOVAVAX,"COVID-19 vaccine, protein subunit, recombinant spike protein nanoparticles, with adjuvant (Matrix M) - Other name: NOVAVAX NVX-CoV2373 COVID-19 Vaccine",real,VAC1129,
VAC0839,"Inactivated whole-cell brucella vaccine, unspecified","Inaktywowana, pełnokomórkowa szczepionka przeciwko brucelozie",abstract,,Bruc-I
VAC0840,ADDIGRIP,"Trivalent inactivated seasonal influenza vaccine, surface antigen",real,VAC0925,
VAC0841,"INFLUVAC 0,25 mL","Trivalent inactivated seasonal influenza vaccine, surface antigen, paediatric dose",real,VAC0925,
VAC0842,NEORABIS,"Whole virion inactivated rabies vaccine, Wistar virus strain PM1503-3M, cultured on Vero cells",real,VAC1116,
VAC0843,NOVIRAB,"Whole virion inactivated rabies vaccine, WISTAR PM/WI 38-1503-3M strain, cultured on Vero cells, inactivated with ß-propiolactone",real,VAC1116,
VAC0844,VERORABVAX,"Whole virion inactivated rabies vaccine, WISTAR PM/WI 38-1503-3M strain, cultured on Vero cells, inactivated with ß-propiolactone",real,VAC1116,
VAC0845,ORAL POLIO VACCINE PRODUCED ON VERO MERIEUX CELLS,"Inactivated polio (trivalent) vaccine, oral",real,VAC1212,
VAC0846,VACCIN POLIOMYELITIQUE ORAL BIVALENT TYPES 1 et 3,"Polio vaccine (live attenuated, bivalent) against poliovirus types 1 and 3, oral",real,VAC0600,
VAC0847,VACCIN PNEUMOCOCCIQUE SARBACH,"Unconjugated pneumococcal polysaccharide vaccine, 15-valent, serotypes 1, 2, 3, 4, 6B, 7F, 8, 9N, 11A, 12F, 14, 15F, 18C, 19F, and 23F",real,VAC1234,
VAC0848,VACCIN BCG INSTITUT MERIEUX,Tuberculosis vaccine,real,VAC0134,
VAC0849,"Szczepionka na tularemię, nieokreślona",Szczepionka przeciwko tularemii,abstract,,Tular
VAC0850,NEISVAC-C,"Meningococcal conjugate vaccine, serogroup C (conjugated to tetanus toxoid)",real,VAC1184,
VAC0851,POLIO SABIN MONO TWO (ORAL) GSK,"Polio vaccine (live attenuated, monovalent) against polioviruses type 2, oral",real,VAC0852,
VAC0852,"mOPV2 Sabin, monowalentna doustna szczepionka przeciw polio typu 2, nieokreślona","Szczepionka przeciwko polio (żywa, atenuowana, monowalentna) przeciwko polio wirusom typu 2, doustna",abstract,,mOPV2
VAC0853,"mOPV1 Sabin, monowalentna doustna szczepionka przeciw polio typu 1, nieokreślona","Szczepionka przeciwko polio (żywa, atenuowana, monowalentna) przeciwko poliovirusowi typu 1, doustna",abstract,,mOPV1
VAC0854,"mOPV3 Sabin, monowalentna doustna szczepionka przeciw polio typu 3, nieokreślona","Szczepionka przeciwko polio (żywa, atenuowana, jednowalentna) przeciwko poliovirusowi typu 3, doustna",abstract,,mOPV3
VAC0855,"Szczepionka przeciw błonicy, tężcowi i polio, nieokreślona","Toksoid błoniczy (dawka nieokreślona), toksoid tężcowy i inaktywowana szczepionka przeciwko polio (trójwalentna), adsorbowana",abstract,,POLIO-I|T|D-d
VAC0856,"Szczepionka DTaPHib, nieokreślona","Szczepionka pediatryczna zawierająca toksoid błoniczy (dawka standardowa), toksoid tężcowy i wieloskładnikowy acelularny krztusiec (dawka standardowa) oraz Haemophilus influenzae typu b (skoniugowana, nieokreślona)",abstract,,aP|T|D|Hib-C
VAC0857,"Szczepionka przeciw błonicy, tężcowi, krztuścowi i wirusowemu zapaleniu wątroby typu B, nieokreślona","Szczepionka pediatryczna zawierająca toksoid błoniczy (dawka standardowa), toksoid tężcowy, krztusiec (acelularny w dawce standardowej lub w całości inaktywowany) i wirusowe zapalenie wątroby typu B (rekombinowane)",abstract,,Per|T|D|rHBsAg-10
VAC0858,"Szczepionka przeciw HPV dwuwalentna, nieokreślona","Dwuwalentna rekombinowana szczepionka przeciwko wirusowi brodawczaka ludzkiego, typ 16 i 18",abstract,,HPV-02-valent|HVP-16|HVP-18
VAC0859,"Szczepionka przeciwko HPV czterowalentna, nieokreślona","Poczwórna rekombinowana szczepionka przeciwko wirusowi brodawczaka ludzkiego, typy 6, 11, 16 i 18",abstract,,HPV-04-valent|HPV-06|HVP-11|HVP-16|HVP-18
VAC0860,"Szczepionka przeciwko HPV nieważna, nieokreślona","Niewalentna rekombinowana szczepionka przeciwko wirusowi brodawczaka ludzkiego, typy 6, 11, 16, 18, 31, 33, 45, 52 i 58",abstract,,HPV-09-valent|HPV-06|HVP-11|HVP-16|HVP-18|HVP-31|HPV-33|HVP-58|HVP-52|HVP-45
VAC0861,"Wieloskładnikowa szczepionka przeciw meningokokom typu B, nieokreślona",Szczepionka przeciwko meningokokom serogrupy B (wieloskładnikowa - wiele białek),abstract,,MenB-mc
VAC0862,"Immunoglobulina odry, nieokreślona",Immunoglobulina przeciwko gorączce,abstract,,Ig-Measles
VAC0863,"Immunoglobulina przeciw wirusowi zapalenia wątroby typu B, nieokreślona",Immunoglobulina przeciw wirusowemu zapaleniu wątroby typu B,abstract,,IgHepB
VAC0864,"Immunoglobulina przeciwko ospie wietrznej i półpaścu, nieokreślona",Immunoglobulina przeciwko Varicella-Zoster,abstract,,VZV-Ig
VAC0865,"Szczepionka polisacharydowa przeciwko meningokokom typu A, nieokreślona","Nieskoniugowana polisacharydowa szczepionka przeciw meningokokom, serogrupa A",abstract,,MPV-A
VAC0866,"Szczepionka skoniugowana przeciwko meningokokom A, nieokreślona",Polisacharydowa szczepionka skoniugowana przeciwko meningokokom typu A,abstract,,MCV-A
VAC0867,"Antytoksyna błonicza, nieokreślona",Antytoksyna błonicza,abstract,,DATx
VAC0868,MENPOVAX A,"Unconjugated meningococcal polysaccharide vaccine, serogroup A",real,VAC0865,
VAC0869,MENPOVAX C,"Unconjugated meningococcal polysaccharide vaccine, serogroup C",real,VAC1110,
VAC0870,TYPBAR,"Typhoid conjugate vaccine, Vi polysaccharide linked to tetanus toxoid protein",real,VAC0711,
VAC0871,SUPEMTEK TETRA,"Quadrivalent inactivated seasonal influenza vaccine, cell-based",real,VAC1200,
VAC0872,INFLUPOZZI SUBUNITA,"Trivalent inactivated seasonal influenza vaccine, egg-based, surface antigen",real,VAC0925,
VAC0873,INFLUPOZZI ADIUVATO,"Trivalent inactivated seasonal influenza vaccine, egg-based, surface antigen, adjuvanted with MF59C.1",real,VAC0925,
VAC0874,INNOFLU,"Trivalent inactivated seasonal influenza vaccine, egg-based, surface antigen, adjuvanted with MF59C.2",real,VAC0925,
VAC0875,PANDEMIC INFLUENZA VACCINE H5N1 ASTRAZENECA,"Pre-pandemic influenza A(H5N1) vaccine, live attenuated, nasal",real,VAC0084,
VAC0876,CINQUERIX,"Diphtheria toxoid (standard dose), tetanus toxoid, pertussis (multicomponent acellular, standard dose), Haemophilus influenzae type b (conjugated to tetanus toxoid) and inactivated polio (trivalent) pediatric vaccine, adsorbed",real,VAC1115,
VAC0877,INFANRIX HEPB,"Diphtheria toxoid (standard dose), tetanus toxoid, pertussis (multicomponent acellular, standard dose) and hepatitis B pediatric vaccine, adsorbed",real,VAC1216,
VAC0878,TRITANRIX,"Diphtheria toxoid (standard dose), tetanus toxoid and pertussis (whole-cell inactivated) pediatric vaccine",real,VAC0136,
VAC0879,ACELLUVAX,"Pertussis (multicomponent acelullar, 3 components, standard dose) vaccine",real,VAC1167,
VAC0880,"Pentawalentna szczepionka przeciwko błonicy, tężcowi, krztuścowi, Hib-Polio (DTPerHibIPV), nieokreślona","Toksoid błoniczy (dawka standardowa), toksoid tężcowy, krztusiec (nieokreślony), skoniugowana szczepionka przeciwko Haemophilus influenzae typu b (skoniugowana, nieokreślona) oraz inaktywowana szczepionka przeciwko polio (trójwalentna) pediatryczna, adsorbowana",abstract,,Per|POLIO-I|T|D|Hib-C
VAC0881,"Żywa, atenuowana szczepionka przeciwko japońskiemu zapaleniu mózgu, nieokreślona","Żywa atenuowana szczepionka przeciwko japońskiemu zapaleniu mózgu, szczep i platforma produkcyjna nieokreślone",abstract,,JE-LAV
VAC0882,CANDID 1,"Live attenuated Argentine hemorrhagic fever vaccine, Junin virus",real,VAC1134,
VAC0883,ENTEROVACCINO TIFICO SCLAVO,"Whole-cell inactivated typhoid vaccine, oral",real,VAC0817,
VAC0884,DIF-PER-TET-ALL CHIRON,"Diphtheria toxoid (standard dose), tetanus toxoid and pertussis (multicomponent acellular, 3 components, standard dose) pediatric vaccine, adsorbed",real,VAC0602,
VAC0885,INFLUPOZZI ZONALE,"Trivalent inactivated seasonal influenza vaccine, egg-based, surface antigen",real,VAC0925,
VAC0886,MONO OPV1,"Polio vaccine (live attenuated, monovalent) against poliovirus types 1, oral",real,VAC0853,
VAC0887,POLIORAL,"Polio vaccine (live attenuated, trivalent) against polioviruses 1, 2 and 3, oral",real,VAC0320,
VAC0888,QUATTVAXEM,"Diphtheria toxoid (standard dose), tetanus toxoid, pertussis (whole-cell inactivated), Haemophilus influenzae type b (conjugated to diphtheria toxoid) and hepatitis B (recombinant) pediatric vaccine",real,VAC1192,
VAC0889,MONO OPV3,"Polio vaccine (live attenuated, monovalent) against poliovirus type 3, oral",real,VAC0854,
VAC0890,NEOTYF,"Live attenuated typhoid vaccine, Salmonella Typhi Strain Ty21A, oral",real,VAC0424,
VAC0891,PNEUMOPUR,"Unconjugated pneumococcal polysaccharide vaccine, 23-valent, serotypes 1, 2, 3, 4, 5, 6B, 7F, 8, 9N, 9V, 10A, 11A, 12F, 14, 15B, 17F, 18C, 19F, 19A, 20, 22F, 23F and 33F",real,VAC0339,
VAC0892,POLIOVAX-IN,Inactivated polio (trivalent) vaccine,real,VAC0270,
VAC0893,VACCINO ANTICOLERICO SCLAVO,"Cholera vaccine, unspecified",real,VAC0144,
VAC0894,"Adenovirus vaccine, unspecified","Szczepionka adenowirusowa, nieokreślony typ",abstract,,Adeno-LAV
VAC0895,"Wenezuelska szczepionka przeciwko zapaleniu mózgu koni, nieokreślona",Szczepionka przeciwko wenezuelskiemu zapaleniu mózgu koni,abstract,,VEE
VAC0896,"Szczepionka na gorączkę Q, nieokreślona",Szczepionka przeciwko gorączce Q,abstract,,Cbur
VAC0897,"Szczepionka hantawirusowa, nieokreślona",Szczepionka przeciwko hantawirusowi,abstract,,HAN
VAC0898,"Szczepionka na leiszmaniozę, nieokreślona",Szczepionka przeciwko leiszmaniozie,abstract,,Leish
VAC0899,"Szczepionka przeciwko ludzkiemu wirusowi paragrypy, nieokreślona",Szczepionka przeciwko ludzkiemu wirusowi parainfluenzy,abstract,,HPIVs
VAC0900,PREVENAR 20 (previously APEXXNAR),"Pneumococcal polysaccharide conjugate vaccine, 20-valent, adsorbed, serotypes 1, 3, 4, 5, 6A, 6B, 7F, 8, 9V, 10A, 11A, 12F, 14, 15B, 18C, 19A, 19F, 22F, 23F and 33F - Other name : Prevnar 20 in the USA",real,VAC1163,
VAC0901,MENCEVAX ACW,"Unconjugated meningococcal polysaccharide vaccine, serogroups A, C and W",real,VAC1109,
VAC0902,"RSzczepionka przeciwko wściekliźnie typu Semple, nieokreślona","Inaktywowana szczepionka przeciwko wściekliźnie, zawierająca cały wirion, przygotowana z koziej lub owczej tkanki mózgowej zakażonej wirusem wścieklizny, zawierająca mielinę",abstract,,Rab-I-Semple
VAC0903,"Szczepionka przeciwko wściekliźnie typu Fuenzalida, nieokreślona","Inaktywowana w całości szczepionka przeciwko wściekliźnie, przygotowana z tkanki mózgowej myszy zakażonej wirusem wścieklizny, o zmniejszonej zawartości mieliny",abstract,,Rab-I-Fuenzalida
VAC0904,"Szczepionka przeciwko wściekliźnie zarodków kaczych, nieokreślona","Inaktywowana w całości szczepionka przeciwko wściekliźnie, oczyszczona szczepionka z zarodków kaczek (PDEV), inaktywowana ß-propiolaktonem",abstract,,Rab-I-PDEV
VAC0905,"Szczepionka przeciwko wściekliźnie PHKCV, nieokreślona","Inaktywowana szczepionka zawierająca całe wirusy wścieklizny, oparta na kulturach komórkowych, szczep z pierwotnych komórek nerkowych chomika (PHKCV), szczep pekiński, inaktywacja formaliną",abstract,,Rab-I-PHKCV
VAC0906,"Szczepionka na półpasiec, nieokreślona",Szczepionka przeciwgrzybicza,abstract,,Shingles
VAC0907,"Szczepionka przeciwko adenowirusowi typu 4, nieokreślona",Szczepionka przeciwko adenowirusowi typu 4,abstract,,Adeno-4
VAC0908,"Szczepionka przeciwko adenowirusowi typu 7, nieokreślona",Szczepionka przeciwko adenowirusowi typu 7,abstract,,Adeno-7
VAC0909,Antytoksyna botulinowa,Antytoksyna przeciwko botulizmowi,abstract,,BAT
VAC0910,"Inaktywowana szczepionka przeciwko wirusowemu zapaleniu wątroby typu A, dawka dla dorosłych, nieokreślona","Inaktywowana szczepionka przeciwko wirusowemu zapaleniu wątroby typu A, dawka dla dorosłych",abstract,,HepA-mv-ADU
VAC0911,"Wirusowe zapalenie wątroby Szczepionka cała inaktywowana, jednoważna, dawka pediatryczna, nieokreślona","Inaktywowana szczepionka zawierająca całe wirusy, monowalentna, dawka pediatryczna",abstract,,HepA-mv-PED
VAC0912,"Szczepionka przeciwko wirusowemu zapaleniu wątroby typu A, dawka pediatryczna, nieokreślona","Inaktywowana szczepionka przeciwko wirusowemu zapaleniu wątroby typu A, dawka pediatryczna, postać nieokreślona (monowalentna lub dwuwartościowa z wirusowym zapaleniem wątroby typu B)",abstract,,HepA-PED
VAC0913,BIMERVAX,"COVID-19 vaccine, protein subunit, recombinant spike protein, RBD fusion heterodimer, adjuvanted",real,VAC1138,
VAC0914,"Szczepionka przeciwko wirusowemu zapaleniu wątroby typu B, monowalentna, dawka pediatryczna, nieokreślona","Rekombinowana szczepionka przeciw wirusowemu zapaleniu wątroby typu B, monowalentna, dawka pediatryczna",abstract,,rHBsAg-10
VAC0915,"Szczepionka przeciwko wirusowemu zapaleniu wątroby typu B, monowalentna, dawka dla dorosłych, nieokreślona","Rekombinowana szczepionka przeciw wirusowemu zapaleniu wątroby typu B, monowalentna, dawka dla dorosłych",abstract,,rHBsAg-20
VAC0916,"Szczepionka przeciwko wirusowemu zapaleniu wątroby typu B, monowalentna, dawka dla pacjentów dializowanych, nieokreślona","Rekombinowana szczepionka przeciwko wirusowemu zapaleniu wątroby typu B, monowalentna, dawkowana dla pacjentów dializowanych",abstract,,rHBsAg-40
VAC0917,"Szczepionka przeciwko wirusowemu zapaleniu wątroby typu E, nieokreślona",Rekombinowana szczepionka peptydowa przeciwko wirusowemu zapaleniu wątroby typu E,abstract,,HepE
VAC0918,"Szczepionka PRP-D Hib, nieokreślona",Szczepionka skoniugowana przeciwko Hemophilus influenzae typu b składająca się z PRP (fosforan polirybozylobitolu) skoniugowanego z toksoidem błoniczym,abstract,,PRP-D
VAC0919,"Szczepionka Hib hbOC, nieokreślona","Szczepionka Haemophilus influenzae typu b, oligozydy otoczkowe (fosforan polirybozylobitolu, PRP) sprzężone ze zmutowaną toksyną błoniczą CRM197",abstract,,HbOC
VAC0920,"Szczepionka przeciw błonicy i tężcowi Td, nieokreślona","Szczepionka przeciwko błonicy (toksoid, dawka zmniejszona) i tężcowi (toksoid)",abstract,,d|T
VAC0921,"Szczepionka przeciwko japońskiemu zapaleniu mózgu, nieokreślona",Szczepionka przeciwko japońskiemu zapaleniu mózgu,abstract,,JE
VAC0922,"Żywa, atenuowana szczepionka adenowirusowa typu 4 i typu 7, doustna",Szczepionka przeciwko adenowirusowi typu 7 i 4,abstract,,Adeno-7|Adeno-4
VAC0923,"Przeciwciało monoklonalne przeciwko wirusowi syncytialnemu układu oddechowego, nieokreślone",Przeciwciało monoklonalne przeciwko RSV,abstract,,RSV-mAb
VAC0924,FLUZONE INTRADERMAL,"Trivalent inactivated seasonal influenza vaccine, high dose, intradermal",real,VAC1249,
VAC0925,"Trójwalentna inaktywowana szczepionka przeciw grypie, nieokreślona","Trójwartościowa inaktywowana szczepionka przeciwko grypie sezonowej, podzielona lub podjednostkowa, dawka standardowa",abstract,,INF-ESUnd3
VAC0926,FLUCELVAX,"Trivalent inactivated seasonal influenza vaccine, produced in cell culture",real,VAC1175,
VAC0927,"Szczepionka mRNA przeciwko COVID-19, dawka pediatryczna, nieokreślona","Szczepionka COVID-19 mRNA, dawka pediatryczna",abstract,, COVID-mRNA-S-ORI-10
VAC0928,"Żywa, atenuowana szczepionka przeciwko wirusowemu zapaleniu wątroby typu A, nieokreślona",Żywa atenuowana szczepionka przeciwko wirusowemu zapaleniu wątroby typu A,abstract,,HepA-LAV
VAC0929,"Czterowalentna inaktywowana szczepionka przeciw grypie, dawka pediatryczna, nieokreślona","Szczepionka przeciwko grypie sezonowej, inaktywowana, czterowalentna, dawka pediatryczna",abstract,,INF-SUped4
VAC0930,Ad5-nCoV COVID-19 INHALATION VACCINE,"COVID-19 vaccine, non-replicating viral vector, adenovirus type 5, for inhalation",real,VAC1135,
VAC0931,FLUBLOK QUADRIVALENT,Quadrivalent recombinant seasonal influenza vaccine,real,VAC0932,
VAC0932,"Czterowalentna rekombinowana szczepionka przeciw grypie, nieokreślona",Czterowalentna rekombinowana szczepionka przeciwko grypie sezonowej,abstract,,INF-R4
VAC0933,"TICOVAC 2,7µg","Tick-borne encephalitis vaccine, whole-virus inactivated, Neudörfl strain, adult dose",real,VAC1038,
VAC0934,VACCIN OREILLONS AVENTIS PASTEUR MSD,Live attenuated mumps vaccine,real,VAC0153,
VAC0935,VACCIN RABIQUE INACTIVE MERIEUX,"Whole virion inactivated rabies vaccine, WISTAR PM/WI 38-1503-3M strain, grown on Vero cells, inactivated with ß-propiolactone",real,VAC1116,
VAC0936,VACCIN PNEUMOCOCCIQUE POLYOSIDIQUE AVENTIS PASTEUR MSD,"Unconjugated polysaccharide pneumococcal vaccine, 23-valent, serotypes 1, 2, 3, 4, 5, 6B, 7F, 8, 9N, 9V, 10A, 11A, 12F, 14, 15B, 17F, 18C, 19A, 19F, 20, 22F, 23F and 33F",real,VAC0339,
VAC0937,"Szczepionka na botulizm, nieokreślona",Szczepionka przeciwko botulizmowi,abstract,,BT
VAC0938,"Czterowalentna szczepionka przeciw grypie, nieokreślona","Czterowalentna inaktywowana szczepionka przeciwko grypie sezonowej, szczepionka z rozszczepionym wirionem lub antygenem powierzchniowym",abstract,,INF-ESUnd4
VAC0939,PREHEVBRIO,"Recombinant hepatitis B vaccine, three antigens (HbS, pre-S1 and pre-S2)",real,VAC1145,
VAC0940,SPUTNIK-LIGHT,"COVID-19 vaccine with non-replicating viral vector, adenovirus encoding the peak protein of SARS-CoV-2",real,VAC1195,
VAC0941,"Immunoglobulina przeciw wąglikowi, nieokreślona",Immunoglobulina Antrax,abstract,,Anthrax-Ig
VAC0942,"Szczepionka przeciwko wściekliźnie zarodków kurcząt, nieokreślona","Inaktywowana, pełna szczepionka przeciwko wściekliźnie, hodowana w komórkach embrionu kurzego (CEEC), inaktywowana ß-propiolaktonem",abstract,,Rab-I-PCEC
VAC0943,"RabKomórki diploidalne szczepionki przeciw wściekliźnie, nieokreślone","Inaktywowana cała szczepionka przeciwko wściekliźnie, przygotowana w ludzkiej diploidalnej kulturze komórkowej (HDCV) MRC-5, inaktywowana ß-propiolaktonem",abstract,,Rab-I-HDCV
VAC0944,"Inaktywowana doustna szczepionka przeciw cholerze z całym wirionem, nieokreślona",Inaktywowana cała doustna szczepionka przeciwko cholerze,abstract,,O-Chol-I
VAC0945,"Grupa serologiczna szczepionki przeciw meningokokom nieznana, nieokreślona",Szczepionka przeciw meningokokom o nieokreślonej serogrupie,abstract,,Men
VAC0946,TYPHIDRALL,"Typhoid and paratyphoid A and B vaccine, whole-cell inactivated",real,VAC0818,
VAC0947,IMMU-PHILUS,"Haemophilus influenzae type b vaccine, PRP polysaccharide conjugated to Neisseria meningitidis serogroup B outer membrane protein",real,VAC0344,
VAC0948,BACITHRAX,"Acellular anthrax vaccine, 50 micrograms per 0.5 mL dose, adjuvanted",real,VAC1279,
VAC0949,IMOVAX BCG,Tuberculosis vaccine,real,VAC0134,
VAC0950,IMOVAX DTP,"Diphtheria toxoid (standard dose), tetanus toxoid and inactivated polio (trivalent) pediatric vaccine",real,VAC0088,
VAC0951,IMOVAX POLIO ORALE,"Polio vaccine (live attenuated, trivalent) against polioviruses 1, 2 and 3, oral",real,VAC0320,
VAC0952,IMOVAX COLERA,Inactivated whole-cell cholera vaccine for injection,real,VAC0805,
VAC0953,PROCOMVAX,Hepatitis B and Haemophilus influenzae type b vaccine (OMP conjugate),real,VAC1217,
VAC0954,JAPANESE ENCEPHALITIS VACCINE,"Whole inactivated Japanese encephalitis vaccine, prepared in murine brain tissue, Nakayama strain, injectable, Korean Green Cross Corporation vaccine",real,VAC1196,
VAC0955,PULMOVAX,"Unconjugated pneumococcal polysaccharide vaccine, 23-valent, serotypes 1, 2, 3, 4, 5, 6B, 7F, 8, 9N, 9V, 10A, 11A, 12F, 14, 15B, 17F, 18C, 19A, 19F, 20, 22F, 23F and 33F",real,VAC0339,
VAC0956,VACCINO COLERICO BERNA,Inactivated whole-cell cholera vaccine for injection,real,VAC0805,
VAC0957,VACCINO BCG BERNA,Live attenuated tuberculosis vaccine,real,VAC0134,
VAC0958,ADIUGRIP,"Trivalent inactivated seasonal influenza vaccine, egg-based, surface antigen",real,VAC0925,
VAC0959,STREPTOPUR,"Pneumococcal unconjugated polysaccharide vaccine, 23-valent, serotypes 1, 2, 3, 4, 5, 6B, 7F, 8, 9N, 9V, 10A, 11A, 12F, 14, 15B, 17F, 18C, 19A, 19F, 20, 22F, 23F and 33F",real,VAC0339,
VAC0960,VIATIM,"Hepatitis A (inactivated, adsorbed) and typhoid vaccine (polysaccharide)",real,VAC1114,
VAC0961,ANATOXAL TE N,Tetanus vaccine vaccine,real,VAC0132,
VAC0962,ANATOXAL DI TE N ADULT,Diphtheria toxoid (low dose) and tetanus toxoid vaccine,real,VAC0920,
VAC0963,ANATOXAL DI TE PER,"Diphtheria toxoid (standard dose), tetanus toxoid and pertussis (whole-cell inactivated) pediatric vaccine",real,VAC0136,
VAC0964,ANATOXAL DI,Diphtheria toxoid vaccine (reduced dose),real,VAC1172,
VAC0965,ANATOXAL TE TAB,"Tetanus toxoid, typhoid (whole-cell inactivated) and paratyphoid A and B (whole-cell inactivated) vaccines",real,VAC1194,
VAC0966,JYNNEOS,"Smallpox vaccine, third generation, modified vaccinia virus Ankara, non-replicative",real,VAC1157,
VAC0967,HEPASOMA,"Inactivated whole-cell hepatitis A vaccine, virosome, pediatric or adult",real,VAC0824,
VAC0968,INFLEXAL V,"Trivalent inactivated seasonal influenza vaccine, virosome",real,VAC0925,
VAC0969,LYSSAVAC N BERNA,"Whole virion inactivated rabies vaccine, cultured on Vero cells",real,VAC1116,
VAC0970,TETATOX,Tetanus toxoid vaccine,real,VAC0132,
VAC0971,VACCINO ANTIVAIOLOSO LANCY,"Smallpox vaccine, first-generation, live vaccinia virus",real,VAC1122,
VAC0972,VIROFLUSOMA,"Trivalent inactivated seasonal influenza vaccine, surface antigen",real,VAC0925,
VAC0973,VIROFLU,"Trivalent inactivated seasonal influenza vaccine, virosome",real,VAC0925,
VAC0974,MENCEVAX AC,"Unconjugated meningococcal polysaccharide vaccine, serogroups A and C",real,VAC0151,
VAC0975,PERTURIX,"Pertussis  (acellular multicomponent, 3 components) vaccine",real,VAC1167,
VAC0976,VACCINO ANTICOLERICO ISI,"Cholera vaccine, unspecified",real,VAC0144,
VAC0977,ENTEROVACCINO ISI,"Inactivated whole typhoid vaccine, oral",real,VAC0817,
VAC0978,VAC.DIFTO TETANO ISI,Diphtheria toxoid (unspecified dose) and tetanus toxoid vaccine,real,VAC0382,
VAC0979,VACCINO ANTITETANICO ISI,Tetanus toxoid vaccine,real,VAC0132,
VAC0980,VAC.DPT ISI,"Diphtheria toxoid (unspecified dose), tetanus toxoid and pertussis (acellular, unspecified dose) vaccine",real,VAC0797,
VAC0981,VACCINO PERTOSSE ISI,"Pertussis vaccine, unspecified",real,VAC0796,
VAC0982,VACCINO TIFICO ISI,"Typhoid vaccine, unspecified",real,VAC0112,
VAC0983,VACCINO ANTIPOL ISI,"Polio vaccine (whole inactivated, trivalent)",real,VAC0270,
VAC0984,VACCINO ANTIVAIOLOSO ISI,"Smallpox vaccine, first-generation, live vaccinia virus",real,VAC1122,
VAC0985,VACCINO TAB TE ISI,"Tetanus toxoid, typhoid (whole-cell inactivated) and paratyphoid A and B (whole-cell inactivated) vaccine",real,VAC1194,
VAC0986,H ATETAL ISI,Tetanus toxoid vaccine,real,VAC0132,
VAC0987,TANRIX,Tetanus toxoid vaccine,real,VAC0132,
VAC0988,VACCINO MENINGOCOCCICO POLISACCARIDICO TETRAVALENTE GSK,"Unconjugated meningococcal polysaccharide vaccine, serogroups A, C, W and Y",real,VAC0152,
VAC0989,HANTAVAX,Whole-virion Inactivated vaccine against haemorrhagic fever with renal syndrome (HFRS) caused by hantavirus,real,VAC0897,
VAC0990,ALPHARIX,Trivalent inactivated seasonal influenza vaccine with purified antigens,real,VAC0925,
VAC0991,FLULAVAL QUADRIVALENT,Quadrivalent inactivated seasonal influenza vaccine with surface antigens,real,VAC0938,
VAC0992,AFLURIA QUADRIVALENT,Quadrivalent inactivated seasonal influenza vaccine with surface antigens,real,VAC0938,
VAC0993,TD ADSORBED,Diphtheria toxoid (reduced dose) and tetanus toxoid vaccine,real,VAC0920,
VAC0994,VARIVAX II,Live attenuated chickenpox vaccine,real,VAC0159,
VAC0995,IMVAMUNE,"Smallpox vaccine, third generation, modified vaccinia virus Ankara, non-replicative",real,VAC1157,
VAC0996,ACAM2000,"Smallpox vaccine, second generation, cell-cultured vaccinia virus",real,VAC1160,
VAC0997,"13-walentna szczepionka skoniugowana przeciwko pneumokokom, nieokreślona","13-walentna pneumokokowa szczepionka skoniugowana, adsorbowana, serotypy 1, 3, 4, 5, 6A, 6B, 7F, 9V, 14, 18C, 19A, 19F i 23F",abstract,,PCV-01|PCV-03|PCV-04|PCV-05|PCV-06A|PCV-06B|PCV-07F|PCV-09V|PCV-14|PCV-18C|PCV-19A|PCV-19F|PCV-23F
VAC0998,LC16,"Smallpox vaccine, third generation (cell cultured vaccinia virus)",real,VAC1177,
VAC0999,WETVAX APSV,"Smallpox vaccine, first-generation, live vaccinia virus",real,VAC1122,
VAC1000,VACV VACCINIA VIRUS LISTER ELSTREE,"Smallpox vaccine, first-generation, live vaccinia virus",real,VAC1122,
VAC1001,V4020 VEEV VACCINE,Live-attenuated V4020 for Venezuelan equine encephalitis virus vaccine,real,VAC0895,
VAC1002,Q-VAX,Inactivated Q fever vaccine,real,VAC0896,
VAC1003,TEDIVAX PRO ADULTO,Diphtheria toxoid (low dose) and tetanus toxoid vaccine,real,VAC0920,
VAC1004,TEDIVAX,"Paediatric diphtheria vaccine (toxoid, standard dose) and tetanus vaccine (toxoid), paediatric dose",real,VAC0137,
VAC1005,REVAC-B PLUS ADULT VACCINE,"Recombinant hepatitis B vaccine, adult dose",real,VAC0915,
VAC1006,SHANVAC B,"Recombinant hepatitis B vaccine, HBsAg 20 µg, children and adult dose",real,VAC0915,
VAC1007,ISTIVAC4,"Quadrivalent inactivated seasonal influenza vaccine, split virion",real,VAC0938,
VAC1008,DITEMER,Diphtheria toxoid (standard dose) and tetanus toxoid vaccine,real,VAC0137,
VAC1009,TETAMER,Tetanus toxoid vaccine,real,VAC0132,
VAC1010,TRIAMER,"Diphtheria toxoid (standard dose), tetanus toxoid and pertussis (whole-cell inactivated) pediatric vaccine",real,VAC0136,
VAC1011,DITEKIBOOSTER,"Diphtheria toxoid (low dose), tetanus toxoid and pertussis toxoid (acellular, low dose) vaccine",real,VAC0610,
VAC1012,PICOVAX,Inactivated polio (trivalent) vaccine,real,VAC0270,
VAC1013,FLUBLOK TRIVALENT,Trivalent recombinant seasonal influenza vaccine,real,VAC1159,
VAC1014,PROVARIVAX,Live attenuated chickenpox vaccine,real,VAC0159,
VAC1015,COMBIVAX,"Diphtheria toxoid (standard dose), tetanus toxoid and pertussis (whole-cell inactivated) pediatric vaccine",real,VAC0136,
VAC1016,IDFLU,"Trivalent inactivated seasonal influenza vaccine, surface antigen",real,VAC0925,
VAC1017,SPIKEVAX BIVALENT ORIGINAL/OMICRON BA.1 (50 µg/50 µg)/mL MODERNA,"COVID-19 mRNA vaccine, bivalent, original virus + Omicron variant, 50 micrograms each",real,VAC1536,
VAC1018,NOORA VACCINE,"COVID-19 vaccine, recombinant protein subunit",real,VAC1138,
VAC1019,"SPIKEVAX 0,1 mg/mL MODERNA","COVID-19 mRNA vaccine, original virus, 50 micrograms",real,VAC1039,
VAC1020,Hepatitis A vaccine aventis pasteur MSD,"Whole virion inactivated hepatitis A vaccine, monovalent, adult dose",real,VAC0910,
VAC1021,COMIRNATY ORIGINAL/OMICRON BA.1 (15/15 µg) BIONTECH-PFIZER,"COVID-19 vaccine bivalent RNAm, original virus + Omicron variant BA.1, 15 micrograms of each",real,VAC1162,
VAC1022,COMIRNATY 3 µg INFANTS AND CHILDREN BIONTECH-PFIZER,"COVID-19 mRNA vaccine, pediatric, 3 micrograms",real,VAC1188,
VAC1023,COMIRNATY ORIGINAL/OMICRON BA.4-5 (15/15 µg) BIONTECH-PFIZER,"COVID-19 vaccine bivalent RNAm, original virus + Omicron variant BA.4/5, 15 micrograms of each",real,VAC1169,
VAC1024,SPIKEVAX BIVALENT ORIGINAL/OMICRON BA.4-5 (50 µg/50 µg)/mL MODERNA,"COVID-19 vaccine bivalent RNAm, original virus + Omicron variant BA.4/5, 50 micrograms of each",real,VAC1430,
VAC1025,CORBEVAX,"COVID-19 vaccine, protein subunit, recombinant spike protein; other name: BECOV2A",real,VAC1113,
VAC1026,SOBERANA 02 FINLAY-FR-2 COVID-19 VACCINE,"COVID-19 vaccine, protein subunit, recombinant spike protein (RBD domain conjugated to tetanus toxoid + adjuvant)",real,VAC1138,
VAC1027,COVIVAC CHUMAKOV COVID-19 VACCINE,"COVID-19 vaccine, whole virion inactivated; other name: Kovivac",real,VAC1044,
VAC1028,RECOMBIVAX HB DIALYSIS,"Recombinant hepatitis B vaccine, dialysis patient dosage",real,VAC0916,
VAC1029,QUINTANRIX,"Diphtheria toxoid (standard dose), tetanus toxoid, pertussis (whole-cell inactivated, standard dose), Haemophilus influenzae type b (conjugated to tetanus toxoid)  and hepatitis B (recombinant) pediatric vaccine",real,VAC1181,
VAC1030,GEMCOVAC-19,"COVID-19 vaccine, mRNA encoding the SARS-CoV-2 spike protein, ongoing clinical trial",real,VAC1166,
VAC1031,SPIKEVAX 50 µg MONODOSE MODERNA,"COVID-19 mRNA vaccine, original virus, 50 micrograms, pre-filled syringe",real,VAC1039,
VAC1032,SPIKEVAX BIVALENT ORIGINAL/OMICRON BA.1 (25 µg/25 µg) MODERNA,"COVID-19 bivalent mRNA vaccine, original virus + Omicron BA.1 variant, 25 micrograms each",real,VAC1538,
VAC1033,COMIRNATY ORIGINAL/OMICRON BA.4-5 (5/5 µg) BIONTECH-PFIZER,"COVID-19 bivalent mRNA vaccine, original virus + Omicron BA.4/5 variant, 5 micrograms each, paediatric dose 5-11 years",real,VAC1117,
VAC1034,HEBERBIOVAC B 10 µg,"Recombinant hepatitis B vaccine, pediatric dose",real,VAC0914,
VAC1035,HEBERBIOVAC HB 20 µg,"Recombinant hepatitis B vaccine, adult dose",real,VAC0915,
VAC1036,SPIKEVAX BIVALENT ORIGINAL/OMICRON BA.4-5 25 µg/25 µg MODERNA,"COVID-19 vaccine bivalent RNAm, original virus + Omicron variant BA.4/5, 25 micrograms of each",real,VAC1140,
VAC1037,"Szczepionka na kleszczowe zapalenie mózgu, szczep Neudörfl, dawka pediatryczna, nieokreślona","Szczepionka na kleszczowe zapalenie mózgu, inaktywowana całym wirusem, szczep Neudörfl, dawka pediatryczna",abstract,,TBE-Neudorfl-PED
VAC1038,"Szczepionka na kleszczowe zapalenie mózgu, szczep Neudörfl, dawka dla dorosłych, nieokreślona","Szczepionka na kleszczowe zapalenie mózgu, inaktywowana całym wirusem, szczep Neudörfl, dawka dla dorosłych",abstract,,TBE-Neudorfl-ADU
VAC1039,"Szczepionka mRNA przeciwko COVID-19, wirus oryginalny, 50 µg, nieokreślony","Szczepionka mRNA przeciwko COVID-19, oryginalny wirus, 50 mikrogramów na dawkę",abstract,,Covid-mRNA-S-50
VAC1040,AREXVY,"Respiratory syncytial virus (RSV) vaccine, recombinant, RSVPreF3 antigen derived from F protein, adjuvanted",real,VAC1228,
VAC1041,"Szczepionka RNA przeciwko Covid-19, nieokreślona",Szczepionka RNA przeciwko Covid-19,abstract,,COVID-RNA
VAC1042,"Szczepionka przeciwko COVID-19, niereplikujący wektor wirusowy, nieokreślony","Szczepionka przeciwko COVID-19, niereplikujący wektor wirusowy",abstract,,COVID-VVnr
VAC1043,"Szczepionka przeciwko COVID-19, podjednostka białka, nieokreślona","Szczepionka przeciwko COVID-19, podjednostka białka",abstract,,COVID-PS
VAC1044,"Szczepionka przeciwko COVID-19, inaktywowany cały wirion, nieokreślony","Szczepionka na Covid-19, inaktywowany cały wirion",abstract,,COVID-IV
VAC1045,INFANRIX-IPV/Hib,"Diphtheria toxoid (standard dose), tetanus toxoid, pertussis (multicomponent acellular, standard dose), inactivated polio (trivalent) and Haemophilus influenzae type b pediatric vaccine",real,VAC1115,
VAC1046,BEYFORTUS 50 mg (nirsevimab),Human RSV monoclonal antibody,real,VAC1147,
VAC1047,ABRYSVO,"Respiratory Syncytial Virus (RSV) vaccine, recombinant prefusion F glycoproteins of RSV, bivalent (subtypes A and B), non-adjuvanted",real,VAC1224,
VAC1048,DECAVAC,Diphtheria toxoid (low dose) and tetanus toxoid vaccine,real,VAC0920,
VAC1049,TDVAX,Diphtheria toxoid (low dose) and tetanus toxoid vaccine,real,VAC0920,
VAC1050,BEYFORTUS 100 mg (nirsevimab),Human RSV monoclonal antibody,real,VAC1147,
VAC1051,COMIRNATY OMICRON XBB.1.5 30 µg,"COVID-19 mRNA vaccine, subvariant Omicron XBB.1.5, 30 micrograms, adult dose (+ 12 years)",real,VAC1244,
VAC1052,COMIRNATY OMICRON XBB.1.5 10 µg,"COVID-19 mRNA vaccine, subvariant Omicron XBB.1.5, 30 micrograms, adult dose (+ 12 years)",real,VAC1214,
VAC1053,COMIRNATY OMICRON XBB.1.5 3 µg,"COVID-19 mRNA vaccine, subvariant Omicron XBB.1.5, 3 micrograms, paediatric dose (6 months-4 years)",real,VAC1158,
VAC1054,"COMIRNATY ORIGINAL/OMICRON BA.4-5 (1,5/1,5 µg)","COVID-19 mRNA vaccine, original virus + Omicron BA.4/5 variant, 1.5 micrograms each, paediatric dose (6 MONTHS-4 YEARS)",real,VAC1132,
VAC1055,NUVAXOVID XBB.1.5,"COVID-19 vaccine, protein subunit, recombinant spike protein nanoparticles, with adjuvant (Matrix M), Omicron XBB.1.5 subvariant",real,VAC1236,
VAC1056,R21/MATRIX-M,R21/Matrix-M pre-erythrocytic malaria vaccine,real,VAC1237,
VAC1057,ENGERIX B JUNIOR,"Hepatitis B recombinant vaccine, pediatric dose",real,VAC0914,
VAC1058,SPIKEVAX XBB.1.5 0.1 mg/mL dose 50 µg MODERNA,"COVID-19 mRNA vaccine, subvariant Omicron XBB.1.5, 50 micrograms per dose, multidose vial",real,VAC1243,
VAC1059,"SPIKEVAX XBB.1.5 0,1 mg/mL dose 25 µg MODERNA","COVID-19 mRNA vaccine, subvariant Omicron XBB.1.5, 25 micrograms per dose, multidose vial",real,VAC1242,
VAC1060,SPIKEVAX XBB.1.5 50 µg MODERNA,"COVID-19 mRNA vaccine, subvariant Omicron XBB.1.5, 50 micrograms per dose",real,VAC1243,
VAC1061,PENBRAYA,"Meningococcal polysaccharide (groups A, C, Y, W) tetanus toxoid conjugate, meningococcal B recombinant vaccine",real,VAC1245,
VAC1062,Immunoglobulina CMV,"Immunoglobulina przeciw wirusowi cytomegalii, dożylna",abstract,,CMV-Ig
VAC1063,"Szczepionka przeciwko wirusowemu zapaleniu wątroby typu C, nieokreślona","Hepatitis C vaccine, unspecified",abstract,,HepC
VAC1064,"Szczepionka przeciwko wirusowi HIV, nieokreślona","HIV vaccine, unspecified",abstract,,HIV
VAC1065,Leprosy vaccine,"Szczepionka na trąd, nieokreślona",abstract,,LEP
VAC1066,"Szczepionka na czerniaka, nieokreślona","Melanoma vaccine, unspecified",abstract,,MEL
VAC1067,"Szczepionka Streptococcus pyogenes, nieokreślona","Streptococcus pyogenes vaccine, unspecified",abstract,,SPYO
VAC1068,"Szczepionka na gorączkę Doliny Rift, nieokreślona","Rift Valley fever vaccine, unspecified",abstract,,RVF
VAC1069,Vaccinia immune globulin,Vaccinia immune globulin,abstract,,Ospa-Ig
VAC1070,Fluzone High-Dose Quadrivalent Southern Hemisphere,"Quadrivalent inactivated influenza vaccine, split or subunit, high-dose",real,VAC1146,
VAC1071,"Przeciwciało lub szczepionka przeciwko wirusowi RSV, nieokreślone","RSV antibody or vaccine, unspecified",abstract,,RSV
VAC1072,"Szczepionka mRNA przeciwko COVID-19, wirus oryginalny, 25 µg, nieokreślony","Szczepionka mRNA przeciwko COVID-19, oryginalny wirus, 25 mikrogramów",abstract,,Covid-mRNA-S-ORI-25
VAC1073,"Szczepionka na boreliozę, nieokreślona","Lyme disease vaccine, unspecified",abstract,,Lyme
VAC1074,CYFENDUS,Adsorbed acellular anthrax vaccine with adjuvant,real,VAC1279,
VAC1075,"Bezkomórkowa szczepionka przeciwko wąglikowi, nieokreślona","Bezkomórkowa szczepionka przeciwko wąglikowi, nieokreślona",abstract,,Bant
VAC1076,UROMUNE (MV 140),Vaccine to prevent urinary tract infections in women,real,VAC1191,
VAC1077,ENVAX-A71,"Enterovirus A71 vaccine, purified and inactivated virus particles",real,VAC1118,
VAC1078,ENVACGEN,Whole inactivated enterovirus A71 vaccine,real,VAC1118,
VAC1079,VAX-SPIRAL,"Trivalent vaccine against leptospirosis caused by Canicola serovar canicola, Icterohaemorrhagiae serovar copenhageni and Pomona serovar mozdok",real,VAC1120,
VAC1080,COVAXIN,"COVID-19 vaccine, whole virion inactivated",real,VAC1124,
VAC1081,BAYGAM,"Human immunoglobulin against certain viruses (hepatitis A, measles, chickenpox and rubella)",real,VAC1127,
VAC1082,BAYHEP B,Hepatitis b immune globulin (human),real,VAC0863,
VAC1083,BAYRAB,Anti-rabies immune globulin (human),real,VAC0358,
VAC1084,BAYTET,Tetanus immune globulin human solvent/detergent treated 250 units,real,VAC0497,
VAC1085,MYCOBAX,"Live, attenuated tuberculosis vaccine",real,VAC0134,
VAC1086,PNEUMUNE,"Pneumococcal polysaccharide conjugate vaccine, 23-valent, serotypes 1, 2, 3, 4, 5, 6B, 7F, 8, 9N, 9V, 10A, 11A, 12F, 14, 15B, 17F, 18C, 19A, 19F, 20, 22F, 23F and 33F",real,VAC1136,
VAC1087,HYPERTET,"Human tetanus immunoglobulin, post-exposure treatment",real,VAC0497,
VAC1088,HYPERRAB,"Human rabies immunoglobulin, post-exposure treatment",real,VAC0358,
VAC1089,HYPERHEB B,"Human anti-hepatitis B immunoglobulin, post-exposure treatment",real,VAC0863,
VAC1090,MENZB,Meningococcal vaccine with outer membrane vesicle proteins,real,VAC0149,
VAC1091,VARIZIG,Varicella Zoster Immune Globulin (Human),real,VAC0864,
VAC1092,KAMRAB,Human-rabies immunoglobulin 150IU/ml,real,VAC0358,
VAC1093,HEPAGAM,Hepatitis B Immune Globulin Intravenous (Human),real,VAC0863,
VAC1094,OROCHOL,live oral cholera vaccine,real,VAC1149,
VAC1095,MVA85A,Experimental tuberculosis vaccine,real,VAC0134,
VAC1096,MORCVAX,Oral Inactivated whole-cell cholera vaccine,real,VAC0944,
VAC1097,CYTOGAM,Human intravenous anti-CMV immunoglobulin,real,VAC1062,
VAC1098,XANAFLU,Trivalent inactivated influenza vaccine,real,VAC0925,
VAC1099,BABYBIG,Intravenous human immunoglobulin against infant botulism types A and B,real,VAC1156,
VAC1100,BOTULISM ANTITOXIN BEHRING,"Equine botulinum antitoxin types A, B and E",real,VAC0909,
VAC1101,DOTARICIN,Inactivated influenza vaccine with MF59 adjuvant,real,VAC0821,
VAC1102,HIB-IMMUNE,Haemophilus influenzae type b non-conjugated polysaccharide vaccine,real,VAC1148,
VAC1103,HIB-VAX,Haemophilus influenzae type b non-conjugated polysaccharide vaccine,real,VAC1148,
VAC1104,DIPHTHERIA ANTITOXIN B.P.,Anti-diphtheria toxin immunoglobulin of equine origin,real,VAC0867,
VAC1105,BAT EMERGENT BIOSOLUTIONS,"Botulism Antitoxin Heptavalent (A, B, C, D, E, F, G) equine",real,VAC0909,
VAC1106,"COVID-19 VLP vaccine, unspecified","Covid 19 VLP vaccine, unspecified",abstract,,COVID-VLP-rS
VAC1107,"Cholera whole inactivated vaccine, unspecified","Whole inactivated Cholera vaccine, unspecified",abstract,,CHOL-I
VAC1108,"COVID-19 bivalent mRNA vaccine, original virus + Omicron BA.1 variant, unspecified","Bivalent anti-covid 19 mRNA vaccine against the original virus and the Omicron BA.1 variant, unspecified",abstract,,COVID-mRNA-S-ORI|COVID-mRNA-S-OMI-BA.1
VAC1109,"Meningococcal ACW unconjugated vaccine, unspecified","Non-conjugated polysaccharide vaccine against meningococci serogroups A, C and W",abstract,,MPV-A|MPV-C|MPV-W
VAC1110,"Meningococcal C vaccine unconjugated, unspecified","Meningococcal C vaccine unconjugated, unspecified",abstract,,MPV-C
VAC1111,"Japanese Encephalitis Vaccine, whole inactivated, prepared on Vero cells, unspecified","Whole inactivated Japanese encephalitis vaccine, prepared in Vero cells",abstract,,JE-I-Vero
VAC1112,"Influenza live attenuated quadrivalent vaccine, unspecified","Live attenuated quadrivalent seasonal influenza vaccine, nasal",abstract,,INF-L4
VAC1113,"COVID-19 protein subunit vaccine, recombinant spike protein, unspecified","Anti-covid 19 protein subunit vaccine, recombinant spike protein, unspecified",abstract,,COVID-PS-rS
VAC1114,"Typhoid fever and hepatitis A vaccine, unspecified",Typhoid vaccine combined with hepatitis A vaccine,abstract,,Ty-ViPS|HepA-I
VAC1115,"Diphtheria (standard dose), tetanus, pertussis (multicomponent acellular, standard dose), Haemophilus influenzae type b (tetanus toxoid conjugated) and polio (whole inactivated, trivalent) pentavalent DTPaHibP vaccine, adsorbed, pediatric","Diphtheria (toxoid, standard dose), tetanus (toxoid), pertussis (multicomponent acellular, standard dose), Haemophilus influenzae type b (tetanus toxoid conjugated) and polio (whole inactivated, trivalent) vaccine, adsorbed, pediatric",abstract,,aP|POLIO-I|T|D|PRP-T
VAC1116,"Rabies vaccine, whole inactivated, prepared in Vero cell culture, unspecified","Whole inactivated rabies vaccine, prepared in Vero cell culture (PVRV), Wistar strain, inactivation by ß-propiolactone",abstract,,Rab-I-PVRV
VAC1117,"COVID-19 bivalent mRNA vaccine against the original virus and the Omicron BA.4/5 variant, 5 micrograms, unspecified","Bivalent anti-covid 19 mRNA vaccine against the original virus and the Omicron BA.4/5 variant, 5 micrograms, unspecified",abstract,,Covid-ARNm-S-OMI-BA.4/5-5|Covid-mRNA-S-ORI-5
VAC1118,"Enterovirus A71 vaccine, unspecified","Enterovirus A71 vaccine, unspecified",abstract,,EV71
VAC1119,"COVID-19 inactivated vaccine, whole virus, authorized, unspecified","COVID-19 inactivated vaccine, whole virus, authorized, unspecified",abstract,,COVID-IV-Auth
VAC1120,"Leptospirosis trivalent vaccine, unspecified","Trivalent vaccine against leptospirosis caused by Canicola serovar canicola, Icterohaemorrhagiae serovar copenhageni and Pomona serovar mozdok",abstract,,Lepto-wI|Lepto-ca|Lepto-po
VAC1121,"Diphtheria (standard dose), tetanus, pertussis (acellular multicomponent, standard dose, Haemophilus influenzae type b (conjugated with tetanus toxoid), poliomyelitis (whole inactivated, trivalent) and hepatitis B (recombinant) hexavalent DTPaHibPHepB vaccine, pediatric","Diphtheria (toxoid, standard dose), tetanus (toxoid), pertussis (acellular multicomponent, standard dose, 3 components), anti-Haemophilus influenzae type b (conjugated with tetanus toxoid), poliomyelitis (whole inactivated, trivalent) and hepatitis B (recombinant), pediatric",abstract,,aP|POLIO-I|T|D|rHBsAg-10|PRP-T
VAC1122,"Smallpox 1st generation live vaccine, unspecified","First generation smallpox vaccine, live vaccinia virus",abstract,,Pox-1G
VAC1123,"Influenza trivalent live attenuated vaccine, unspecified","Live attenuated trivalent seasonal influenza vaccine, nasal",abstract,,Inf-L3
VAC1124,"COVID-19 inactivated vaccine, whole virus, in clinical trial, unspecified","COVID-19 inactivated vaccine, whole virus, in clinical trial, unspecified",abstract,,COVID-IV-CT
VAC1125,"Hepatitis B vaccine, unspecified","Hepatitis B vaccine, unspecified",abstract,,HepB
VAC1126,"Diphtheria (standard dose), tetanus, pertussis (whole inactivated), anti-Haemophilus influenzae type b (conjugated with tetanus toxoid) and polio (whole inactivated, trivalent) pentavalent DTP Hib vaccine, pediatric","Diphtheria (toxoid, standard dose), tetanus (toxoid), pertussis (whole inactivated), anti-Haemophilus influenzae type b (conjugated with tetanus toxoid) and polio (whole inactivated, trivalent) vaccine, pediatric",abstract,,wP|POLIO-I|T|D|PRP-T
VAC1127,"Hepatitis A, measles, chickenpox and rubella immunoglobulin, unspecified","Immunoglobulin against hepatitis A, measles, chickenpox and rubella, unspecified",abstract,,VZV-LAV|Rub-LAV|Meas|HepA
VAC1128,"COVID-19 plasmid DNA vaccine, unspecified","Plasmid DNA anti-covid 19 vaccine, unspecified",abstract,,COVID-DNA-S
VAC1129,"COVID-19 protein subunit vaccine, recombinant spike protein in nanoparticles, unspecified","Anti-covid 19 protein subunit vaccine, recombinant spike protein in nanoparticles, unspecified",abstract,,COVID-PS-rSnp
VAC1130,"Influenza trivalent inactivated and tetanus toxoid vaccine, unspecified","Trivalent inactivated seasonal influenza vaccine, split virion and tetanus (toxoid)",abstract,,INF-ESUnd3|T
VAC1131,"Pneumococcal 17-valent unconjugated vaccine, unspecified","Unconjugated pneumococcal polysaccharide vaccine, 17-valent, serotypes 1, 2, 3, 4, 6A, 7F, 8, 9N, 11A, 12F, 14, 15F, 17F, 18C, 19F, 23F and 25",abstract,,PPSV-01|PPSV-02|PPSV-03|PPSV-04|PPSV-07F|PPSV-08|PPSV-09N|PPSV-11A|PPSV-12F|PPSV-14|PPSV-15F|PPSV-17F|PPSV-18C|PPSV-19F|PPSV-23F|PPSV-06A|PPSV-25
VAC1132,"COVID-19 bivalent mRNA vaccine, original virus + Omicron BA.4/5 variant, 1.5 micrograms, unspecified","Bivalent anti-covid 19 mRNA vaccine against the original virus and the Omicron BA.4/5 variant, 1.5 micrograms, unspecified",abstract,,COVID-mRNA-S-OMI-BA.4/5-1.5|COVID-mRNA-S-ORI-1.5
VAC1133,"Meningococcal ACWY polysaccharide conjugate vaccine, unspecified","Quadrivalent meningococcal polysaccharide conjugate vaccine against serogroups A, C, W and Y (conjugated to CRM 197 protein)",abstract,,MCV-C-CRM|MCV-A-CRM|MCV-W-CRM|MCV-Y-CRM
VAC1134,"Argentine hemorrhagic fever live attenuated vaccine against, Junin virus, unspecified","Live attenuated vaccine against Argentine hemorrhagic fever, Junin virus, unspecified",abstract,,Junin-LAV
VAC1135,"COVID-19 Plasmid DNA vaccine with non-replicating viral vector, adenovirus encoding the spike protein of SARS-CoV-2, by inhalation, unspecified","Anti-covid 19 vaccine with non-replicating viral vector, adenovirus encoding the spike protein of SARS-CoV-2, by inhalation, unspecified",abstract,,COVID-VVnr-S-INH
VAC1136,"23-walentna skoniugowana szczepionka przeciw pneumokokom, nieokreślona","23-walentna skoniugowana szczepionka przeciw pneumokokom, serotypy 1, 2, 3, 4, 5, 6B, 7F, 8, 9N, 9V, 10A, 11A, 12F, 14, 15B, 17F, 18C, 19A, 19F, 20, 22F, 23F i 33F",abstract,,PCV-01|PCV-03|PCV-04|PCV-05|PCV-06B|PCV-07F|PCV-08|PCV-09V|PCV-10A|PCV-11A|PCV-12F|PCV-14|PCV-15B|PCV-18C|PCV-19A|PCV-19F|PCV-22F|PCV-23F|PCV-33F|PCV-02|PCV-9N|PCV-17F|PCV-20
VAC1137,"Tick-borne encephalitis whole inactivated vaccine, strain K23, unspecified","Whole inactivated tick-borne encephalitis vaccine, strain K23, unspecified",abstract,,TBE-K23
VAC1138,COVID-19 recombinant protein subunit vaccine,Recombinant protein subunit anti-covid 19 vaccine,abstract,,COVID-PS-rRBD
VAC1139,"COVID-19 vaccine, non-replicating vector, Newcastle disease virus encoding the SARS-CoV-2 spike protein, unspecified","COVID-19 vaccine, non-replicating vector, Newcastle disease virus encoding the SARS-CoV-2 spike protein, unspecified",abstract,,COVID-VVnr-S-Nv
VAC1140,"COVID-19 bivalent mRNA vaccine against the original virus and the Omicron BA.4/5 variant, 25 micrograms, unspecified","Covid 19 bivalent mRNA vaccine against the original virus and the Omicron BA.4/5 variant, 25 micrograms, unspecified",abstract,,Covid-mRNA-S-ORI-25|COVID-mRNA-S-OMI-BA.4/5-25
VAC1141,"Bird Flu H5N8 Vaccine, unspecified","Bird Flu H5N8 Vaccine, unspecified",abstract,,AH5N8
VAC1142,"COVID-19 vaccine, non-replicating vector, antigen-presenting cells, unspecified","COVID-19 vaccine, non-replicating vector, antigen-presenting cells, unspecified",abstract,,COVID-VVnr+APC
VAC1143,"COVID-19 vaccine with non-replicating viral vector, adenovirus encoding the spike protein of SARS-CoV-2, unspecified","Anti-covid 19 vaccine with non-replicating viral vector, adenovirus encoding the spike protein of SARS-CoV-2, unspecified",abstract,,COVID-VVnr-S-Ad
VAC1144,"COVID-19 protein subunit vaccine, recombinant SARS-CoV-2 spike protein, S-2P and CpG1018, unspecified","Anti-covid 19 protein subunit vaccine, recombinant SARS-CoV-2 spike protein, S-2P and CpG1018, unspecified",abstract,,COVID-PS-CpG1018
VAC1145,"Hepatitis B recombinant vaccine, three antigens, unspecified","Recombinant hepatitis B vaccine, three antigens (HbS, pre-S1 and pre-S2)",abstract,,HepB-r-3Ag
VAC1146,"Influenza inactivated quadrivalent vaccine, high dose, unspecified","Inactivated quadrivalent influenza vaccine, split or subunit, high dose",abstract,,INF-ESUhd4
VAC1147,"Respiratory syncytial virus (RSV) human monoclonal antibody, nirsevimab, unspecified","Human monoclonal antibody against respiratory syncytial virus (RSV), nirsevimab, unspecified",abstract,,VRS-mAb-nir
VAC1148,"Haemophilus influenzae type b vaccine, unconjugated polysaccharide, unspecified","Haemophilus influenzae type b vaccine, unconjugated polysaccharide, unspecified",abstract,,Hib-PS
VAC1149,"Cholera oral live attenuated vaccine, unspecified","Oral live attenuated cholera vaccine, unspecified",abstract,,CHOL-LA-O
VAC1150,"COVID-19 mRNA vaccine encoding the spike protein of SARS-CoV-2, original virus, 30 micrograms, unspecified","Anti-covid 19 mRNA vaccine encoding the spike protein of SARS-CoV-2, original virus, 30 micrograms, unspecified",abstract,,COVID-mRNA-S-ORI-30
VAC1151,"Diphtheria (standard dose), tetanus, pertussis (whole inactivated), and polio (whole inactivated, trivalent) quadrivalent DTPeP vaccine, pediatric","Diphtheria (standard dose), tetanus (toxoid), pertussis (whole inactivated), and polio (whole inactivated, trivalent) vaccine, pediatric",abstract,,wP|POLIO-I|T|D
VAC1152,"Meningococcal B vaccine containing fHbp of subfamilies A and B, unspecified","Meningococcal B vaccine containing fHbp of subfamilies A and B, unspecified",abstract,,MenB-fHbpAB
VAC1153,"Meningococcal ACWY vaccine, diphtheria toxoid conjugate, unspecified","Quadrivalent meningococcal polysaccharide conjugate vaccine against serogroups A, C, W and Y (diphtheria toxoid conjugate)",abstract,,MCV-C-D|MCV-A-D|MCV-W-D|MCV-Y-D
VAC1154,"Mumps whole inactivated vaccine, unspecified","Whole inactivated mumps vaccine, unspecified",abstract,,Or-I
VAC1155,"Hepatitis B plasma vaccine, unspecified","Plasma hepatitis B vaccine, unspecified",abstract,,pHBsAg
VAC1156,"Botulism immunoglobulin, unspecified",Intravenous human immunoglobulin against infant botulism types A and B,abstract,,BIG
VAC1157,"Smallpox 3rd generation vaccine, modified Ankara vaccinia virus, unspecified","Third generation smallpox vaccine, modified vaccinia Ankara virus, non-replicating",abstract,,Pox-3G-MVA
VAC1158,"COVID-19 mRNA vaccine against the Omicron XBB.1.5 variant, 3 micrograms, unspecified","COVID-19 mRNA vaccine encoding the SARS-CoV-2 spike protein, Omicron XBB.1.5 variant, 3 micrograms",abstract,,COVID-mRNA-S-OMI-XBB.1.5-3
VAC1159,"Influenza trivalent recombinant vaccine, unspecified",Trivalent Recombinant Seasonal Influenza Vaccine,abstract,,INF-R3
VAC1160,"Smallpox 2nd generation live vaccine, unspecified","Second generation smallpox vaccine, vaccinia virus obtained by cell culture",abstract,,Pox-2G
VAC1161,"Diphtheria (standard dose), tetanus, pertussis (whole inactivated) and Haemophilus influenzae type b (tetanus toxoid conjugated) quadrivalent DTPeP vaccine, pediatric","Diphtheria (standard dose), tetanus, pertussis (whole inactivated) and Haemophilus influenzae type b (tetanus toxoid conjugated) vaccine, pediatric",abstract,,wP|T|D|PRP-T
VAC1162,"COVID-19 mRNA vaccine, bivalent, original virus and Omicron BA.1 variant, 15 micrograms, unspecified","COVID-19 mRNA vaccine, bivalent, original virus and Omicron BA.1 variant, 15 micrograms, unspecified",abstract,,Covid-ARNm-S-ORI-15|Covid-ARNm-S-OMI-BA.1-15
VAC1163,"20-walentna skoniugowana szczepionka przeciw pneumokokom, nieokreślona","20-walentna skoniugowana szczepionka przeciw pneumokokom, adsorbowana, serotypy 1, 3, 4, 5, 6A, 6B, 7F, 8, 9V, 10A, 11A, 12F, 14, 15B, 18C, 19A, 19F, 22F, 23F i 33F",abstract,,PCV-01|PCV-03|PCV-04|PCV-05|PCV-06A|PCV-06B|PCV-07F|PCV-08|PCV-09V|PCV-10A|PCV-11A|PCV-12F|PCV-14|PCV-15B|PCV-18C|PCV-19A|PCV-19F|PCV-22F|PCV-23F|PCV-33F
VAC1164,"Diphtheria (toxoid, standard dose), tetanus (toxoid), pertussis (acellular multicomponent, standard dose) and Haemophilus influenzae type b (tetanus toxoid conjugate) quadrivalent vaccine DTPaHib, pediatric","Diphtheria (toxoid, standard dose), tetanus (toxoid), pertussis (acellular multicomponent, standard dose) and Haemophilus influenzae type b (tetanus toxoid conjugate) vaccine, pediatric",abstract,,aP|T|D|PRP-T
VAC1165,"Diphtheria toxoid, standard dose, unspecified","Pediatric diphtheria vaccine (toxoid, standard dose)",abstract,,D
VAC1166,"COVID-19 mRNA vaccine encoding the SARS-CoV-2 spike protein, currently in clinical trial, unspecified","Anti-covid 19 mRNA vaccine encoding the SARS-CoV-2 spike protein, currently in clinical trial, unspecified",abstract,,Covid-ARNm-S-CT
VAC1167,"Pertussis acellular vaccine, unspecified","Acellular pertussis vaccine, standard dose",abstract,,aP
VAC1168,"Diphtheria (standard dose), tetanus, pertussis (whole inactivated) and Haemophilus influenzae type b (diphtheria toxoid conjugate) vaccine (DTPeHib), pediatric","Diphtheria (toxoid, standard dose), tetanus (toxoid), pertussis (whole inactivated) and Haemophilus influenzae type b (diphtheria toxoid conjugate) vaccine, pediatric",abstract,,wP|T|D|HbOC
VAC1169,"COVID-19 Bivalent mRNA vaccine, original virus + Omicron BA.4/5 variant, 15 micrograms, unspecified","Bivalent anti-covid 19 mRNA vaccine against the original virus and the Omicron BA.4/5 variant, 15 micrograms, unspecified",abstract,,Covid-ARNm-S-ORI-15|COVID-mRNA-S-OMI-BA.4/5-15
VAC1170,"COVID-19 non-replicating viral vector vaccine, chimpanzee adenovirus ChadOx1 encoding the SARS-CoV-2 spike protein","Non-replicating viral vector anti-covid 19 vaccine, chimpanzee adenovirus ChadOx1 encoding the SARS-CoV-2 spike protein",abstract,,COVID-VVnr-S-ChAdOx1
VAC1171,"Influenza trivalent vaccine, inactivated, split or subunit, high dose, unspecified","Trivalent inactivated influenza vaccine, split or subunit, high dose",abstract,,INF-ESUhd3
VAC1172,"Diphtheria toxoid, reduced dose, unspecified","Diphtheria vaccine (anatoxin, reduced dose)",abstract,,d
VAC1173,"COVID-19 vaccine with replicative viral vector, influenza virus encoding the spike protein of SARS-CoV-2, unspecified","Anti-covid 19 vaccine with replicative viral vector, influenza virus encoding the spike protein of SARS-CoV-2, unspecified",abstract,,COVID-VVr-S-Influ
VAC1174,"Diphtheria (standard dose), tetanus, pertussis (multicomponent acellular, standard dose), polio (whole inactivated, trivalent) and hepatitis B (recombinant) vaccine (DTPaPHepB), pediatric","Diphtheria (toxoid, standard dose), tetanus (toxoid), pertussis (multicomponent acellular, standard dose), polio (whole inactivated, trivalent) and hepatitis B (recombinant) vaccine, pediatric",abstract,,aP|POLIO-I|T|D|rHBsAg-10
VAC1175,"Influenza trivalent vaccine, inactivated cell culture, split or subunit, normal dose","Trivalent inactivated cell culture influenza vaccine, split or subunit, normal dose",abstract,,INF-CC3
VAC1176,"COVID-19 vaccine with non-replicating viral vector, adenovirus 5 encoding the S and N proteins of SARS-CoV-2, unspecified","Anti-covid 19 vaccine with non-replicating viral vector, adenovirus 5 encoding the S and N proteins of SARS-CoV-2, unspecified",abstract,,COVID-VVnr-S-Ad5
VAC1177,"Smallpox 3rd generation vaccine, live vaccinia virus with minimal replication, unspecified","Third generation smallpox vaccine, obtained in cell culture, minimally replicating live vaccinia virus",abstract,,Pox-3G-LC16
VAC1178,"Dengue tetravalent vaccine, live attenuated chimeric recombinant, unspecified","Live attenuated, chimeric, recombinant, quadrivalent vaccine against the four serotypes (1, 2, 3 and 4) of dengue virus",abstract,,RC-TDV
VAC1179,"Cholera and typhoid vaccine, injectable, unspecified","Cholera (whole inactivated) and typhoid vaccine (unconjugated, purified Vi polysaccharide antigen), injectable",abstract,,I-Chol-I|Ty-ViPS
VAC1180,"Lyme disease recombinant vaccine, unspecified",Recombinant anti-Borrelia burgdorferi vaccine - outer surface protein A (OspA),abstract,,Lyme-OspA
VAC1181,"Diphtheria (standard dose), tetanus, pertussis (whole intact), Haemophilus influenzae type b (tetanus toxoid conjugated) and hepatitis B (recombinant) vaccine, pediatric","Diphtheria (standard dose), tetanus, pertussis (whole intact), Haemophilus influenzae type b (tetanus toxoid conjugated) and hepatitis B (recombinant) vaccine, pediatric",abstract,,wP|T|D|rHBsAg-10|PRP-T
VAC1182,"Meningococcal ACWY polysaccharide vaccine conjugated to tetanus toxoid, unspecified","Quadrivalent polysaccharide conjugate vaccine against meningococci serogroups A, C, W and Y (conjugated with tetanus toxoid)",abstract,,MCV-C-T|MCV-A-T|MCV-W-T|MCV-Y-T
VAC1183,"Ebola non-replicating viral vector vaccine, unspecified","Non-replicating viral vector Ebola vaccine, modified Vaccine Ankara",abstract,,Ebola-MVA-BN-Filo
VAC1184,"Meningococcal C polysaccharide vaccine conjugated to tetanus toxoid, unspecified","Meningococcal C polysaccharide vaccine conjugated to tetanus toxoid, unspecified",abstract,,MCV-C-T
VAC1185,"COVID-19 vaccine with non-replicating viral vector, adenovirus 26 encoding the spike protein of SARS-CoV-2, unspecified","Anti-covid 19 vaccine with non-replicating viral vector, adenovirus 26 encoding the spike protein of SARS-CoV-2, unspecified",abstract,,COVID-VVnr-S-Ad26
VAC1186,"COVID-19 vaccine with replicative viral vector with antigen-presenting cells, unspecified","Anti-covid 19 vaccine with replicative viral vector with antigen-presenting cells, unspecified",abstract,,COVID-VVr+APC
VAC1187,"COVID-19 vaccine with replicative viral vector, measles virus encoding the SARS-CoV-2 spike protein, unspecified","Anti-covid 19 vaccine with replicative viral vector, measles virus encoding the SARS-CoV-2 spike protein, unspecified",abstract,,COVID-VVr-S-Meas
VAC1188,"COVID-19 mRNA vaccine encoding the spike protein of SARS-CoV-2, original virus, 3 micrograms, unspecified","Anti-covid 19 mRNA vaccine encoding the spike protein of SARS-CoV-2, original virus, 3 micrograms, unspecified",abstract,,COVID-mRNA-S-ORI-3
VAC1189,"COVID-19 non-replicating vector vaccine, modified Ankara vaccine encoding the SARS-CoV-2 spike protein, unspecified","COVID-19 non-replicating vector vaccine, modified Ankara vaccine encoding the SARS-CoV-2 spike protein, unspecified",abstract,,COVID-VVnr-S-MVA
VAC1190,"COVID-19 vaccine with replicative viral vector, vesicular stomatitis virus encoding the SARS-CoV-2 spike protein, unspecified","Anti-covid 19 vaccine with replicative viral vector, vesicular stomatitis virus encoding the SARS-CoV-2 spike protein, unspecified",abstract,,COVID-VVr-S-VSV
VAC1191,"Urinary infections vaccine for the prevention of women, unspecified","Vaccine against Escherichia coli, Klebsiella pneumoniae, Enterococcus faecalis, Proteus vulgaris",abstract,,Eco|Kpn|Efa|Pvu
VAC1192,"Diphtheria (standard dose), tetanus, pertussis (whole inactivated), Haemophilus influenzae type b (diphtheria toxoid conjugated) and hepatitis B (recombinant) vaccine, pediatric","Diphtheria (toxoid, standard dose), tetanus (toxoid), pertussis (whole inactivated), Haemophilus influenzae type b (diphtheria toxoid conjugated) and hepatitis B (recombinant) vaccine, pediatric",abstract,,wP|T|D|rHBsAg-10|HbOC
VAC1193,"Japanese encephalitis vaccine, live recombinant attenuated, unspecified","Live attenuated Japanese encephalitis vaccine, chimeric recombinant",abstract,,JE-LAR
VAC1194,"Tetanus, typhoid and paratypoid A and B vaccines, unspecified","Tetanus (toxoid), typhoid (whole inactivated) and paratyphoid A and B (whole inactivated) vaccines",abstract,,pTy-I|T|Ty-I
VAC1195,"COVID-19 vaccine with non-replicating viral vector, adenovirus 26 encoding the spike protein of SARS-CoV-2, in clinical trial, unspecified","Anti-covid 19 vaccine with non-replicating viral vector, adenovirus 26 encoding the spike protein of SARS-CoV-2, in clinical trial, unspecified",abstract,,Covid-VVnr-S-Ad26-CT
VAC1196,"Japanese encephalitis vaccine, whole inactivated prepared from murine brain tissue, unspecified","Whole inactivated vaccine against Japanese encephalitis, prepared from murine brain tissue, Nakayama strain, injectable route",abstract,,JE-I-mb
VAC1197,"COVID-19 vaccine with chimpanzee adenovirus and self-amplifying mRNA, unspecified","COVID-19 vaccine with chimpanzee adenovirus and self-amplifying mRNA: 1. A non-replicating viral vector, chimpanzee adenovirus, serotype 68 (ChAdV68), encoding the spike protein of SARS-CoV-2 (ChAdV68-S) and/or spike protein plus additional SARS-CoV-2 epitopes recognized by T cells (ChAdV68-S-TCE) and 2. A self-amplifying mRNA (SAM) in lipid nanoparticles (SAM-LNP) encoding SARS-CoV-2 spike protein (SAM-S) and/or spike protein plus additional SARS-CoV-2 epitopes recognized by T cells (SAM-S-TCE), SAM vector based on Venezuelan equine encephalitis virus (VEEV)",abstract,,COVID-VVnr-S-Ad|COVID-mRNA-SAM
VAC1198,"Chinkungunya vaccine, live attenuated, unspecified",Live attenuated chikungunya vaccine,abstract,,CHIK-LA
VAC1199,"Ebola, recombinant vesicular stomatitis replicative viral vector vaccine (rVSV) - EBOV GP glycoprotein, unspecified","Ebola, recombinant vesicular stomatitis replicative viral vector vaccine (rVSV) - EBOV GP glycoprotein, unspecified",abstract,,rVSVdG-ZEBOV-GP
VAC1200,"Influenza quadrivalent vaccine, inactivated cell culture, split or subunit, normal dose","Influenza quadrivalent vaccine, inactivated cell culture, split or subunit, normal dose",abstract,,INF-CC4
VAC1201,"Dengue tetravalent vaccine, live attenuated chimeric recombinant based on 17D yellow fever vaccine, unspecified","Dengue tetravalent vaccine, live attenuated chimeric recombinant based on 17D yellow fever vaccine, unspecified",abstract,,CYD-TDV
VAC1202,"COVID-19 vaccine with live attenuated virus, unspecified","Anti-covid 19 vaccine with live attenuated virus, unspecified",abstract,,COVID-LA
VAC1203,"Brucellosis vaccine, protein (P.I. antigen)",P.I. (phenol-insoluble) protein antigen vaccine against brucellosis,abstract,,Bruc-IP
VAC1204,"COVID-19 protein subunit vaccine, recombinant spike protein, with adjuvant, unspecified","Anti-covid 19 protein subunit vaccine, recombinant spike protein, with adjuvant, unspecified",abstract,,COVID-PS-rS-A
VAC1205,"Ebola virus vaccine, recombinant live non-replicating viral vector Ad26.ZEBOV, unspecified","Ebola virus vaccine, recombinant live non-replicating viral vector Ad26.ZEBOV, unspecified",abstract,,ZebovVRnrAd26
VAC1206,"COVID-19 vaccine with self-amplifying mRNA, unspecified","Anti-covid 19 vaccine with self-amplifying mRNA, unspecified",abstract,,COVID-mRNA-SAM
VAC1207,"COVID-19 vaccine with replicative viral vector, Newcastle disease virus encoding the SARS-CoV-2 spike protein, unspecified","COVID-19 vaccine with replicative viral vector, Newcastle disease virus encoding the SARS-CoV-2 spike protein, unspecified",abstract,,COVID-VVr-S-Nv
VAC1208,"Diphtheria (standard dose), tetanus, pertussis (whole inactivated) and hepatitis B (recombinant) vaccine, adsorbed, pediatric","Diphtheria (toxoid, standard dose), tetanus (toxoid), pertussis (whole inactivated) and hepatitis B (recombinant) vaccine, adsorbed, pediatric",abstract,,wP|T|D|rHBsAg-10
VAC1209,"Measles vaccine, whole inactivated, unspecified",Whole inactivated measles vaccine (historical),abstract,,Meas-I
VAC1210,"COVID-19 mRNA vaccine encoding the SARS-CoV-2 spike protein, original virus, 100 micrograms, unspecified","COVID-19 mRNA vaccine encoding the SARS-CoV-2 spike protein, original virus, 100 micrograms, unspecified",abstract,,COVID-mRNA-S-ORI-100
VAC1211,"Meningococcal C polysaccharide vaccine conjugated to CRM197 protein, unspecified","Meningococcal C vaccine, polysaccharide conjugated to CRM197 protein",abstract,,MCV-C-CRM
VAC1212,"Poliomyelitis trivalent vaccine, whole inactivated oral, unspecified","Polio vaccine (whole inactivated, trivalent), oral",abstract,,POLIO-I-O
VAC1213,"Cholera vaccine containing recombinant cholera toxin B subunit and inactivated whole V. cholerae O1 bacteria, unspecified","Cholera vaccine containing recombinant cholera toxin B subunit and inactivated whole V. cholerae O1 bacteria, unspecified",abstract,,O-Chol-rCTB-I
VAC1214,"COVID-19 mRNA vaccine encoding the SARS-CoV-2 spike protein, against the Omicron XBB.1.5 variant, 10µg, unspecified","COVID-19 mRNA vaccine encoding the SARS-CoV-2 spike protein, against the Omicron XBB.1.5 variant, 10µg",abstract,,COVID-mRNA-S-OMI-XBB.1.5-10
VAC1215,"Diphtheria (standard dose), tetanus, pertussis (multicomponent acellular, standard dose), anti-Haemophilus influenzae type b (conjugated to the outer membrane protein of Neisseria meningitidis serogroup B), poliomyelitis (whole inactivated, trivalent) and hepatitis B (recombinant) vaccine, adsorbed, pediatric","Diphtheria (standard dose), tetanus, pertussis (multicomponent acellular, standard dose), anti-Haemophilus influenzae type b (conjugated to the outer membrane protein of Neisseria meningitidis serogroup B), poliomyelitis (whole inactivated, trivalent) and hepatitis B (recombinant) vaccine, adsorbed, pediatric",abstract,,aP|POLIO-I|T|D|rHBsAg-10|PRP-OMP
VAC1216,"Diphtheria (standard dose), tetanus, pertussis (multicomponent acellular, standard dose) and hepatitis B (recombinant) vaccine, pediatric","Diphtheria (standard dose), tetanus, pertussis (multicomponent acellular, standard dose) and hepatitis B (recombinant) vaccine, pediatric",abstract,,aP|T|D|rHBsAg-10
VAC1217,"Hepatitis B and Haemophilus influenzae type b vaccine, unspecified","Hepatitis B and Haemophilus influenzae type b vaccine, capsular polysaccharide (polyribosylribitol phosphate, PRP) conjugated to the outer membrane protein of Neisseria meningitidis serogroup B",abstract,,rHBsAg-10|PRP-OMP
VAC1218,"Meningococcal A polysaccharide vaccine conjugated to tetanus toxoid, unspecified",Meningococcal polysaccharide conjugate vaccine with tetanus toxoid against serogroup A,abstract,,MCV-A-T
VAC1219,"Diphtheria (standard dose), tetanus, pertussis (whole inactivated), Haemophilus influenzae type b (tetanus toxoid conjugated) and meningococcal serogroups A and C (toxoid conjugate) vaccine, pediatric","Diphtheria (standard dose), tetanus, pertussis (whole inactivated), Haemophilus influenzae type b (tetanus toxoid conjugated) and meningococcal serogroups A and C (toxoid conjugate) vaccine, pediatric",abstract,,wP|T|D|PRP-T|MCV-C-T|MCV-A-T
VAC1220,"Meningococcal CY and anti-Haemophilus influenzae type b vaccine, conjugated with tetanus toxoid, unspecified",Conjugate vaccine against Haemophilus influenzae type b (conjugated with tetanus toxoid) and against meningococci serogroups C and Y (conjugated with tetanus toxoid),abstract,,PRP-T|MCV-C-T|MCV-Y-T
VAC1221,"Diphtheria (standard dose), tetanus and rubella vaccine, unspecified","Pediatric diphtheria (toxoid, standard dose), tetanus (toxoid) and rubella vaccine (live attenuated)",abstract,,T|Rub-LAV|D
VAC1222,"Human monoclonal antibody against respiratory syncytial virus (RSV), palivizumab, unspecified","Human monoclonal antibody against respiratory syncytial virus (RSV), palivizumab, unspecified",abstract,,RSV-mAb-pal
VAC1223,"Immunoglobulin against respiratory syncytial virus (RSV), unspecified","Immunoglobulin against respiratory syncytial virus (RSV), unspecified",abstract,,RSV-IG
VAC1224,"Respiratory syncytial virus (RSV) vaccine, recombinant, F-glycoprotein (prefusion) RSV subtypes A and B, unspecified","Respiratory syncytial virus (RSV) vaccine, recombinant, F-glycoprotein (prefusion), bivalent (RSV subtypes A and B), unspecified",abstract,,RSV-PreFAB
VAC1225,"Diphtheria (standard dose), tetanus, typhoid (whole inactivated) and paratypoid A and B (whole inactivated) vaccines, unspecified","Diphtheria (standard dose), tetanus, typhoid (whole inactivated) and paratypoid A and B (whole inactivated) vaccines, unspecified",abstract,,pTy-I|T|Ty-I|D
VAC1226,"Hepatitis A and B combined vaccine, pediatric dose, unspecified","Hepatitis A and B combined vaccine, pediatric dose, unspecified",abstract,,rHBsAg-20|HepA-bv-PED
VAC1227,"Hepatitis B recombinant vaccine, pediatric dose, unspecified","Hepatitis B recombinant vaccine, pediatric dose, unspecified",abstract,,rHepB-05
VAC1228,"Respiratory syncytial virus (RSV) vaccine, recombinant, F protein-derived RSVPreF3 antigen, unspecified","Respiratory syncytial virus (RSV) vaccine, recombinant, F protein-derived RSVPreF3 antigen, unspecified",abstract,,RSV-PreF3
VAC1229,"Meningococcal vaccine, serogroups B (outer membrane vesicle proteins) and C","Meningococcal vaccine, serogroups B (outer membrane vesicle proteins B:14:P1.7,16) and C",abstract,,MenB-OMP|MPV-C
VAC1230,"Meningococcal C and anti-Haemophilus influenzae type b vaccine, conjugated with tetanus toxoid, unspecified",Conjugate vaccine against Haemophilus influenzae type b (conjugated with tetanus toxoid) and against meningococci serogroup C (conjugated with tetanus toxoid),abstract,,PRP-T|MCV-C-T
VAC1231,"Diphtheria (standard dose), tetanus, pertussis (acellular, standard dose), hepatitis B and Haemophilus influenzae type b (tetanus toxoid conjugate) vaccine, pediatric","Diphtheria (standard dose), tetanus, pertussis (acellular, standard dose), hepatitis B and Haemophilus influenzae type b (tetanus toxoid conjugate) vaccine, pediatric (10μg)",abstract,,aP|T|D|rHBsAg-10|PRP-T
VAC1232,"Pertussis acellular vaccine, reduced dose, unspecified","Pertussis acellular vaccine, reduced dose, unspecified",abstract,,ap
VAC1233,"10-walentna skoniugowana szczepionka przeciw pneumokokom, nieokreślona","Pneumococcus 10-valent polysaccharide conjugate vaccine, serotypes 1, 4, 5, 6B, 7F, 9V, 14, 18C, 19F and 23F",abstract,,PCV-01|PCV-04|PCV-05|PCV-06B|PCV-07F|PCV-09V|PCV-14|PCV-18C|PCV-19F|PCV-23F
VAC1234,"Pneumococcal 15-valent unconjugated polysaccharide vaccine, serotypes 1, 2, 3, 4, 6B, 7F, 8, 9N, 11A, 12F, 14, 15F, 18C, 19F and 23F","Pneumococcal 15-valent unconjugated polysaccharide vaccine, serotypes 1, 2, 3, 4, 6B, 7F, 8, 9N, 11A, 12F, 14, 15F, 18C, 19F and 23F",abstract,,PPSV-01|PPSV-02|PPSV-03|PPSV-04|PPSV-06B|PPSV-07F|PPSV-08|PPSV-09N|PPSV-11A|PPSV-12F|PPSV-14|PPSV-15F|PPSV-18C|PPSV-19F|PPSV-23F
VAC1235,"Rotavirus RIX4414 monovalent vaccine, unspecified","Rotavirus RIX4414 monovalent vaccine, unspecified",abstract,,Rota-mv-RIX4414
VAC1236,"COVID-19 protein subunit vaccine, recombinant spike protein in nanoparticles, Omicron subvariant XBB.1.5, unspecified","COVID-19 spike protein subunit vaccine, recombinant spike protein in nanoparticles, Omicron subvariant XBB.1.5",abstract,,COVID-PS-rSnp-XBB
VAC1237,Malaria vaccine pre-erythrocytic R21/Matrix-M,Malaria vaccine pre-erythrocytic R21/Matrix-M,abstract,,R21/Matrix-M
VAC1238,"Hepatitis B and malaria (sporozoite surface protein) vaccine, unspecified","Hepatitis B and malaria (sporozoite surface protein) vaccine, unspecified",abstract,,Mala-SPO|rHBsAg-10
VAC1239,"15-walentna skoniugowana szczepionka przeciw pneumokokom, nieokreślona","Pneumococcal 15-valent polysaccharide conjugate vaccine, adsorbed, serotypes 1, 3, 4, 5, 6A, 6B, 7F, 9V, 14, 18C, 19A, 19F, 22F, 23F and 33F",abstract,,PCV-01|PCV-03|PCV-04|PCV-05|PCV-06A|PCV-06B|PCV-07F|PCV-09V|PCV-14|PCV-18C|PCV-19A|PCV-19F|PCV-22F|PCV-23F|PCV-33F
VAC1240,"Meningococcal B vaccine, 4-component, unspecified","Meningococcal B vaccine, 4-component, unspecified",abstract,,4CMenB
VAC1241,"Shingles vaccine, varicella-zoster virus (VZV) surface glycoprotein E (gE), unspecified","Shingles vaccine, varicella-zoster virus (VZV) surface glycoprotein E (gE), unspecified",abstract,,Shingles-gE
VAC1242,"COVID-19 mRNA vaccine encoding the SARS-CoV-2 spike protein, Omicron XBB.1.5 variant, 25 micrograms","COVID-19 mRNA vaccine encoding the SARS-CoV-2 spike protein, Omicron XBB.1.5 variant, 25 micrograms",abstract,,COVID-mRNA-S-OMI-XBB.1.5-25
VAC1243,"COVID-19 mRNA vaccine encoding the SARS-CoV-2 spike protein, Omicron XBB.1.5 variant, 50 micrograms","COVID-19 mRNA vaccine encoding the SARS-CoV-2 spike protein, Omicron XBB.1.5 variant, 50 micrograms",abstract,,Covid-ARNm-S-OMI-XBB.1.5-50
VAC1244,"COVID-19 mRNA vaccine encoding the SARS-CoV-2 spike protein, Omicron XBB.1.5 variant, 30 micrograms","COVID-19 mRNA vaccine encoding the SARS-CoV-2 spike protein, Omicron XBB.1.5 variant, 30 micrograms",abstract,,COVID-mRNA-S-OMI-XBB.1.5-30
VAC1245,"Meningococcal vaccine against serogroups A, C, W and Y (polysaccharide conjugated to tetanus toxoid), and against serogroup B (recombinant)","Meningococcal vaccine against serogroups A, C, W and Y (polysaccharide conjugated to tetanus toxoid), and against serogroup B (recombinant)",abstract,,MenB-fHbpAB|MCV-C-T|MCV-A-T|MCV-W-T|MCV-Y-T
VAC1246,MCOMBRIAX,Combined influenza/Covid 19 mRNA vaccine in clinical trial,real,VAC1248,
VAC1247,"Hepatitis A vaccine, unspecified","Hepatitis A vaccine, unspecified",abstract,,HepA
VAC1248,"Influenza/Covid 19 mRNA vaccine, unspecified","Combined influenza and Covid 19 mRNA vaccine, unspecified",abstract,,COVID-RNA|INF-RNA
VAC1249,"Influenza vaccine, trivalent inactivated, split or subunit, intradermal route, unspecified","Influenza vaccine, trivalent inactivated, split or subunit, intradermal route, unspecified",abstract,,INF-ESUid3
VAC1250,EUVICHOL-S,"Cholera vaccine, oral, containing formalin-inactivated whole V. cholerae O1 bacteria",real,VAC1537,
VAC1251,EUVICHOL-PLUS,"Cholera vaccine, oral, bivalent consisting of killed whole cells of Vibrio cholerae O1 (classical and El Tor) and O139",real,VAC1257,
VAC1252,JE-CV,"Live attenuated Japanese encephalitis vaccine, recombinant chimeric",real,VAC1193,
VAC1253,CHIMERIVAX-JE,"Live attenuated Japanese encephalitis vaccine, recombinant chimeric",real,VAC1193,
VAC1254,CAPVAXIVE,"Pneumococcal polysaccharide conjugate vaccine, 21-valent, adsorbed, serotypes 3, 6A, 7F, 8, 9N, 10A, 11A, 12F, 15A, 15B, 15C, 16F, 17F, 19A, 20A, 22F, 23A, 23B, 24F, 31, 33F, 35B",real,VAC1280,
VAC1255,HEXASIIL,"Diphtheria toxoid (standard dose), tetanus toxoid, pertussis (whole cell), Haemophilus influenzae type b (conjugated to tetanus toxoid), inactivated polio (trivalent) and hepatitis B (recombinant) pediatric vaccine, adsorbed",real,VAC1256,
VAC1256,"Diphtheria (standard dose), tetanus, pertussis (whole cell), Haemophilus influenzae type b (conjugated to tetanus toxoid), inactivated polio (trivalent) and hepatitis B (recombinant) pediatric vaccine, adsorbed","Diphtheria (standard dose), tetanus, pertussis (whole cell), Haemophilus influenzae type b (conjugated to tetanus toxoid), inactivated polio (trivalent) and hepatitis B (recombinant) pediatric vaccine, adsorbed",abstract,,wP|POLIO-I|T|D|PRP-T|rHBsAg-15
VAC1257,"Cholera vaccine, whole inactivated oral, bivalent containing the whole inactivated V. cholerae O1 and O139 bacteria, unspecified","Cholera vaccine, oral, bivalent consisting of killed whole cells of Vibrio cholerae O1 (classical and El Tor) and O139",abstract,,CHOL-I-O1-O|CHOL-I-O139-O
VAC1258,COMIRNATY JN.1 30 µg,"COVID-19 mRNA vaccine, subvariant Omicron JN.1, 30 micrograms, adult dose (+ 12 years)",real,VAC1411,
VAC1259,COMIRNATY JN.1 10 µg CHILDREN (5-11 YEARS),"COVID-19 mRNA vaccine, subvariant Omicron JN.1, 10 micrograms, paediatric dose (5-11 years)",real,VAC1412,
VAC1260,COMIRNATY JN.1 3 µg CHILDREN (6 MONTHS-4 YEARS),"COVID-19 mRNA vaccine, subvariant Omicron JN.1, 3 micrograms, dose (6 months-4 years)",real,VAC1413,
VAC1261,NUVAXOVID JN.1,"COVID-19 vaccine, protein subunit, recombinant spike protein nanoparticles, with adjuvant (Matrix M), Omicron JN.1 subvariant",real,VAC1414,
VAC1262,MRESVIA,Single-stranded 5' capped mRNA encoding the Respiratory syncytial virus glycoprotein F stabilized in the prefusion conformation,real,VAC1420,
VAC1263,"Zatwierdzona szczepionka mRNA covid, kodująca białko kolczaste SARS-COV-2","COVID-19 mRNA vaccine encoding the SARS-COV-2 spike protein, authorized",abstract,,COVID-mRNA-S
VAC1264,"A(H5) avian influenza vaccine, unspecified","Avian influenza A(H5) vaccine, unspecified",abstract,,AH5
VAC1265,CLODIVAC,Diphtheria toxoid (low dose) and tetanus toxoid vaccine,real,VAC0920,
VAC1266,PENMENVY,"Meningococcal broad-spectrum vaccine against serogroups A, B, C, W and Y",real,VAC1539,
VAC1267,VIMKUNYA,"Chikungunya VLP vaccine (recombinant, adsorbed)",real,VAC1419,
VAC1268,SPIKEVAX JN.1 50 µg,"COVID-19 mRNA vaccine, subvariant Omicron JN.1, 50 microgram dose",real,VAC1409,
VAC1269,"SPIKEVAX JN.1 0,1 mg/mL dose 25 µg","COVID-19 mRNA vaccine, subvariant Omicron JN.1, 25 micrograms per dose, multidose vial",real,VAC1410,
VAC1270,"SPIKEVAX JN.1 0,1 mg/mL dose 50 µg","COVID-19 mRNA vaccine, subvariant Omicron JN.1, 50 micrograms per dose, multidose vial",real,VAC1409,
VAC1271,TYT BIOMED,"Typhoid and tetanus vaccine, injectable suspension",real,VAC1540,
VAC1272,PSEUDOVAC,Polyvalent vaccine against  pus bacterium Pseudomonas aeruginosa,real,VAC1415,
VAC1273,DT BIOMED,"Paediatric diphtheria vaccine (toxoid, standard dose) and tetanus vaccine (toxoid), adsorbed suspension for injection",real,VAC0137,
VAC1274,d BIOMED,Diphtheria toxoid vaccine (reduced dose),real,VAC1172,
VAC1275,D BIOMED,Diphtheria toxoid (standard dose) pediatric vaccine,real,VAC1165,
VAC1276,DTP BIOMED,"Diphtheria toxoid (standard dose), tetanus toxoid and pertussis (whole-cell inactivated) pediatric vaccine",real,VAC0136,
VAC1277,"Szczepionka przeciwko chikungunya, nieokreślona","Chikungunya vaccine, unspecified",abstract,,CHIK
VAC1278,WALRINVAX,Bivalent recombinant vaccine against human papillomavirus (types 16 and 18) (Pichia pastoris),real,VAC1426,
VAC1279,"Anthrax vaccine, adjuvanted adsorbed","Anthrax vaccine, adjuvanted adsorbed",abstract,,BantAdj
VAC1280,"Pneumococcal conjugate vaccine, 21-valent, adsorbed, serotypes 3, 6A, 7F, 8, 9N, 10A, 11A, 12F, 15A, 15B, 15C, 16F, 17F, 19A, 20A, 22F, 23A, 23B, 24F, 31, 33F, 35B","Pneumococcal conjugate vaccine, 21-valent, adsorbed, serotypes 3, 6A, 7F, 8, 9N, 10A, 11A, 12F, 15A, 15B, 15C, 16F, 17F, 19A, 20A, 22F, 23A, 23B, 24F, 31, 33F, 35B",abstract,,PCV-03|PCV-06A|PCV-07F|PCV-08|PCV-10A|PCV-11A|PCV-12F|PCV-15B|PCV-19A|PCV-22F|PCV-33F|PCV-9N|PCV-17F|PCV-15A|PCV-15C|PCV-16F|PCV-20A|PCV-23A|PCV-23B|PCV-24F|PCV-31|PCV-35B
VAC1281,PENTABIO,"Vaccin pédiatrique diphtérique (anatoxine, dose standard), tétanique (anatoxine), coquelucheux (entier, dose standard), hépatite B et anti-Haemophilus influenzae type b (conjugué à l'anatoxine tétanique)",real,VAC1181,
VAC1282,FLUBIO INFLUENZA HA,Inactivated trivalent seasonal influenza vaccine with surface antigen,real,VAC0925,
VAC1283,INDOVAC,"COVID-19 protein subunit vaccine, recombinant spike protein, intramuscular route",real,VAC1138,
VAC1284,NUSAGARD,"Human Papillomavirus vaccine, quadrivalent (types 6, 11, 16, and 18), recombinant",real,VAC0859,
VAC1285,NOPV2,"Polio vaccine (live attenuated, monovalent) against polioviruses type 2, oral",real,VAC0852,
VAC1286,VAKSIN COVID-19 BIO FARMA,"COVID-19 vaccine, protein subunit, recombinant spike protein (RBD domain), administered intramuscularly.",real,VAC1138,
VAC1287,VAKSIN HEPATITIS B BIO FARMA,"Hepatitis B vaccine, recombinant hepatitis B surface antigen (HBsAg), unspecified",real,VAC0101,
VAC1288,VAKSIN POLIOMYELITIS BIO FARMA,"Polio vaccine (whole inactivated, trivalent)",real,VAC0270,
VAC1289,VAKSIN POLIOMYELITIS BIVALEN BIO FARMA,"Polio vaccine (live attenuated, bivalent) against poliovirus types 1 and 3, oral",real,VAC0600,
VAC1290,MOPV1 BIO FARMA,"Polio vaccine (live attenuated, monovalent) against poliovirus 1, orally",real,VAC0853,
VAC1291,MOPV2 BIO FARMA,"Polio vaccine (live attenuated, monovalent) against poliovirus 2, orally",real,VAC0852,
VAC1292,BIO-TCV,"Typhoid vaccine, Vi antigen conjugated to tetanus toxoid",real,VAC0711,
VAC1293,VAKSIN BCG KERING,Live attenuated tuberculosis vaccine,real,VAC0134,
VAC1294,BIO-TD,"Diphtheria vaccine (toxoid, reduced dose) and tetanus vaccine (toxoid)",real,VAC0920,
VAC1295,DT BIO FARMA,"Paediatric diphtheria vaccine (toxoid, standard dose) and tetanus vaccine (toxoid)",real,VAC0137,
VAC1296,DTP BIO FARMA,"Paediatric diphtheria vaccine (toxoid, standard dose), tetanus vaccine (toxoid) and pertussis vaccine (whole inactivated)",real,VAC0136,
VAC1297,TT BIO FARMA,Tetanus vaccine (toxoid),real,VAC0132,
VAC1298,BETT,Tetanus vaccine (toxoid),real,VAC0132,
VAC1299,BEVAC 10 µg,"Recombinant hepatitis B vaccine, pediatric dose",real,VAC0914,
VAC1300,BEVAC 20 µg,"Recombinant hepatitis B vaccine, adult dose",real,VAC0915,
VAC1301,BE Td,"Diphtheria vaccine (toxoid, reduced dose) and tetanus vaccine (toxoid)",real,VAC0920,
VAC1302,COMBE FIVE,"Paediatric vaccine for diphtheria (toxoid, standard dose), tetanus (toxoid), whooping cough (whole, standard dose), hepatitis B and Haemophilus influenzae type b (conjugated with tetanus toxoid).",real,VAC1181,
VAC1303,TRIPVAC,Lyme disease vaccine using a recombinant protein derived from OspA (Outer Surface Protein A) of six serotypes of Borrelia burgdorferi,real,VAC1180,
VAC1304,BERAB,"Whole virion inactivated rabies vaccine, cultured on Vero cells",real,VAC1116,
VAC1305,MRBEV,Live attenuated measles and rubella vaccine,real,VAC0550,
VAC1306,TYPHIBEV,"Typhoid vaccine, Vi antigen conjugated to CRM197 protein",real,VAC1425,
VAC1307,JEEV 6 µg,"Whole inactivated Japanese encephalitis vaccine, prepared in Vero cells, 6 micrograms",real,VAC1427,
VAC1308,DT BIOLOGICAL E LTD,"Paediatric diphtheria vaccine (toxoid, standard dose) and tetanus vaccine (toxoid)",real,VAC0137,
VAC1309,NOVEL ORAL (nOPV) TYPE 2 BIOLOGICAL E. LTD,"Polio vaccine (live attenuated, monovalent) against polioviruses type 2, oral",real,VAC0852,
VAC1310,SII TD-VAC,"Diphtheria vaccine (toxoid, reduced dose) and tetanus vaccine (toxoid)",real,VAC0920,
VAC1311,"Meningococcal ACWXY conjugate vaccine, unspecified","Quadrivalent meningococcal polysaccharide conjugate vaccine, serogroups A, C, W, X and Y",abstract,,MCV-A|MCV-C|MCV-Y|MCV-W|MCV-X
VAC1312,TT SII,Tetanus vaccine (toxoid),real,VAC0132,
VAC1313,BCG SII,Live attenuated tuberculosis vaccine,real,VAC0134,
VAC1314,MEASLES SII,Live attenuated measles vaccine,real,VAC0114,
VAC1315,MUMPS SII,Live attenuated mumps vaccine,real,VAC0153,
VAC1316,RUBELLA SII,Live attenuated rubella vaccine,real,VAC0113,
VAC1317,CERVAVAC,"Human Papillomavirus vaccine, quadrivalent (types 6, 11, 16, and 18), recombinant",real,VAC0859,
VAC1318,"DIPHTHERIA, TETANUS, PERTUSSIS AND HEPATITIS B SII","Diphtheria toxoid (standard dose), tetanus toxoid, pertussis (whole-cell inactivated) and hepatitis B (recombinant) pediatric vaccine",real,VAC1208,
VAC1319,"DIPHTERIA, TETANUS, PERTUSSIS AND HAEMOPHILUS INFLUENZAE B SII","Diphtheria toxoid (standard dose), tetanus toxoid, pertussis (whole-cell inactivated) and Haemophilus influenzae type b (conjugated to diphtheria toxoid) pediatric vaccine",real,VAC1161,
VAC1320,"DIPHTHERIA, TETANUS, PERTUSSIS, HEPATITIS B AND HAEMOPHILUS INFLUENZAE B SII","Paediatric vaccine for diphtheria (toxoid, standard dose), tetanus (toxoid), whooping cough (whole, standard dose), hepatitis B and Haemophilus influenzae type b (conjugated with tetanus toxoid).",real,VAC1181,
VAC1321,HAEMOPHILUS INFLUENZAE B SII,"Haemophilus influenzae type b vaccine, capsular polysaccharide (polyribosylribitol phosphate, PRP) conjugated to tetanus toxoid",real,VAC0345,
VAC1322,PNEUMOSIL,"Pneumococcal polysaccharide conjugate vaccine, 10-valent, serotypes 1, 5, 6A, 6B, 7F, 9V, 14, 19A, 19F and 23F",real,VAC1424,
VAC1323,MENFIVE,"Quadrivalent meningococcal polysaccharide conjugate vaccine, serogroups A, C, W, X and Y",real,VAC1311,
VAC1324,NASOVAC-S,Live attenuated influenza A(H1N1)pdm09 pandemic vaccine,real,VAC1423,
VAC1325,GENEVAC-B 10 µg,"Recombinant hepatitis B vaccine with thiomersal, pediatric dose",real,VAC0914,
VAC1326,GENEVAC-B 20 µg,"Recombinant hepatitis B vaccine with thiomersal, adult dose",real,VAC0915,
VAC1327,HEPATITIS B SII,"Recombinant hepatitis B vaccine without thiomersal, adult and paediatric dose",real,VAC0101,
VAC1328,TUBERVAC,"Tuberculosis vaccine, live attenuated",real,VAC0134,
VAC1329,FLU-M,"Trivalent inactivated seasonal influenza vaccine, split virion",real,VAC0925,
VAC1330,FLU-M TETRA,"Quadrivalent inactivated seasonal influenza vaccine, split virion",real,VAC0938,
VAC1331,CELLDEMIC,Influenza A(H5N1) vaccine (split virion),real,VAC0084,
VAC1332,COMIRNATY KP.2 3 µg CHILDREN (6 MONTHS-4 YEARS),"COVID-19 mRNA vaccine, subvariant Omicron KP.2, 3 micrograms, paediatric dose (6 months-4 years)",real,VAC1416,
VAC1333,COMIRNATY KP.2 10 µg CHILDREN (5-11 YEARS),"COVID-19 mRNA vaccine, subvariant Omicron KP.2, 10 micrograms, paediatric dose (5-11 years)",real,VAC1417,
VAC1334,COMIRNATY KP.2 30 µg ADULT (+ 12 YEARS),"COVID-19 mRNA vaccine, subvariant Omicron KP.2, 30 micrograms, adult (+ 12 years)",real,VAC1418,
VAC1335,INCELLIPAN,Influenza A(H5N1) vaccine (split virion),real,VAC0084,
VAC1336,KOSTAIVE,"COVID-19 vaccine, mRNA encoding the SARS-CoV-2 spike protein, original virus",real,VAC1421,
VAC1337,CONVACELL,"COVID-19 protein subunit vaccine, recombinant N protein",real,VAC1422,
VAC1338,ZOONOTIC,"Influenza A(H5N1) vaccine (fragmented virion, inactivated, adjuvanted)",real,VAC0084,
VAC1339,BIMERVAX XBB.1.16,"COVID-19 vaccine, protein subunit, recombinant homodimeric RBD protein, Omicron variant XBB.1.16, with adjuvant (SQBA)",real,VAC1428,
VAC1340,"SPIKEVAX BA.1 0,1 mg/mL dose 50 µg","COVID-19 Bivalent mRNA vaccine, original virus + Omicron BA.1 variant, 50 micrograms per dose, multidose vial",real,VAC1536,
VAC1341,"SPIKEVAX BA.4-5 0,1 mg/mL dose 50 µg","COVID-19 mRNA vaccine encoding the SARS-CoV-2 spike protein, Omicron XBB.1.5 variant, unspecified dose",abstract,,COVID-mRNA-S-OMI-XBB.1.5
VAC1342,IPVAX,Inactivated polio (trivalent) vaccine,real,VAC0270,
VAC1343,BORYUNG CELL CULTURE-DERIVED JAPANESE ENCEPHALITIS VACCINE,"Whole inactivated Japanese encephalitis vaccine, prepared in Vero cells, 6 micrograms",real,VAC1427,
VAC1344,BORYUNG JAPANESE ENCEPHALITIS VACCINE,"Whole inactivated Japanese encephalitis vaccine, prepared in murine brain tissue, Nakayama strain, injectable",real,VAC1196,
VAC1345,ZEROTYPH,Polysaccharide typhoid vaccine (Vi capsular antigen),real,VAC0713,
VAC1346,FLU QUADRIVALENT MCV,"Quadrivalent inactivated seasonal influenza vaccine, split virion",real,VAC0938,
VAC1347,EFLUELDA,"High-dose, trivalent inactivated seasonal influenza vaccine, split-virion",real,VAC1171,
VAC1348,TETANA,Tetanus toxoid vaccine,real,VAC0132,
VAC1349,TY BIOMED,Whole-cell inactivated typhoid vaccine,real,VAC0817,
VAC1350,T SIS BIOMED,Tetanus toxoid vaccine,real,VAC0132,
VAC1351,TETANA PRO,Tetanus toxoid vaccine,real,VAC0132,
VAC1352,TERATECT,"Quadrivalent inactivated seasonal influenza vaccine, split virion",real,VAC0938,
VAC1353,IL-YANG FLU VACCINE,"Trivalent inactivated seasonal influenza vaccine, split virion",real,VAC0925,
VAC1354,EUFORVAC,"Vaccin pédiatrique diphtérique (anatoxine, dose standard), tétanique (anatoxine), coquelucheux (entier, dose standard), hépatite B et anti-Haemophilus influenzae type b (conjugué à l'anatoxine tétanique)",real,VAC1181,
VAC1355,EUPENTA,"Vaccin pédiatrique diphtérique (anatoxine, dose standard), tétanique (anatoxine), coquelucheux (entier, dose standard), hépatite B et anti-Haemophilus influenzae type b (conjugué à l'anatoxine tétanique)",real,VAC1181,
VAC1356,EUVAX B 10 µg,"Recombinant hepatitis B vaccine, paediatric dose",real,VAC0914,
VAC1357,EUPOLIO,Inactivated polio (trivalent) vaccine,real,VAC0270,
VAC1358,SKYCELLFLU QUADRIVALENT,"Quadrivalent inactivated seasonal influenza vaccine, cell-based",real,VAC1200,
VAC1359,SKYCELLFLU TRIVALENT,"Trivalent inactivated seasonal influenza vaccine, produced in cell culture",real,VAC1175,
VAC1360,HEPAMUNE B 10 µg,"Recombinant hepatitis B vaccine, pediatric dose",real,VAC0914,
VAC1361,HEPAMUNE B 20 µg,"Recombinant hepatitis B vaccine, adult dose",real,VAC0915,
VAC1362,SK TD,"Diphtheria vaccine (toxoid, reduced dose) and tetanus vaccine (toxoid)",real,VAC0920,
VAC1363,HEPAVAX-GENE B 10 µg,"Recombinant hepatitis B vaccine, pediatric dose",real,VAC0914,
VAC1364,BIOHIB,Haemophilus influenzae type b conjugate vaccine composed of PRP (polyribosylribitol phosphate) conjugated to tetanus toxoid,real,VAC0345,
VAC1365,COMVAC5,"Paediatric vaccine for diphtheria (toxoid, standard dose), tetanus (toxoid), whooping cough (whole, standard dose), hepatitis B and Haemophilus influenzae type b (conjugated with tetanus toxoid).",real,VAC1181,
VAC1366,HILLCHOL,"Cholera vaccine, oral, containing formalin-inactivated whole V. cholerae O1 bacteria",real,VAC1537,
VAC1367,HNVAC,"Pandemic influenza A(H1N1)pdm09 vaccine, inactivated",real,VAC0147,
VAC1368,INCOVACC,"COVID-19 vaccine, non-replicating chimpanzee adenoviral vector ChAdOx1 encoding the SARS-CoV-2 spike protein",real,VAC1170,
VAC1369,INDIRAB,"Whole virion inactivated rabies vaccine, cultured on Vero cells",real,VAC1116,
VAC1370,JENVAC,"Whole inactivated Japanese encephalitis vaccine, prepared in Vero cells",real,VAC1111,
VAC1371,REVAC-B MCF,"Recombinant hepatitis B vaccine, pediatric dose",real,VAC0914,
VAC1372,ROTAVAC,Rotavirus vaccine,real,VAC0158,
VAC1373,ROTAVAC 5D,Rotavirus vaccine,real,VAC0158,
VAC1374,TYPBAR-TCV,"Typhoid conjugate vaccine, Vi polysaccharide linked to tetanus toxoid protein",real,VAC0711,
VAC1375,TWINRAB,"Rabies immunoglobulin, unspecified",real,VAC0502,
VAC1376,ZYCOV-D,COVID-19 plasmid DNA vaccine,real,VAC1128,
VAC1377,VAXIFLU-4,"Influenza quadrivalent inactivated vaccine, split or subunit, unspecified",real,VAC1541,
VAC1378,VACTYPH,Polysaccharide typhoid vaccine (Vi capsular antigen),real,VAC0713,
VAC1379,ZYVAC MMR,"Live attenuated measles, mumps and rubella vaccine",real,VAC0130,
VAC1380,ZYVAC TCV,"Typhoid conjugate vaccine, Vi polysaccharide linked to tetanus toxoid protein",real,VAC0711,
VAC1381,MEASLES AND RUBELLA VACCINE ZYDUS,Live attenuated measles and rubella vaccine,real,VAC0623,
VAC1382,SKYTYPHOID,"Typhoid conjugate vaccine, Vi polysaccharide capsular antigen linked to a carrier protein (diphtheria toxin)",real,VAC1542,
VAC1383,CYVAC,"Malaria vaccine sporozoite surface protein, unspecified",real,VAC1543,
VAC1384,BARYCELA,Live attenuated chickenpox vaccine,real,VAC0159,
VAC1385,GC FLU QUADRIVALENT,"Quadrivalent inactivated seasonal influenza vaccine, split or subunit, unspecified",real,VAC1541,
VAC1386,GCFLU,"Quadrivalent inactivated seasonal influenza vaccine, pediatric dose",real,VAC0929,
VAC1387,SINSAVAC,Live attenuated yellow fever vaccine,real,VAC0111,
VAC1388,BIVAC POLIO,"Polio vaccine (live attenuated, bivalent) against poliovirus types 1 and 3, oral",real,VAC0600,
VAC1389,INLIVE,Whole inactivated enterovirus A71 vaccine,real,VAC1118,
VAC1390,HEALIVE,Inactivated hepatitis A vaccine,real,VAC0102,
VAC1391,BILIVE,"Combined hepatitis A and B vaccine, adult dose",real,VAC0654,
VAC1392,23-VALENT SINOVAC,"Unconjugated pneumococcal polysaccharide vaccine, 23-valent, serotypes 1, 2, 3, 4, 5, 6B, 7F, 8, 9N, 9V, 10A, 11A, 12F, 14, 15B, 17F, 18C, 19A, 19F, 20, 22F, 23F and 33F",real,VAC0339,
VAC1393,PROVARIX,Live attenuated chickenpox vaccine,real,VAC0159,
VAC1394,POLIO SINOVAC VACCINE,Inactivated polio (trivalent) vaccine,real,VAC0270,
VAC1395,MUMPS SINOVAC VACCINE,Live attenuated mumps vaccine,real,VAC0153,
VAC1396,ANFLU,"Trivalent inactivated seasonal influenza vaccine, split virion",real,VAC0925,
VAC1397,PANFLU,"Influenza A(H5N1) vaccine (fragmented virion, inactivated, adjuvanted)",real,VAC0084,
VAC1398,PANFLU.1,"Pandemic influenza A(H1N1)pdm09 vaccine, inactivated",real,VAC0147,
VAC1399,TERTRANFLU,"Quadrivalent inactivated seasonal influenza vaccine, split virion",real,VAC0938,
VAC1400,SHANIPV,Inactivated polio (trivalent) vaccine,real,VAC0270,
VAC1401,9-VALENT HPV VACCINE INNOVAX,"Human Papillomavirus vaccine, nonavalent (types 6, 11, 16, 18, 31, 33, 45, 52, and 58), recombinant",real,VAC0860,
VAC1402,EASYSIX,"Diphtheria toxoid (standard dose), tetanus toxoid, pertussis (whole cell), Haemophilus influenzae type b (conjugated to tetanus toxoid), inactivated polio (trivalent) and hepatitis B (recombinant) pediatric vaccine, adsorbed",real,VAC1547,
VAC1403,EASYFIVE-TT,"Vaccin pédiatrique diphtérique (anatoxine, dose standard), tétanique (anatoxine), coquelucheux (entier, dose standard), hépatite B et anti-Haemophilus influenzae type b (conjugué à l'anatoxine tétanique)",real,VAC1181,
VAC1404,EASYFOUR-TT,"Diphtheria toxoid (standard dose), tetanus toxoid, pertussis (whole-cell inactivated) and Haemophilus influenzae type b (conjugated to diphtheria toxoid) pediatric vaccine",real,VAC1161,
VAC1405,EASYFOURPOL,"Diphtheria toxoid (standard dose), tetanus toxoid, pertussis (multicomponent acellular, standard dose), Haemophilus influenzae type b (conjugated to tetanus toxoid) and inactivated polio (trivalent) pediatric vaccine, adsorbed",real,VAC1126,
VAC1406,SPUTNIK V,"COVID-19 vaccine, non-replicating adenoviral 6 vector encoding the SARS-CoV-2 spike protein",real,VAC1143,
VAC1407,NOVOHIB,Haemophilus influenzae type b conjugate vaccine composed of PRP (polyribosylribitol phosphate) conjugated to tetanus toxoid,real,VAC0345,
VAC1408,ENIVACHB,"Recombinant hepatitis B vaccine, pediatric dose",real,VAC0914,
VAC1409,"COVID-19 mRNA vaccine, Omicron JN.1 subvariant, 50 micrograms per dose, multidose vial","COVID-19 mRNA vaccine, Omicron JN.1 subvariant, 50 micrograms per dose, multidose vial",abstract,,Covid-ARNm-S-OMI-JN.1-50
VAC1410,"COVID-19 mRNA vaccine, Omicron JN.1 subvariant, 25 micrograms per dose, multidose vial","COVID-19 mRNA vaccine, Omicron JN.1 subvariant, 25 micrograms per dose, multidose vial",abstract,,Covid-ARNm-S-OMI-JN.1-25
VAC1411,"COVID-19 mRNA vaccine, subvariant Omicron JN.1, 30 micrograms, adult dose (+ 12 years)","COVID-19 mRNA vaccine, subvariant Omicron JN.1, 30 micrograms, adult dose (+ 12 years)",abstract,,COVID-mRNA-S-OMI-JN.1-30
VAC1412,"COVID-19 mRNA vaccine, subvariant Omicron JN.1, 10 micrograms, paediatric dose (5-11 years)","COVID-19 mRNA vaccine, subvariant Omicron JN.1, 10 micrograms, paediatric dose (5-11 years)",abstract,,COVID-mRNA-S-OMI-JN.1-10
VAC1413,"COVID-19 mRNA vaccine, subvariant Omicron JN.1, 3 micrograms, dose (6 months-4 years)","COVID-19 mRNA vaccine, subvariant Omicron JN.1, 3 micrograms, dose (6 months-4 years)",abstract,,COVID-mRNA-S-OMI-JN.1-3
VAC1414,"COVID-19 vaccine, protein subunit, recombinant spike protein nanoparticles, with adjuvant (Matrix M), Omicron JN.1 subvariant","COVID-19 vaccine, protein subunit, recombinant spike protein nanoparticles, with adjuvant (Matrix M), Omicron JN.1 subvariant",abstract,,COVID-PS-rSnp-JN.1
VAC1415,Pseudomonas aeruginosa (a pus-forming bacterium) vaccine,Pseudomonas aeruginosa (a pus-forming bacterium) vaccine,abstract,,PAER7
VAC1416,"COVID-19 mRNA vaccine, subvariant Omicron KP.2, 3 micrograms, paediatric dose (6 months-4 years)","COVID-19 mRNA vaccine, subvariant Omicron KP.2, 3 micrograms, paediatric dose (6 months-4 years)",abstract,,COVID-mRNA-S-OMI-KP.2-3
VAC1417,"COVID-19 mRNA vaccine, subvariant Omicron KP.2, 10 micrograms, paediatric dose (5-11 years)","COVID-19 mRNA vaccine, subvariant Omicron KP.2, 10 micrograms, paediatric dose (5-11 years)",abstract,,COVID-mRNA-S-OMI-KP.2-10
VAC1418,"COVID-19 mRNA vaccine, subvariant Omicron KP.2, 30 micrograms, adult (+ 12 years)","COVID-19 mRNA vaccine, subvariant Omicron KP.2, 30 micrograms, adult (+ 12 years)",abstract,,COVID-mRNA-S-OMI-KP.2-30
VAC1419,"Chikungunya VLP vaccine (recombinant, adsorbed)","Chikungunya VLP vaccine (recombinant, adsorbed)",abstract,,Chik-VLP
VAC1420,"Respiratory syncytial virus glycoprotein F, stabilized in the prefusion conformation, encoded by a single-stranded 5' capped mRNA","Respiratory syncytial virus glycoprotein F, stabilized in the prefusion conformation, encoded by a single-stranded 5' capped mRNA",abstract,,mRSV
VAC1421,"COVID-19 vaccine, mRNA encoding the SARS-CoV-2 spike protein, original virus","COVID-19 vaccine, mRNA encoding the SARS-CoV-2 spike protein, original virus",abstract,,COVID-mRNA-S-ORI
VAC1422,"COVID-19 protein subunit vaccine, recombinant N protein","COVID-19 protein subunit vaccine, recombinant N protein",abstract,,COVID-PS-rN
VAC1423,"Influenza vaccine A(H1N1)pdm09 pandemic, live attenuated","Influenza vaccine A(H1N1)pdm09 pandemic, live attenuated",abstract,,INF-pdm09-V
VAC1424,"Pneumococcal 10-valent polysaccharide conjugate vaccine, serotypes 1, 5, 6A, 6B, 7F, 9V, 14, 19A, 19F and 23F","Pneumococcal 10-valent polysaccharide conjugate vaccine, serotypes 1, 5, 6A, 6B, 7F, 9V, 14, 19A, 19F and 23F",abstract,,PCV-01|PCV-05|PCV-06A|PCV-06B|PCV-07F|PCV-09V|PCV-14|PCV-19A|PCV-19F|PCV-23F
VAC1425,"Typhoid vaccine, Vi antigen conjugated to CRM197 protein","Typhoid vaccine, Vi antigen conjugated to CRM197 protein",abstract,,Ty-ViC-CRM
VAC1426,"Human papillomavirus vaccine, bivalent recombinant (types 16 and 18) (Pichia pastoris)","Human papillomavirus vaccine, bivalent recombinant (types 16 and 18) (Pichia pastoris)",abstract,,HVP-16|HVP-18
VAC1427,"Japanese encephalitis vaccine, whole inactivated, prepared in Vero cells, 6 micrograms","Japanese encephalitis vaccine, whole inactivated, prepared in Vero cells, 6 micrograms",abstract,,EJ-I-Vero-6
VAC1428,"COVID-19 vaccine, protein subunit, recombinant homodimeric RBD protein, Omicron variant XBB.1.16, with adjuvant (SQBA)","COVID-19 vaccine, protein subunit, recombinant homodimeric RBD protein, Omicron variant XBB.1.16, with adjuvant (SQBA)",abstract,,Covid-SP-rRBD-XBB.1.16
VAC1429,TETANEA,Anti-tetanus immunoglobulin,real,VAC0497,
VAC1430,"COVID-19 bivalent mRNA vaccine against the original virus and the Omicron BA.4/5 variant, 50 micrograms, unspecified","COVID-19 bivalent mRNA vaccine against the original virus and the Omicron BA.4/5 variant, 50 micrograms, unspecified",abstract,,Covid-mRNA-S-50|COVID-mRNA-S-OMI-BA.4/5-50
VAC1431,"RSV vaccine, unspecified","RSV vaccine, unspecified",abstract,,RSV-V
VAC1432,"Argentine hemorrhagic fever vaccine, Junin virus, unspecified","Argentine hemorrhagic fever vaccine, Junin virus, unspecified",abstract,,Junin
VAC1433,"Plague vaccine, unspecified","Plague vaccine, unspecified",abstract,,Yp
VAC1434,"Meningococcal A vaccine, unspecified","Meningococcal A vaccine, unspecified",abstract,,MenA
VAC1435,"Rabies vaccine, inactivated, whole virion, cell culture-based, unspecified","Rabies valence, inactivated, whole virion, cell culture-based, unspecified",abstract,,Rab-I-CC
VAC1436,"Rabies vaccine, inactivated, whole virion, prepared from animal brain tissue infected with rabies virus, unspecified","Rabies vaccine, inactivated, whole virion, prepared from animal brain tissue infected with rabies virus, unspecified",abstract,,Rab-I-NervousTissue
VAC1437,"Meningococcal vaccine, monovalent, conjugate","Meningococcal vaccine, monovalent, conjugate",deprecated,VAC0945,
VAC1438,"Influenza vaccine, trivalent, inactivated, fractionated or subunit, adjuvanted","Influenza vaccine, trivalent, inactivated, fractionated or subunit, adjuvanted",abstract,,INF-SUAnd3
VAC1439,"Meningococcal vaccine, polyvalent, conjugate polysaccharide","Meningococcal vaccine, polyvalent, conjugate polysaccharide",deprecated,VAC0945,
VAC1440,"Influenza vaccine, quadrivalent, inactivated, fractionated or subunit, adjuvanted, normal dose","Influenza valence, quadrivalent, inactivated, fractionated or subunit, adjuvanted, normal dose",abstract,,INF-SUAnd4
VAC1441,"Influenza vaccine, quadrivalent, inactivated, split or subunit, intradermal route, unspecified","Influenza vaccine, quadrivalent, inactivated, split or subunit, intradermal route, unspecified",abstract,,INF-SUid4
VAC1442,"Influenza vaccine, quadrivalent, virosomal, unspecified","Influenza vaccine, quadrivalent, virosomal, unspecified",abstract,,INF-V4
VAC1443,"Influenza vaccine, trivalent, virosomal, unspecified","Influenza vaccine, trivalent, virosomal, unspecified",abstract,,INF-V3
VAC1444,"Influenza vaccine, trivalent, VLP, unspecified","Influenza vaccine, trivalent, VLP, unspecified",abstract,,INF-VLP3
VAC1445,"Avian influenza vaccine, mRNA","Avian influenza vaccine, mRNA",abstract,,AH5N1-RNA
VAC1446,"Japanese encephalitis vaccine, inactivated, whole-virus, derived from Vero cells, 3 micrograms","Japanese encephalitis vaccine, inactivated, whole-virus, derived from Vero cells, 3 micrograms",abstract,,EJ-I-Vero-3
VAC1447,VACCIN BCG SYNTHAVERSE,Tuberculosis vaccine,real,VAC0134,
VAC1448,BCG VACCINE MERCK,Live attenuated tuberculosis vaccine,real,VAC0134,
VAC1449,DITANRIX-PEDIATRIC,"Paediatric diphtheria vaccine (toxoid, standard dose) and tetanus vaccine (toxoid)",real,VAC0137,
VAC1450,HEPACARE,"Recombinant hepatitis B vaccine, adult dose",real,VAC0915,
VAC1451,CHIROFLU,"Trivalent inactivated seasonal influenza vaccine, split virion",real,VAC0925,
VAC1452,SCI-B-VAC,"Recombinant hepatitis B vaccine, three antigens (HbS, pre-S1 and pre-S2)",real,VAC1145,
VAC1453,INVIVAC,"Influenza vaccine, trivalent, virosomal, unspecified",real,VAC1443,
VAC1454,PRIMAVAX,"Diphtheria vaccine (anatoxin, standard dose), tetanus vaccine (anatoxin) and hepatitis B vaccine",real,VAC1552,
VAC1455,MENGIVAC A + C,"Unconjugated meningococcal polysaccharide vaccine, serogroups A and C",real,VAC0151,
VAC1456,WYVAC,"Whole virion inactivated rabies vaccine, prepared in MRC5 cells",real,VAC0943,
VAC1457,TETRA-SOLGEN,"Pediatric diphtheria (toxoid, standard dose), tetanus (toxoid), pertussis (whole inactivated), and polio (whole inactivated, trivalent) vaccine",real,VAC1151,
VAC1458,TRIDIPIGEN,"Paediatric diphtheria vaccine (toxoid, standard dose), tetanus vaccine (toxoid) and pertussis vaccine (whole inactivated)",real,VAC0136,
VAC1459,TRINFAGEN N0.1,"Diphtheria toxoid (standard dose), tetanus toxoid and inactivated polio (trivalent) pediatric vaccine",real,VAC0088,
VAC1460,SOLGEN,"Paediatric diphtheria vaccine (toxoid, standard dose), tetanus vaccine (toxoid) and pertussis vaccine (whole inactivated)",real,VAC0136,
VAC1461,DIFTET,"Paediatric diphtheria vaccine (toxoid, standard dose) and tetanus vaccine (toxoid)",real,VAC0137,
VAC1462,PNU-IMUNE 14,"Pneumococcal unconjugated polysaccharide vaccine, 23-valent, serotypes 1, 2, 3, 4, 5, 6B, 7F, 8, 9N, 9V, 10A, 11A, 12F, 14, 15B, 17F, 18C, 19A, 19F, 20, 22F, 23F and 33F",real,VAC1551,
VAC1463,FREEZE-DRIED BCG VACCINE JAPAN,Tuberculosis vaccine,real,VAC0134,
VAC1464,FLUBRON VACCINE,"Seasonal influenza vaccine, whole inactivated",real,VAC0820,
VAC1465,PERDIPIGEN,"Paediatric diphtheria vaccine (toxoid, standard dose) and pertussis (whole-cell inactivated)",real,VAC1549,
VAC1466,COMIRNATY LP.8.1 30 µg,"COVID-19 mRNA vaccine, subvariant Omicron LP.8.1, 30 micrograms, adult (+ 12 years)",real,VAC1471,
VAC1467,COMIRNATY LP.8.1 3 µg,"COVID-19 mRNA vaccine, subvariant Omicron LP.8.1, 3 micrograms, paediatric dose (6 months-4 years)",real,VAC1470,
VAC1468,COMIRNATY LP.8.1 10 µg,"COVID-19 mRNA vaccine, subvariant Omicron LP.8.1, 10 micrograms, paediatric dose (5-11 years)",real,VAC1472,
VAC1469,mNEXSPIKE,"COVID-19 mRNA vaccine, encoding fragments (NTD and RBD) of the SARS-CoV-2 spike protein, Omicron LP.8.1 subvariant",real,VAC1473,
VAC1470,"COVID-19 mRNA vaccine, subvariant Omicron LP.8.1, 3 micrograms, paediatric dose (6 months-4 years)","COVID-19 mRNA vaccine, subvariant Omicron LP.8.1, 3 micrograms, paediatric dose (6 months-4 years)",abstract,,Covid-ARNm-S-OMI-LP.8.1-3
VAC1471,"COVID-19 mRNA vaccine, subvariant Omicron LP.8.1, 30 micrograms, adult (+ 12 years)","COVID-19 mRNA vaccine, subvariant Omicron LP.8.1, 30 micrograms, adult (+ 12 years)",abstract,,Covid-ARNm-S-OMI-LP.8.1-30
VAC1472,"COVID-19 mRNA vaccine, subvariant Omicron LP.8.1, 10 micrograms, paediatric dose (5-11 years)","COVID-19 mRNA vaccine, subvariant Omicron LP.8.1, 10 micrograms, paediatric dose (5-11 years)",abstract,,Covid-ARNm-S-OMI-LP.8.1-10
VAC1473,"COVID-19 mRNA vaccine, encoding a fragment of the SARS-CoV-2 spike protein, Omicron LP.8.1 subvariant","COVID-19 mRNA vaccine, encoding a fragment of the SARS-CoV-2 spike protein, Omicron LP.8.1 subvariant",abstract,,Covid-ARNm-S-frag-OMI-LP.8.1
VAC1474,ENFLONSIA (clesrovimab),Human RSV monoclonal antibody,real,VAC1475,
VAC1475,"Human monoclonal antibody against respiratory syncytial virus (RSV), clesrovimab, unspecified","Human monoclonal antibody against respiratory syncytial virus (RSV), clesrovimab, unspecified",abstract,,VRS-mAb-cle
VAC1476,"Meningococcal vaccine against A, C, W, Y (conjugated polysaccharide) and B","Meningococcal vaccine against A, C, W, Y (conjugated polysaccharide) and B",abstract,,MCV-A|MCV-C|MCV-Y|MenB|MCV-W
VAC1477,ENCEPUR N CHILDREN,"Tick-borne encephalitis vaccine, whole-virus inactivated, K23 strain, 0,25 mL",real,VAC1550,
VAC1478,SYNAGIS 50 mg (PALIZIVUMAB),hRSV monoclonal antibody,real,VAC1222,
VAC1479,VACPERTAGEN,"Pertussis vaccine (recombinant, acellular, reduced-dose, bivalent, adsorbed).",real,VAC1232,
VAC1480,PNEUMOVAX 23,"Unconjugated pneumococcal polysaccharide vaccine, 23-valent, serotypes 1, 2, 3, 4, 5, 6B, 7F, 8, 9N, 9V, 10A, 11A, 12F, 14, 15B, 17F, 18C, 19A, 19F, 20, 22F, 23F and 33F",real,VAC0339,
VAC1481,FLUVACCINOL,"Trivalent inactivated seasonal influenza vaccine, surface antigen, adult dose",real,VAC0925,
VAC1482,IMMUNOGLOBULINE HUMAINE DE L'HÉPATITE B LFB,Hepatitis b immune globulin (human),real,VAC0863,
VAC1483,ENCEPUR N,"Tick-borne encephalitis vaccine, whole-virus inactivated, K23 strain",real,VAC1533,
VAC1484,HEPRECOMB CHILDREN,"Recombinant hepatitis B vaccine, pediatric dose",real,VAC1227,
VAC1485,GEN H-B-Vax 5,"Recombinant hepatitis B vaccine, pediatric dose",real,VAC1227,
VAC1486,GEN H-B-Vax 10,Recombinant hepatitis B vaccine with 10 micrograms of HBs antigen for use from the age of 11 years,real,VAC0914,
VAC1487,PREVENAR-7,"Pneumococcal conjugate vaccine, 7-valent, adsorbed, serotypes 4, 6B, 9V, 14, 18C, 19F and 23F",real,VAC0324,
VAC1488,POLIORIX,Inactivated polio (trivalent) vaccine,real,VAC0270,
VAC1489,CELTURA,"Pandemic influenza A(H1N1)pdm09 vaccine, inactivated",real,VAC0147,
VAC1490,ALMEVAX,Live attenuated rubella vaccine,real,VAC0113,
VAC1491,RUBEVAC,Live attenuated rubella vaccine,real,VAC0113,
VAC1492,POLYOMYELITIS IMPFSTOFF BERNA,Inactivated polio (trivalent) vaccine,real,VAC0270,
VAC1493,ACEL P,"Acellular pertussis vaccine, standard dose",real,VAC1167,
VAC1494,DITEBOOSTER,Diphtheria toxoid (low dose) and tetanus toxoid vaccine,real,VAC0920,
VAC1495,POLIO KOPROWSKI K1-K2-K3,"Polio vaccine (live attenuated, trivalent) against polioviruses 1, 2 and 3, oral",real,VAC0320,
VAC1496,POLIO LILLY,Inactivated polio (trivalent) vaccine,real,VAC0270,
VAC1497,TD-VIRELON,"Diphtheria toxoid (low dose), tetanus toxoid and inactivated polio (trivalent) vaccine",real,VAC0549,
VAC1498,EPIVACCORONA-N,"COVID-19 protein subunit vaccine, recombinant protein",real,VAC1113,
VAC1499,SPUTNIK-M,"COVID-19 vaccine, non-replicating viral vector, adenovirus 6 encoding the SARS-CoV-2 spike protein, intended for adolescents",real,VAC1143,
VAC1500,COMIRNATY LP.8.1 50 µg,"COVID-19 mRNA vaccine, subvariant Omicron LP.8.1, 50 micrograms",real,VAC1546,
VAC1501,SPIKEVAX LP.8.1 25 µg,"COVID-19 mRNA vaccine, subvariant Omicron LP.8.1, 25 micrograms",real,VAC1545,
VAC1502,BIMERVAX LP.8.1,"COVID-19 vaccine, protein subunit, recombinant spike protein (RBD), Omicron LP.8.1 subvariant",real,VAC1503,
VAC1503,"COVID-19 vaccine, protein subunit, recombinant spike protein (RBD), Omicron LP.8.1 subvariant","COVID-19 vaccine, protein subunit, recombinant spike protein (RBD), Omicron LP.8.1 subvariant",abstract,,Covid-SP-rRBD-LP.8.1
VAC1504,TD-PUR,Diphtheria toxoid (low dose) and tetanus toxoid vaccine,real,VAC0920,
VAC1505,SCTV01C,"COVID-19 protein subunit vaccine, recombinant protein",real,VAC1113,
VAC1506,STROVAC,"Urinary tract infections vaccine, Escherichia coli, Klebsiella pneumoniæ, Enterococcus fæcalis, Morganella morganii, Proteus mirabilis",real,VAC1553,
VAC1507,BUTANTAN-DV,"Live-attenuated, recombinant chimeric, quadrivalent vaccine against the four serotypes (DEN-1, DEN-2, DEN-3 and DEN-4) of the dengue virus",real,VAC1544,
VAC1508,BUTANTAN HEP A,Inactivated hepatitis A vaccine,real,VAC0102,
VAC1509,BUTANTAN HEP B,"Hepatitis B vaccine, recombinant hepatitis B surface antigen (HBsAg), unspecified",real,VAC0101,
VAC1510,BUTANTAN HPV,"Human Papillomavirus vaccine, quadrivalent (types 6, 11, 16, and 18), recombinant",real,VAC0859,
VAC1511,BUTANTAN DT,"Paediatric diphtheria vaccine (toxoid, standard dose) and tetanus vaccine (toxoid)",real,VAC0137,
VAC1512,BUTANTAN DT ADULT,Diphtheria toxoid (low dose) and tetanus toxoid vaccine,real,VAC0920,
VAC1513,BUTANTAN DTP,"Diphtheria toxoid (standard dose), tetanus toxoid and pertussis (whole-cell inactivated) pediatric vaccine",real,VAC0136,
VAC1514,BUTANTAN DTAP,"Diphtheria toxoid (low dose), tetanus toxoid and pertussis toxoid (acellular, low dose) vaccine",real,VAC0610,
VAC1515,BUTANTAN RABIES,"Whole virion inactivated rabies vaccine, cultured on Vero cells",real,VAC1116,
VAC1516,BUTANTAN INFLUENZA,"Trivalent inactivated seasonal influenza vaccine, split virion",real,VAC0925,
VAC1517,AUJEMFLU,"Influenza vaccine, trivalent, inactivated, fractionated or subunit, adjuvanted",real,VAC1438,
VAC1518,MFLUSIVA,"Influenza vaccine, trivalent, messenger RNA",real,VAC1548,
VAC1519,COMIRNATY XFG 10 µg,"COVID-19 mRNA vaccine, subvariant Omicron XFG, 10 micrograms, paediatric dose (5-11 years)",real,VAC1521,
VAC1520,COMIRNATY XFG 30 µg,"COVID-19 mRNA vaccine, subvariant Omicron XFG, 30 micrograms, adult (+ 12 years)",real,VAC1522,
VAC1521,"COVID-19 mRNA vaccine, subvariant Omicron XFG, 10 micrograms, paediatric dose (5-11 years)","COVID-19 mRNA vaccine, subvariant Omicron XFG, 10 micrograms, paediatric dose (5-11 years)",abstract,,Covid-ARNm-S-OMI-XFG-10
VAC1522,"COVID-19 mRNA vaccine, subvariant Omicron LP.8.1, 30 micrograms, adult (+ 12 years)","COVID-19 mRNA vaccine, subvariant Omicron XFG, 30 micrograms, adult (+ 12 years)",abstract,,Covid-ARNm-S-OMI-XFG-30
VAC1523,KEYTRUDA,"Melanoma vaccine, messenger RNA, individualized neoantigens",real,VAC1524,
VAC1524,"Melanoma vaccine, messenger RNA, individualized neoantigens","Melanoma vaccine, messenger RNA, individualized neoantigens",abstract,,MEL-ARNI
VAC1525,NUVAXOVID XFG,"COVID-19 vaccine, protein subunit, recombinant spike protein nanoparticles, with adjuvant (Matrix M), Omicron XFG subvariant",real,VAC1528,
VAC1526,BIMERVAX XFG.1.1,"COVID-19 protein subunit vaccine, recombinant spike protein (RBD domain), with adjuvant (SQBA), Omicron XFG.1.1 subvariant.",real,VAC1527,
VAC1527,"COVID-19 protein subunit vaccine, recombinant spike protein (RBD domain), with adjuvant (SQBA), Omicron XFG.1.1 subvariant.","COVID-19 protein subunit vaccine, recombinant spike protein (RBD domain), with adjuvant (SQBA), Omicron XFG.1.1 subvariant.",abstract,,Covid-SP-rRBD-XFG
VAC1528,"COVID-19 vaccine, protein subunit, recombinant spike protein nanoparticles, with adjuvant (Matrix M), Omicron XFG subvariant","COVID-19 vaccine, protein subunit, recombinant spike protein nanoparticles, with adjuvant (Matrix M), Omicron XFG subvariant",abstract,,Covid-SP-rSnp-XFG
VAC1529,SPIKEVAX XFG 25 µg,"COVID-19 mRNA vaccine, subvariant Omicron XFG, 25 micrograms",real,VAC1532,
VAC1530,SPIKEVAX XFG 50 µg,"COVID-19 mRNA vaccine, subvariant Omicron XFG, 50 micrograms",real,VAC1531,
VAC1531,"COVID-19 mRNA vaccine, subvariant Omicron XFG, 50 micrograms","COVID-19 mRNA vaccine, subvariant Omicron XFG, 50 micrograms",abstract,,MPV-mono
VAC1532,"COVID-19 mRNA vaccine, subvariant Omicron XFG, 25 micrograms","COVID-19 mRNA vaccine, subvariant Omicron XFG, 25 micrograms",abstract,,MCV-mono
VAC1533,"Tick-borne encephalitis vaccine, whole-virus inactivated, K23 strain","Tick-borne encephalitis vaccine, whole-virus inactivated, K23 strain",abstract,,TBE-K23-50
VAC1534,"Trivalent inactivated seasonal influenza vaccine, split virion, pediatric form","Trivalent inactivated seasonal influenza vaccine, split virion, pediatric form",abstract,,INF-SUped3
VAC1535,"COVID-19 vaccine, protein subunit, recombinant spike protein, with adjuvant unspecified","COVID-19 vaccine, protein subunit, recombinant spike protein, with adjuvant unspecified",abstract,,COVID-PS-rRBD|COVID-PS-rS
VAC1536,"COVID-19 mRNA vaccine, bivalent, original virus + Omicron variant, 50 micrograms each","COVID-19 mRNA vaccine, bivalent, original virus + Omicron variant, 50 micrograms each",abstract,,Covid-mRNA-S-50|Covid-ARNm-S-OMI-BA.1-50
VAC1537,"Cholera vaccine, oral, containing formalin-inactivated whole V. cholerae O1 bacteria","Cholera vaccine, oral, containing formalin-inactivated whole V. cholerae O1 bacteria",abstract,,CHOL-I-O1-O
VAC1538,"COVID-19 bivalent mRNA vaccine, original virus + Omicron BA.1 variant, 25 micrograms each","COVID-19 bivalent mRNA vaccine, original virus + Omicron BA.1 variant, 25 micrograms each",abstract,,COVID-mRNA-S-OMI-BA.1-25|Covid-mRNA-S-ORI-25
VAC1539,"Meningococcal broad-spectrum vaccine against serogroups A, B, C, W and Y","Meningococcal broad-spectrum vaccine against serogroups A, B, C, W and Y",abstract,,4CMenB|MCV-C-CRM|MCV-A-CRM|MCV-W-CRM|MCV-Y-CRM
VAC1540,"Typhoid and tetanus vaccine, injectable suspension","Typhoid and tetanus vaccine, injectable suspension",abstract,,Ty|T
VAC1541,"Influenza quadrivalent inactivated vaccine, split or subunit, unspecified","Influenza quadrivalent inactivated vaccine, split or subunit, unspecified",abstract,,INF-SU4
VAC1542,"Typhoid conjugate to diphtheria toxoid vaccine, unspecified","Typhoid conjugate to diphtheria toxoid vaccine, unspecified",abstract,,Ty-ViC-D
VAC1543,"Malaria vaccine sporozoite surface protein, unspecified","Malaria vaccine sporozoite surface protein, unspecified",abstract,,Mala-SPO
VAC1544,"Dengue vaccine, live-attenuated, recombinant chimeric, quadrivalent against the four serotypes (DEN-1, DEN-2, DEN-3 and DEN-4)","Dengue vaccine, live-attenuated, recombinant chimeric, quadrivalent against the four serotypes (DEN-1, DEN-2, DEN-3 and DEN-4)",abstract,,DENV2LAV|DENV1rCH|DENV3rCH|DENV4rCH
VAC1545,"COVID-19 vaccine, Omicron variant LP.8.1, mRNA encoding the SARS-CoV-2 spike protein, 25 micrograms","COVID-19 vaccine, Omicron variant LP.8.1, mRNA encoding the SARS-CoV-2 spike protein, 25 micrograms",abstract,,Covid-ARNm-S-OMI-LP.8.1-25
VAC1546,"COVID-19 vaccine, Omicron variant LP.8.1, mRNA encoding the SARS-CoV-2 spike protein, 50 micrograms.","COVID-19 vaccine, Omicron variant LP.8.1, mRNA encoding the SARS-CoV-2 spike protein, 50 micrograms.",abstract,,Covid-ARNm-S-OMI-LP.8.1-50
VAC1547,"Diphtheria toxoid (standard dose), tetanus toxoid, pertussis (whole cell), Haemophilus influenzae type b (conjugated to tetanus toxoid), inactivated polio (trivalent) and hepatitis B (recombinant) pediatric vaccine, adsorbed","Diphtheria toxoid (standard dose), tetanus toxoid, pertussis (whole cell), Haemophilus influenzae type b (conjugated to tetanus toxoid), inactivated polio (trivalent) and hepatitis B (recombinant) pediatric vaccine, adsorbed",abstract,,wP|POLIO-I|T|D|rHBsAg-10|PRP-T
VAC1548,"Influenza vaccine, RNA-based, trivalent, unspecified","Influenza vaccine, RNA-based, trivalent, unspecified",abstract,,Inf-RNA3
VAC1549,"Diphtheria vaccine (toxoid, standard dose) and pertussis (whole-cell inactivated), paediatric","Diphtheria vaccine (toxoid, standard dose) and pertussis (whole-cell inactivated), paediatric",abstract,,wP|T
VAC1550,"Tick-borne encephalitis vaccine, whole-virus inactivated, K23 strain, 0,25 mL","Tick-borne encephalitis vaccine, whole-virus inactivated, K23 strain, 0,25 mL",abstract,,TBE-K23-25
VAC1551,"Pneumococcal unconjugated polysaccharide vaccine, 23-valent, serotypes 1, 2, 3, 4, 5, 6B, 7F, 8, 9N, 9V, 10A, 11A, 12F, 14, 15B, 17F, 18C, 19A, 19F, 20, 22F, 23F and 33F","Pneumococcal unconjugated polysaccharide vaccine, 23-valent, serotypes 1, 2, 3, 4, 5, 6B, 7F, 8, 9N, 9V, 10A, 11A, 12F, 14, 15B, 17F, 18C, 19A, 19F, 20, 22F, 23F and 33F",abstract,,PPSV-01|PPSV-02|PPSV-03|PPSV-04|PPSV-05|PPSV-06B|PPSV-07F|PPSV-08|PPSV-09N|PPSV-12F|PPSV-14|PPSV-18C|PPSV-19F|PPSV-06A
VAC1552,"Diphtheria vaccine (anatoxin, standard dose), tetanus vaccine (anatoxin) and hepatitis B vaccine","Diphtheria vaccine (anatoxin, standard dose), tetanus vaccine (anatoxin) and hepatitis B vaccine",abstract,,T|rHBsAg|D
VAC1553,"Urinary tract infections vaccine, Escherichia coli, Klebsiella pneumoniæ, Enterococcus fæcalis, Morganella morganii, Proteus mirabilis","Urinary tract infections vaccine, Escherichia coli, Klebsiella pneumoniæ, Enterococcus fæcalis, Morganella morganii, Proteus mirabilis",abstract,,Eco|Kpn|Efa|Mmo|Pmi
VAC1554,VAXRABEO,"Whole inactivated rabies vaccine, prepared in Vero cell culture (PVRV), Wistar strain, inactivation by ß-propiolactone",real,VAC1116,
VAC1555,"Non-HPV-related squamous cell carcinomas of the head and neck vaccine, unspecified","Non-HPV-related squamous cell carcinomas of the head and neck vaccine, unspecified",abstract,,HNSCC-HPVneg
VAC1556,TG4050,"Non-HPV-related squamous cell carcinomas of the head and neck vaccine, unspecified",real,VAC1555,
VAC1557,"Influenza vaccine, trivalent, inactivated, split or subunit, unspecified","Influenza vaccine, trivalent, inactivated, split or subunit, unspecified",abstract,,INF-ESU3
